
> frontend@0.1.0 start
> react-scripts start

(node:29590) [DEP_WEBPACK_DEV_SERVER_ON_AFTER_SETUP_MIDDLEWARE] DeprecationWarning: 'onAfterSetupMiddleware' option is deprecated. Please use the 'setupMiddlewares' option.
(Use `node --trace-deprecation ...` to show where the warning was created)
(node:29590) [DEP_WEBPACK_DEV_SERVER_ON_BEFORE_SETUP_MIDDLEWARE] DeprecationWarning: 'onBeforeSetupMiddleware' option is deprecated. Please use the 'setupMiddlewares' option.
Starting the development server...

Compiled successfully!

You can now view frontend in the browser.

  Local:            http://localhost:3000
  On Your Network:  http://192.168.0.2:3000

Note that the development build is not optimized.
To create a production build, use npm run build.

webpack compiled successfully
ERROR in src/pages/MRIAnalysis.tsx:68:9
TS2769: No overload matches this call.
  Overload 1 of 2, '(props: { component: ElementType<any, keyof IntrinsicElements>; } & GridBaseProps & { sx?: SxProps<Theme> | undefined; } & SystemProps<...> & Omit<...>): Element | null', gave the following error.
    Property 'component' is missing in type '{ children: (Element | null)[]; item: true; xs: number; md: number; }' but required in type '{ component: ElementType<any, keyof IntrinsicElements>; }'.
  Overload 2 of 2, '(props: DefaultComponentProps<GridTypeMap<{}, "div">>): Element | null', gave the following error.
    Type '{ children: (Element | null)[]; item: true; xs: number; md: number; }' is not assignable to type 'IntrinsicAttributes & GridBaseProps & { sx?: SxProps<Theme> | undefined; } & SystemProps<Theme> & Omit<...>'.
      Property 'item' does not exist on type 'IntrinsicAttributes & GridBaseProps & { sx?: SxProps<Theme> | undefined; } & SystemProps<Theme> & Omit<...>'.
    66 |
    67 |       <Grid container spacing={4}>
  > 68 |         <Grid item xs={12} md={6}>
       |         ^^^^^^^^^^^^^^^^^^^^^^^^^^
    69 |           <Paper sx={{ p: 4, borderRadius: 4, textAlign: 'center', border: '2px dashed rgba(0,0,0,0.1)', bgcolor: 'rgba(0,0,0,0.01)' }}>
    70 |             <input
    71 |               accept="image/*"

ERROR in src/pages/MRIAnalysis.tsx:111:9
TS2769: No overload matches this call.
  Overload 1 of 2, '(props: { component: ElementType<any, keyof IntrinsicElements>; } & GridBaseProps & { sx?: SxProps<Theme> | undefined; } & SystemProps<...> & Omit<...>): Element | null', gave the following error.
    Property 'component' is missing in type '{ children: Element; item: true; xs: number; md: number; }' but required in type '{ component: ElementType<any, keyof IntrinsicElements>; }'.
  Overload 2 of 2, '(props: DefaultComponentProps<GridTypeMap<{}, "div">>): Element | null', gave the following error.
    Type '{ children: Element; item: true; xs: number; md: number; }' is not assignable to type 'IntrinsicAttributes & GridBaseProps & { sx?: SxProps<Theme> | undefined; } & SystemProps<Theme> & Omit<...>'.
      Property 'item' does not exist on type 'IntrinsicAttributes & GridBaseProps & { sx?: SxProps<Theme> | undefined; } & SystemProps<Theme> & Omit<...>'.
    109 |         </Grid>
    110 |
  > 111 |         <Grid item xs={12} md={6}>
        |         ^^^^^^^^^^^^^^^^^^^^^^^^^^
    112 |           <Card sx={{ borderRadius: 4, height: '100%', boxShadow: '0 4px 20px rgba(0,0,0,0.05)' }}>
    113 |             <CardContent sx={{ p: 4 }}>
    114 |               <Typography variant="h6" sx={{ mb: 3, fontWeight: 'bold' }}>Analysis Result</Typography>

Compiling...
Failed to compile.

Attempted import error: 'Grid2' is not exported from '@mui/material' (imported as 'Grid').
ERROR in ./src/pages/MRIAnalysis.tsx 65:35-39
export 'Grid2' (imported as 'Grid') was not found in '@mui/material' (possible exports: Accordion, AccordionActions, AccordionDetails, AccordionSummary, Alert, AlertTitle, AppBar, Autocomplete, Avatar, AvatarGroup, Backdrop, Badge, BottomNavigation, BottomNavigationAction, Box, Breadcrumbs, Button, ButtonBase, ButtonGroup, ButtonGroupButtonContext, ButtonGroupContext, Card, CardActionArea, CardActions, CardContent, CardHeader, CardMedia, Checkbox, Chip, CircularProgress, ClickAwayListener, Collapse, Container, CssBaseline, CssVarsProvider, Dialog, DialogActions, DialogContent, DialogContentText, DialogTitle, Divider, Drawer, Experimental_CssVarsProvider, Fab, Fade, FilledInput, FormControl, FormControlLabel, FormGroup, FormHelperText, FormLabel, FormLabelRoot, GlobalStyles, Grid, GridLegacy, Grow, Icon, IconButton, ImageList, ImageListItem, ImageListItemBar, InitColorSchemeScript, Input, InputAdornment, InputBase, InputLabel, LinearProgress, Link, List, ListItem, ListItemAvatar, ListItemButton, ListItemIcon, ListItemSecondaryAction, ListItemText, ListSubheader, Menu, MenuItem, MenuList, MobileStepper, Modal, ModalManager, NativeSelect, NoSsr, OutlinedInput, Pagination, PaginationItem, Paper, Popover, PopoverPaper, PopoverRoot, Popper, Portal, Radio, RadioGroup, Rating, ScopedCssBaseline, Select, Skeleton, Slide, Slider, SliderMark, SliderMarkLabel, SliderRail, SliderRoot, SliderThumb, SliderTrack, SliderValueLabel, Snackbar, SnackbarContent, SpeedDial, SpeedDialAction, SpeedDialIcon, Stack, Step, StepButton, StepConnector, StepContent, StepContext, StepIcon, StepLabel, Stepper, StepperContext, StyledEngineProvider, SvgIcon, SwipeableDrawer, Switch, THEME_ID, Tab, TabScrollButton, Table, TableBody, TableCell, TableContainer, TableFooter, TableHead, TablePagination, TablePaginationActions, TableRow, TableSortLabel, Tabs, TextField, TextareaAutosize, ThemeProvider, ToggleButton, ToggleButtonGroup, Toolbar, Tooltip, Typography, Unstable_TrapFocus, Zoom, accordionActionsClasses, accordionClasses, accordionDetailsClasses, accordionSummaryClasses, adaptV4Theme, alertClasses, alertTitleClasses, alpha, appBarClasses, autocompleteClasses, avatarClasses, avatarGroupClasses, backdropClasses, badgeClasses, bottomNavigationActionClasses, bottomNavigationClasses, boxClasses, breadcrumbsClasses, buttonBaseClasses, buttonClasses, buttonGroupClasses, capitalize, cardActionAreaClasses, cardActionsClasses, cardClasses, cardContentClasses, cardHeaderClasses, cardMediaClasses, checkboxClasses, chipClasses, circularProgressClasses, collapseClasses, colors, containerClasses, createChainedFunction, createColorScheme, createFilterOptions, createStyles, createSvgIcon, createTheme, createTransitions, css, darkScrollbar, darken, debounce, decomposeColor, deprecatedPropType, dialogActionsClasses, dialogClasses, dialogContentClasses, dialogContentTextClasses, dialogTitleClasses, dividerClasses, drawerClasses, duration, easing, emphasize, experimental_extendTheme, experimental_sx, extendTheme, fabClasses, filledInputClasses, formControlClasses, formControlLabelClasses, formGroupClasses, formHelperTextClasses, formLabelClasses, generateUtilityClass, generateUtilityClasses, getAccordionActionsUtilityClass, getAccordionDetailsUtilityClass, getAccordionSummaryUtilityClass, getAccordionUtilityClass, getAlertTitleUtilityClass, getAlertUtilityClass, getAppBarUtilityClass, getAutocompleteUtilityClass, getAvatarGroupUtilityClass, getAvatarUtilityClass, getBackdropUtilityClass, getBadgeUtilityClass, getBottomNavigationActionUtilityClass, getBottomNavigationUtilityClass, getBreadcrumbsUtilityClass, getButtonBaseUtilityClass, getButtonGroupUtilityClass, getButtonUtilityClass, getCardActionAreaUtilityClass, getCardActionsUtilityClass, getCardContentUtilityClass, getCardHeaderUtilityClass, getCardMediaUtilityClass, getCardUtilityClass, getCheckboxUtilityClass, getChipUtilityClass, getCircularProgressUtilityClass, getCollapseUtilityClass, getContainerUtilityClass, getContrastRatio, getDialogActionsUtilityClass, getDialogContentTextUtilityClass, getDialogContentUtilityClass, getDialogTitleUtilityClass, getDialogUtilityClass, getDividerUtilityClass, getDrawerUtilityClass, getFabUtilityClass, getFilledInputUtilityClass, getFormControlLabelUtilityClasses, getFormControlUtilityClasses, getFormGroupUtilityClass, getFormHelperTextUtilityClasses, getFormLabelUtilityClasses, getGridUtilityClass, getIconButtonUtilityClass, getIconUtilityClass, getImageListItemBarUtilityClass, getImageListItemUtilityClass, getImageListUtilityClass, getInitColorSchemeScript, getInputAdornmentUtilityClass, getInputBaseUtilityClass, getInputLabelUtilityClasses, getInputUtilityClass, getLinearProgressUtilityClass, getLinkUtilityClass, getListItemAvatarUtilityClass, getListItemButtonUtilityClass, getListItemIconUtilityClass, getListItemSecondaryActionClassesUtilityClass, getListItemTextUtilityClass, getListItemUtilityClass, getListSubheaderUtilityClass, getListUtilityClass, getLuminance, getMenuItemUtilityClass, getMenuUtilityClass, getMobileStepperUtilityClass, getModalUtilityClass, getNativeSelectUtilityClasses, getOffsetLeft, getOffsetTop, getOutlinedInputUtilityClass, getOverlayAlpha, getPaginationItemUtilityClass, getPaginationUtilityClass, getPaperUtilityClass, getPopoverUtilityClass, getPopperUtilityClass, getRadioGroupUtilityClass, getRadioUtilityClass, getRatingUtilityClass, getScopedCssBaselineUtilityClass, getSelectUtilityClasses, getSkeletonUtilityClass, getSliderUtilityClass, getSnackbarContentUtilityClass, getSnackbarUtilityClass, getSpeedDialActionUtilityClass, getSpeedDialIconUtilityClass, getSpeedDialUtilityClass, getStepButtonUtilityClass, getStepConnectorUtilityClass, getStepContentUtilityClass, getStepIconUtilityClass, getStepLabelUtilityClass, getStepUtilityClass, getStepperUtilityClass, getSvgIconUtilityClass, getSwitchUtilityClass, getTabScrollButtonUtilityClass, getTabUtilityClass, getTableBodyUtilityClass, getTableCellUtilityClass, getTableContainerUtilityClass, getTableFooterUtilityClass, getTableHeadUtilityClass, getTablePaginationUtilityClass, getTableRowUtilityClass, getTableSortLabelUtilityClass, getTableUtilityClass, getTabsUtilityClass, getTextFieldUtilityClass, getToggleButtonGroupUtilityClass, getToggleButtonUtilityClass, getToolbarUtilityClass, getTooltipUtilityClass, getTouchRippleUtilityClass, getTypographyUtilityClass, gridClasses, hexToRgb, hslToRgb, iconButtonClasses, iconClasses, imageListClasses, imageListItemBarClasses, imageListItemClasses, inputAdornmentClasses, inputBaseClasses, inputClasses, inputLabelClasses, isMuiElement, keyframes, lighten, linearProgressClasses, linkClasses, listClasses, listItemAvatarClasses, listItemButtonClasses, listItemClasses, listItemIconClasses, listItemSecondaryActionClasses, listItemTextClasses, listSubheaderClasses, major, makeStyles, menuClasses, menuItemClasses, mergeSlotProps, minor, mobileStepperClasses, modalClasses, nativeSelectClasses, outlinedInputClasses, ownerDocument, ownerWindow, paginationClasses, paginationItemClasses, paperClasses, patch, popoverClasses, prerelease, private_createMixins, private_createTypography, private_excludeVariablesFromRoot, radioClasses, radioGroupClasses, ratingClasses, recomposeColor, requirePropFactory, responsiveFontSizes, rgbToHex, scopedCssBaselineClasses, selectClasses, setRef, shouldSkipGeneratingVar, skeletonClasses, sliderClasses, snackbarClasses, snackbarContentClasses, speedDialActionClasses, speedDialClasses, speedDialIconClasses, stackClasses, stepButtonClasses, stepClasses, stepConnectorClasses, stepContentClasses, stepIconClasses, stepLabelClasses, stepperClasses, styled, svgIconClasses, switchClasses, tabClasses, tabScrollButtonClasses, tableBodyClasses, tableCellClasses, tableClasses, tableContainerClasses, tableFooterClasses, tableHeadClasses, tablePaginationActionsClasses, tablePaginationClasses, tableRowClasses, tableSortLabelClasses, tabsClasses, textFieldClasses, toggleButtonClasses, toggleButtonGroupClasses, toolbarClasses, tooltipClasses, touchRippleClasses, typographyClasses, unstable_ClassNameGenerator, unstable_composeClasses, unstable_createBreakpoints, unstable_createMuiStrictModeTheme, unstable_getUnit, unstable_memoTheme, unstable_toUnitless, unstable_useEnhancedEffect, unstable_useId, unsupportedProp, useAutocomplete, useColorScheme, useControlled, useEventCallback, useForkRef, useFormControl, useMediaQuery, usePagination, useRadioGroup, useScrollTrigger, useStepContext, useStepperContext, useTheme, useThemeProps, version, withStyles, withTheme)

ERROR in ./src/pages/MRIAnalysis.tsx 68:38-42
export 'Grid2' (imported as 'Grid') was not found in '@mui/material' (possible exports: Accordion, AccordionActions, AccordionDetails, AccordionSummary, Alert, AlertTitle, AppBar, Autocomplete, Avatar, AvatarGroup, Backdrop, Badge, BottomNavigation, BottomNavigationAction, Box, Breadcrumbs, Button, ButtonBase, ButtonGroup, ButtonGroupButtonContext, ButtonGroupContext, Card, CardActionArea, CardActions, CardContent, CardHeader, CardMedia, Checkbox, Chip, CircularProgress, ClickAwayListener, Collapse, Container, CssBaseline, CssVarsProvider, Dialog, DialogActions, DialogContent, DialogContentText, DialogTitle, Divider, Drawer, Experimental_CssVarsProvider, Fab, Fade, FilledInput, FormControl, FormControlLabel, FormGroup, FormHelperText, FormLabel, FormLabelRoot, GlobalStyles, Grid, GridLegacy, Grow, Icon, IconButton, ImageList, ImageListItem, ImageListItemBar, InitColorSchemeScript, Input, InputAdornment, InputBase, InputLabel, LinearProgress, Link, List, ListItem, ListItemAvatar, ListItemButton, ListItemIcon, ListItemSecondaryAction, ListItemText, ListSubheader, Menu, MenuItem, MenuList, MobileStepper, Modal, ModalManager, NativeSelect, NoSsr, OutlinedInput, Pagination, PaginationItem, Paper, Popover, PopoverPaper, PopoverRoot, Popper, Portal, Radio, RadioGroup, Rating, ScopedCssBaseline, Select, Skeleton, Slide, Slider, SliderMark, SliderMarkLabel, SliderRail, SliderRoot, SliderThumb, SliderTrack, SliderValueLabel, Snackbar, SnackbarContent, SpeedDial, SpeedDialAction, SpeedDialIcon, Stack, Step, StepButton, StepConnector, StepContent, StepContext, StepIcon, StepLabel, Stepper, StepperContext, StyledEngineProvider, SvgIcon, SwipeableDrawer, Switch, THEME_ID, Tab, TabScrollButton, Table, TableBody, TableCell, TableContainer, TableFooter, TableHead, TablePagination, TablePaginationActions, TableRow, TableSortLabel, Tabs, TextField, TextareaAutosize, ThemeProvider, ToggleButton, ToggleButtonGroup, Toolbar, Tooltip, Typography, Unstable_TrapFocus, Zoom, accordionActionsClasses, accordionClasses, accordionDetailsClasses, accordionSummaryClasses, adaptV4Theme, alertClasses, alertTitleClasses, alpha, appBarClasses, autocompleteClasses, avatarClasses, avatarGroupClasses, backdropClasses, badgeClasses, bottomNavigationActionClasses, bottomNavigationClasses, boxClasses, breadcrumbsClasses, buttonBaseClasses, buttonClasses, buttonGroupClasses, capitalize, cardActionAreaClasses, cardActionsClasses, cardClasses, cardContentClasses, cardHeaderClasses, cardMediaClasses, checkboxClasses, chipClasses, circularProgressClasses, collapseClasses, colors, containerClasses, createChainedFunction, createColorScheme, createFilterOptions, createStyles, createSvgIcon, createTheme, createTransitions, css, darkScrollbar, darken, debounce, decomposeColor, deprecatedPropType, dialogActionsClasses, dialogClasses, dialogContentClasses, dialogContentTextClasses, dialogTitleClasses, dividerClasses, drawerClasses, duration, easing, emphasize, experimental_extendTheme, experimental_sx, extendTheme, fabClasses, filledInputClasses, formControlClasses, formControlLabelClasses, formGroupClasses, formHelperTextClasses, formLabelClasses, generateUtilityClass, generateUtilityClasses, getAccordionActionsUtilityClass, getAccordionDetailsUtilityClass, getAccordionSummaryUtilityClass, getAccordionUtilityClass, getAlertTitleUtilityClass, getAlertUtilityClass, getAppBarUtilityClass, getAutocompleteUtilityClass, getAvatarGroupUtilityClass, getAvatarUtilityClass, getBackdropUtilityClass, getBadgeUtilityClass, getBottomNavigationActionUtilityClass, getBottomNavigationUtilityClass, getBreadcrumbsUtilityClass, getButtonBaseUtilityClass, getButtonGroupUtilityClass, getButtonUtilityClass, getCardActionAreaUtilityClass, getCardActionsUtilityClass, getCardContentUtilityClass, getCardHeaderUtilityClass, getCardMediaUtilityClass, getCardUtilityClass, getCheckboxUtilityClass, getChipUtilityClass, getCircularProgressUtilityClass, getCollapseUtilityClass, getContainerUtilityClass, getContrastRatio, getDialogActionsUtilityClass, getDialogContentTextUtilityClass, getDialogContentUtilityClass, getDialogTitleUtilityClass, getDialogUtilityClass, getDividerUtilityClass, getDrawerUtilityClass, getFabUtilityClass, getFilledInputUtilityClass, getFormControlLabelUtilityClasses, getFormControlUtilityClasses, getFormGroupUtilityClass, getFormHelperTextUtilityClasses, getFormLabelUtilityClasses, getGridUtilityClass, getIconButtonUtilityClass, getIconUtilityClass, getImageListItemBarUtilityClass, getImageListItemUtilityClass, getImageListUtilityClass, getInitColorSchemeScript, getInputAdornmentUtilityClass, getInputBaseUtilityClass, getInputLabelUtilityClasses, getInputUtilityClass, getLinearProgressUtilityClass, getLinkUtilityClass, getListItemAvatarUtilityClass, getListItemButtonUtilityClass, getListItemIconUtilityClass, getListItemSecondaryActionClassesUtilityClass, getListItemTextUtilityClass, getListItemUtilityClass, getListSubheaderUtilityClass, getListUtilityClass, getLuminance, getMenuItemUtilityClass, getMenuUtilityClass, getMobileStepperUtilityClass, getModalUtilityClass, getNativeSelectUtilityClasses, getOffsetLeft, getOffsetTop, getOutlinedInputUtilityClass, getOverlayAlpha, getPaginationItemUtilityClass, getPaginationUtilityClass, getPaperUtilityClass, getPopoverUtilityClass, getPopperUtilityClass, getRadioGroupUtilityClass, getRadioUtilityClass, getRatingUtilityClass, getScopedCssBaselineUtilityClass, getSelectUtilityClasses, getSkeletonUtilityClass, getSliderUtilityClass, getSnackbarContentUtilityClass, getSnackbarUtilityClass, getSpeedDialActionUtilityClass, getSpeedDialIconUtilityClass, getSpeedDialUtilityClass, getStepButtonUtilityClass, getStepConnectorUtilityClass, getStepContentUtilityClass, getStepIconUtilityClass, getStepLabelUtilityClass, getStepUtilityClass, getStepperUtilityClass, getSvgIconUtilityClass, getSwitchUtilityClass, getTabScrollButtonUtilityClass, getTabUtilityClass, getTableBodyUtilityClass, getTableCellUtilityClass, getTableContainerUtilityClass, getTableFooterUtilityClass, getTableHeadUtilityClass, getTablePaginationUtilityClass, getTableRowUtilityClass, getTableSortLabelUtilityClass, getTableUtilityClass, getTabsUtilityClass, getTextFieldUtilityClass, getToggleButtonGroupUtilityClass, getToggleButtonUtilityClass, getToolbarUtilityClass, getTooltipUtilityClass, getTouchRippleUtilityClass, getTypographyUtilityClass, gridClasses, hexToRgb, hslToRgb, iconButtonClasses, iconClasses, imageListClasses, imageListItemBarClasses, imageListItemClasses, inputAdornmentClasses, inputBaseClasses, inputClasses, inputLabelClasses, isMuiElement, keyframes, lighten, linearProgressClasses, linkClasses, listClasses, listItemAvatarClasses, listItemButtonClasses, listItemClasses, listItemIconClasses, listItemSecondaryActionClasses, listItemTextClasses, listSubheaderClasses, major, makeStyles, menuClasses, menuItemClasses, mergeSlotProps, minor, mobileStepperClasses, modalClasses, nativeSelectClasses, outlinedInputClasses, ownerDocument, ownerWindow, paginationClasses, paginationItemClasses, paperClasses, patch, popoverClasses, prerelease, private_createMixins, private_createTypography, private_excludeVariablesFromRoot, radioClasses, radioGroupClasses, ratingClasses, recomposeColor, requirePropFactory, responsiveFontSizes, rgbToHex, scopedCssBaselineClasses, selectClasses, setRef, shouldSkipGeneratingVar, skeletonClasses, sliderClasses, snackbarClasses, snackbarContentClasses, speedDialActionClasses, speedDialClasses, speedDialIconClasses, stackClasses, stepButtonClasses, stepClasses, stepConnectorClasses, stepContentClasses, stepIconClasses, stepLabelClasses, stepperClasses, styled, svgIconClasses, switchClasses, tabClasses, tabScrollButtonClasses, tableBodyClasses, tableCellClasses, tableClasses, tableContainerClasses, tableFooterClasses, tableHeadClasses, tablePaginationActionsClasses, tablePaginationClasses, tableRowClasses, tableSortLabelClasses, tabsClasses, textFieldClasses, toggleButtonClasses, toggleButtonGroupClasses, toolbarClasses, tooltipClasses, touchRippleClasses, typographyClasses, unstable_ClassNameGenerator, unstable_composeClasses, unstable_createBreakpoints, unstable_createMuiStrictModeTheme, unstable_getUnit, unstable_memoTheme, unstable_toUnitless, unstable_useEnhancedEffect, unstable_useId, unsupportedProp, useAutocomplete, useColorScheme, useControlled, useEventCallback, useForkRef, useFormControl, useMediaQuery, usePagination, useRadioGroup, useScrollTrigger, useStepContext, useStepperContext, useTheme, useThemeProps, version, withStyles, withTheme)

ERROR in ./src/pages/MRIAnalysis.tsx 218:37-41
export 'Grid2' (imported as 'Grid') was not found in '@mui/material' (possible exports: Accordion, AccordionActions, AccordionDetails, AccordionSummary, Alert, AlertTitle, AppBar, Autocomplete, Avatar, AvatarGroup, Backdrop, Badge, BottomNavigation, BottomNavigationAction, Box, Breadcrumbs, Button, ButtonBase, ButtonGroup, ButtonGroupButtonContext, ButtonGroupContext, Card, CardActionArea, CardActions, CardContent, CardHeader, CardMedia, Checkbox, Chip, CircularProgress, ClickAwayListener, Collapse, Container, CssBaseline, CssVarsProvider, Dialog, DialogActions, DialogContent, DialogContentText, DialogTitle, Divider, Drawer, Experimental_CssVarsProvider, Fab, Fade, FilledInput, FormControl, FormControlLabel, FormGroup, FormHelperText, FormLabel, FormLabelRoot, GlobalStyles, Grid, GridLegacy, Grow, Icon, IconButton, ImageList, ImageListItem, ImageListItemBar, InitColorSchemeScript, Input, InputAdornment, InputBase, InputLabel, LinearProgress, Link, List, ListItem, ListItemAvatar, ListItemButton, ListItemIcon, ListItemSecondaryAction, ListItemText, ListSubheader, Menu, MenuItem, MenuList, MobileStepper, Modal, ModalManager, NativeSelect, NoSsr, OutlinedInput, Pagination, PaginationItem, Paper, Popover, PopoverPaper, PopoverRoot, Popper, Portal, Radio, RadioGroup, Rating, ScopedCssBaseline, Select, Skeleton, Slide, Slider, SliderMark, SliderMarkLabel, SliderRail, SliderRoot, SliderThumb, SliderTrack, SliderValueLabel, Snackbar, SnackbarContent, SpeedDial, SpeedDialAction, SpeedDialIcon, Stack, Step, StepButton, StepConnector, StepContent, StepContext, StepIcon, StepLabel, Stepper, StepperContext, StyledEngineProvider, SvgIcon, SwipeableDrawer, Switch, THEME_ID, Tab, TabScrollButton, Table, TableBody, TableCell, TableContainer, TableFooter, TableHead, TablePagination, TablePaginationActions, TableRow, TableSortLabel, Tabs, TextField, TextareaAutosize, ThemeProvider, ToggleButton, ToggleButtonGroup, Toolbar, Tooltip, Typography, Unstable_TrapFocus, Zoom, accordionActionsClasses, accordionClasses, accordionDetailsClasses, accordionSummaryClasses, adaptV4Theme, alertClasses, alertTitleClasses, alpha, appBarClasses, autocompleteClasses, avatarClasses, avatarGroupClasses, backdropClasses, badgeClasses, bottomNavigationActionClasses, bottomNavigationClasses, boxClasses, breadcrumbsClasses, buttonBaseClasses, buttonClasses, buttonGroupClasses, capitalize, cardActionAreaClasses, cardActionsClasses, cardClasses, cardContentClasses, cardHeaderClasses, cardMediaClasses, checkboxClasses, chipClasses, circularProgressClasses, collapseClasses, colors, containerClasses, createChainedFunction, createColorScheme, createFilterOptions, createStyles, createSvgIcon, createTheme, createTransitions, css, darkScrollbar, darken, debounce, decomposeColor, deprecatedPropType, dialogActionsClasses, dialogClasses, dialogContentClasses, dialogContentTextClasses, dialogTitleClasses, dividerClasses, drawerClasses, duration, easing, emphasize, experimental_extendTheme, experimental_sx, extendTheme, fabClasses, filledInputClasses, formControlClasses, formControlLabelClasses, formGroupClasses, formHelperTextClasses, formLabelClasses, generateUtilityClass, generateUtilityClasses, getAccordionActionsUtilityClass, getAccordionDetailsUtilityClass, getAccordionSummaryUtilityClass, getAccordionUtilityClass, getAlertTitleUtilityClass, getAlertUtilityClass, getAppBarUtilityClass, getAutocompleteUtilityClass, getAvatarGroupUtilityClass, getAvatarUtilityClass, getBackdropUtilityClass, getBadgeUtilityClass, getBottomNavigationActionUtilityClass, getBottomNavigationUtilityClass, getBreadcrumbsUtilityClass, getButtonBaseUtilityClass, getButtonGroupUtilityClass, getButtonUtilityClass, getCardActionAreaUtilityClass, getCardActionsUtilityClass, getCardContentUtilityClass, getCardHeaderUtilityClass, getCardMediaUtilityClass, getCardUtilityClass, getCheckboxUtilityClass, getChipUtilityClass, getCircularProgressUtilityClass, getCollapseUtilityClass, getContainerUtilityClass, getContrastRatio, getDialogActionsUtilityClass, getDialogContentTextUtilityClass, getDialogContentUtilityClass, getDialogTitleUtilityClass, getDialogUtilityClass, getDividerUtilityClass, getDrawerUtilityClass, getFabUtilityClass, getFilledInputUtilityClass, getFormControlLabelUtilityClasses, getFormControlUtilityClasses, getFormGroupUtilityClass, getFormHelperTextUtilityClasses, getFormLabelUtilityClasses, getGridUtilityClass, getIconButtonUtilityClass, getIconUtilityClass, getImageListItemBarUtilityClass, getImageListItemUtilityClass, getImageListUtilityClass, getInitColorSchemeScript, getInputAdornmentUtilityClass, getInputBaseUtilityClass, getInputLabelUtilityClasses, getInputUtilityClass, getLinearProgressUtilityClass, getLinkUtilityClass, getListItemAvatarUtilityClass, getListItemButtonUtilityClass, getListItemIconUtilityClass, getListItemSecondaryActionClassesUtilityClass, getListItemTextUtilityClass, getListItemUtilityClass, getListSubheaderUtilityClass, getListUtilityClass, getLuminance, getMenuItemUtilityClass, getMenuUtilityClass, getMobileStepperUtilityClass, getModalUtilityClass, getNativeSelectUtilityClasses, getOffsetLeft, getOffsetTop, getOutlinedInputUtilityClass, getOverlayAlpha, getPaginationItemUtilityClass, getPaginationUtilityClass, getPaperUtilityClass, getPopoverUtilityClass, getPopperUtilityClass, getRadioGroupUtilityClass, getRadioUtilityClass, getRatingUtilityClass, getScopedCssBaselineUtilityClass, getSelectUtilityClasses, getSkeletonUtilityClass, getSliderUtilityClass, getSnackbarContentUtilityClass, getSnackbarUtilityClass, getSpeedDialActionUtilityClass, getSpeedDialIconUtilityClass, getSpeedDialUtilityClass, getStepButtonUtilityClass, getStepConnectorUtilityClass, getStepContentUtilityClass, getStepIconUtilityClass, getStepLabelUtilityClass, getStepUtilityClass, getStepperUtilityClass, getSvgIconUtilityClass, getSwitchUtilityClass, getTabScrollButtonUtilityClass, getTabUtilityClass, getTableBodyUtilityClass, getTableCellUtilityClass, getTableContainerUtilityClass, getTableFooterUtilityClass, getTableHeadUtilityClass, getTablePaginationUtilityClass, getTableRowUtilityClass, getTableSortLabelUtilityClass, getTableUtilityClass, getTabsUtilityClass, getTextFieldUtilityClass, getToggleButtonGroupUtilityClass, getToggleButtonUtilityClass, getToolbarUtilityClass, getTooltipUtilityClass, getTouchRippleUtilityClass, getTypographyUtilityClass, gridClasses, hexToRgb, hslToRgb, iconButtonClasses, iconClasses, imageListClasses, imageListItemBarClasses, imageListItemClasses, inputAdornmentClasses, inputBaseClasses, inputClasses, inputLabelClasses, isMuiElement, keyframes, lighten, linearProgressClasses, linkClasses, listClasses, listItemAvatarClasses, listItemButtonClasses, listItemClasses, listItemIconClasses, listItemSecondaryActionClasses, listItemTextClasses, listSubheaderClasses, major, makeStyles, menuClasses, menuItemClasses, mergeSlotProps, minor, mobileStepperClasses, modalClasses, nativeSelectClasses, outlinedInputClasses, ownerDocument, ownerWindow, paginationClasses, paginationItemClasses, paperClasses, patch, popoverClasses, prerelease, private_createMixins, private_createTypography, private_excludeVariablesFromRoot, radioClasses, radioGroupClasses, ratingClasses, recomposeColor, requirePropFactory, responsiveFontSizes, rgbToHex, scopedCssBaselineClasses, selectClasses, setRef, shouldSkipGeneratingVar, skeletonClasses, sliderClasses, snackbarClasses, snackbarContentClasses, speedDialActionClasses, speedDialClasses, speedDialIconClasses, stackClasses, stepButtonClasses, stepClasses, stepConnectorClasses, stepContentClasses, stepIconClasses, stepLabelClasses, stepperClasses, styled, svgIconClasses, switchClasses, tabClasses, tabScrollButtonClasses, tableBodyClasses, tableCellClasses, tableClasses, tableContainerClasses, tableFooterClasses, tableHeadClasses, tablePaginationActionsClasses, tablePaginationClasses, tableRowClasses, tableSortLabelClasses, tabsClasses, textFieldClasses, toggleButtonClasses, toggleButtonGroupClasses, toolbarClasses, tooltipClasses, touchRippleClasses, typographyClasses, unstable_ClassNameGenerator, unstable_composeClasses, unstable_createBreakpoints, unstable_createMuiStrictModeTheme, unstable_getUnit, unstable_memoTheme, unstable_toUnitless, unstable_useEnhancedEffect, unstable_useId, unsupportedProp, useAutocomplete, useColorScheme, useControlled, useEventCallback, useForkRef, useFormControl, useMediaQuery, usePagination, useRadioGroup, useScrollTrigger, useStepContext, useStepperContext, useTheme, useThemeProps, version, withStyles, withTheme)

webpack compiled with 3 errors
ERROR in src/pages/MRIAnalysis.tsx:3:35
TS2724: '"@mui/material"' has no exported member named 'Grid2'. Did you mean 'Grid'?
    1 | import React, { useState } from 'react';
    2 | import {
  > 3 |   Box, Typography, Paper, Button, Grid2 as Grid, Card, CardContent,
      |                                   ^^^^^
    4 |   CircularProgress, Divider, Alert
    5 | } from '@mui/material';
    6 | import {

Compiling...
Compiled successfully!
webpack compiled successfully
No issues found.
Compiling...
Compiled successfully!
webpack compiled successfully
ERROR in src/pages/Patients.tsx:150:13
TS2769: No overload matches this call.
  Overload 1 of 2, '(props: { component: ElementType<any, keyof IntrinsicElements>; } & GridBaseProps & { sx?: SxProps<Theme> | undefined; } & SystemProps<...> & Omit<...>): Element | null', gave the following error.
    Property 'component' is missing in type '{ children: Element; item: true; xs: number; }' but required in type '{ component: ElementType<any, keyof IntrinsicElements>; }'.
  Overload 2 of 2, '(props: DefaultComponentProps<GridTypeMap<{}, "div">>): Element | null', gave the following error.
    Type '{ children: Element; item: true; xs: number; }' is not assignable to type 'IntrinsicAttributes & GridBaseProps & { sx?: SxProps<Theme> | undefined; } & SystemProps<Theme> & Omit<...>'.
      Property 'item' does not exist on type 'IntrinsicAttributes & GridBaseProps & { sx?: SxProps<Theme> | undefined; } & SystemProps<Theme> & Omit<...>'.
    148 |         <DialogContent>
    149 |           <Grid container spacing={2} sx={{ mt: 1 }}>
  > 150 |             <Grid item xs={12}>
        |             ^^^^^^^^^^^^^^^^^^^
    151 |               <TextField
    152 |                 label="Nama Lengkap"
    153 |                 fullWidth

ERROR in src/pages/Patients.tsx:158:13
TS2769: No overload matches this call.
  Overload 1 of 2, '(props: { component: ElementType<any, keyof IntrinsicElements>; } & GridBaseProps & { sx?: SxProps<Theme> | undefined; } & SystemProps<...> & Omit<...>): Element | null', gave the following error.
    Property 'component' is missing in type '{ children: Element; item: true; xs: number; sm: number; }' but required in type '{ component: ElementType<any, keyof IntrinsicElements>; }'.
  Overload 2 of 2, '(props: DefaultComponentProps<GridTypeMap<{}, "div">>): Element | null', gave the following error.
    Type '{ children: Element; item: true; xs: number; sm: number; }' is not assignable to type 'IntrinsicAttributes & GridBaseProps & { sx?: SxProps<Theme> | undefined; } & SystemProps<Theme> & Omit<...>'.
      Property 'item' does not exist on type 'IntrinsicAttributes & GridBaseProps & { sx?: SxProps<Theme> | undefined; } & SystemProps<Theme> & Omit<...>'.
    156 |               />
    157 |             </Grid>
  > 158 |             <Grid item xs={12} sm={6}>
        |             ^^^^^^^^^^^^^^^^^^^^^^^^^^
    159 |               <TextField
    160 |                 label="NIK"
    161 |                 fullWidth

ERROR in src/pages/Patients.tsx:166:13
TS2769: No overload matches this call.
  Overload 1 of 2, '(props: { component: ElementType<any, keyof IntrinsicElements>; } & GridBaseProps & { sx?: SxProps<Theme> | undefined; } & SystemProps<...> & Omit<...>): Element | null', gave the following error.
    Property 'component' is missing in type '{ children: Element; item: true; xs: number; sm: number; }' but required in type '{ component: ElementType<any, keyof IntrinsicElements>; }'.
  Overload 2 of 2, '(props: DefaultComponentProps<GridTypeMap<{}, "div">>): Element | null', gave the following error.
    Type '{ children: Element; item: true; xs: number; sm: number; }' is not assignable to type 'IntrinsicAttributes & GridBaseProps & { sx?: SxProps<Theme> | undefined; } & SystemProps<Theme> & Omit<...>'.
      Property 'item' does not exist on type 'IntrinsicAttributes & GridBaseProps & { sx?: SxProps<Theme> | undefined; } & SystemProps<Theme> & Omit<...>'.
    164 |               />
    165 |             </Grid>
  > 166 |             <Grid item xs={12} sm={6}>
        |             ^^^^^^^^^^^^^^^^^^^^^^^^^^
    167 |               <TextField
    168 |                 select
    169 |                 label="Jenis Kelamin"

ERROR in src/pages/Patients.tsx:178:13
TS2769: No overload matches this call.
  Overload 1 of 2, '(props: { component: ElementType<any, keyof IntrinsicElements>; } & GridBaseProps & { sx?: SxProps<Theme> | undefined; } & SystemProps<...> & Omit<...>): Element | null', gave the following error.
    Property 'component' is missing in type '{ children: Element; item: true; xs: number; }' but required in type '{ component: ElementType<any, keyof IntrinsicElements>; }'.
  Overload 2 of 2, '(props: DefaultComponentProps<GridTypeMap<{}, "div">>): Element | null', gave the following error.
    Type '{ children: Element; item: true; xs: number; }' is not assignable to type 'IntrinsicAttributes & GridBaseProps & { sx?: SxProps<Theme> | undefined; } & SystemProps<Theme> & Omit<...>'.
      Property 'item' does not exist on type 'IntrinsicAttributes & GridBaseProps & { sx?: SxProps<Theme> | undefined; } & SystemProps<Theme> & Omit<...>'.
    176 |               </TextField>
    177 |             </Grid>
  > 178 |             <Grid item xs={12}>
        |             ^^^^^^^^^^^^^^^^^^^
    179 |               <TextField
    180 |                 label="Tanggal Lahir"
    181 |                 type="date"

Compiling...
Compiled successfully!
webpack compiled successfully
ERROR in src/pages/Patients.tsx:150:13
TS2769: No overload matches this call.
  Overload 1 of 2, '(props: { component: ElementType<any, keyof IntrinsicElements>; } & GridBaseProps & { sx?: SxProps<Theme> | undefined; } & SystemProps<...> & Omit<...>): Element | null', gave the following error.
    Property 'component' is missing in type '{ children: Element; item: true; xs: number; }' but required in type '{ component: ElementType<any, keyof IntrinsicElements>; }'.
  Overload 2 of 2, '(props: DefaultComponentProps<GridTypeMap<{}, "div">>): Element | null', gave the following error.
    Type '{ children: Element; item: true; xs: number; }' is not assignable to type 'IntrinsicAttributes & GridBaseProps & { sx?: SxProps<Theme> | undefined; } & SystemProps<Theme> & Omit<...>'.
      Property 'item' does not exist on type 'IntrinsicAttributes & GridBaseProps & { sx?: SxProps<Theme> | undefined; } & SystemProps<Theme> & Omit<...>'.
    148 |         <DialogContent>
    149 |           <Grid container spacing={2} sx={{ mt: 1 }}>
  > 150 |             <Grid item xs={12}>
        |             ^^^^^^^^^^^^^^^^^^^
    151 |               <TextField
    152 |                 label="Nama Lengkap"
    153 |                 fullWidth

ERROR in src/pages/Patients.tsx:158:13
TS2769: No overload matches this call.
  Overload 1 of 2, '(props: { component: ElementType<any, keyof IntrinsicElements>; } & GridBaseProps & { sx?: SxProps<Theme> | undefined; } & SystemProps<...> & Omit<...>): Element | null', gave the following error.
    Property 'component' is missing in type '{ children: Element; item: true; xs: number; sm: number; }' but required in type '{ component: ElementType<any, keyof IntrinsicElements>; }'.
  Overload 2 of 2, '(props: DefaultComponentProps<GridTypeMap<{}, "div">>): Element | null', gave the following error.
    Type '{ children: Element; item: true; xs: number; sm: number; }' is not assignable to type 'IntrinsicAttributes & GridBaseProps & { sx?: SxProps<Theme> | undefined; } & SystemProps<Theme> & Omit<...>'.
      Property 'item' does not exist on type 'IntrinsicAttributes & GridBaseProps & { sx?: SxProps<Theme> | undefined; } & SystemProps<Theme> & Omit<...>'.
    156 |               />
    157 |             </Grid>
  > 158 |             <Grid item xs={12} sm={6}>
        |             ^^^^^^^^^^^^^^^^^^^^^^^^^^
    159 |               <TextField
    160 |                 label="NIK"
    161 |                 fullWidth

ERROR in src/pages/Patients.tsx:166:13
TS2769: No overload matches this call.
  Overload 1 of 2, '(props: { component: ElementType<any, keyof IntrinsicElements>; } & GridBaseProps & { sx?: SxProps<Theme> | undefined; } & SystemProps<...> & Omit<...>): Element | null', gave the following error.
    Property 'component' is missing in type '{ children: Element; item: true; xs: number; sm: number; }' but required in type '{ component: ElementType<any, keyof IntrinsicElements>; }'.
  Overload 2 of 2, '(props: DefaultComponentProps<GridTypeMap<{}, "div">>): Element | null', gave the following error.
    Type '{ children: Element; item: true; xs: number; sm: number; }' is not assignable to type 'IntrinsicAttributes & GridBaseProps & { sx?: SxProps<Theme> | undefined; } & SystemProps<Theme> & Omit<...>'.
      Property 'item' does not exist on type 'IntrinsicAttributes & GridBaseProps & { sx?: SxProps<Theme> | undefined; } & SystemProps<Theme> & Omit<...>'.
    164 |               />
    165 |             </Grid>
  > 166 |             <Grid item xs={12} sm={6}>
        |             ^^^^^^^^^^^^^^^^^^^^^^^^^^
    167 |               <TextField
    168 |                 select
    169 |                 label="Jenis Kelamin"

ERROR in src/pages/Patients.tsx:178:13
TS2769: No overload matches this call.
  Overload 1 of 2, '(props: { component: ElementType<any, keyof IntrinsicElements>; } & GridBaseProps & { sx?: SxProps<Theme> | undefined; } & SystemProps<...> & Omit<...>): Element | null', gave the following error.
    Property 'component' is missing in type '{ children: Element; item: true; xs: number; }' but required in type '{ component: ElementType<any, keyof IntrinsicElements>; }'.
  Overload 2 of 2, '(props: DefaultComponentProps<GridTypeMap<{}, "div">>): Element | null', gave the following error.
    Type '{ children: Element; item: true; xs: number; }' is not assignable to type 'IntrinsicAttributes & GridBaseProps & { sx?: SxProps<Theme> | undefined; } & SystemProps<Theme> & Omit<...>'.
      Property 'item' does not exist on type 'IntrinsicAttributes & GridBaseProps & { sx?: SxProps<Theme> | undefined; } & SystemProps<Theme> & Omit<...>'.
    176 |               </TextField>
    177 |             </Grid>
  > 178 |             <Grid item xs={12}>
        |             ^^^^^^^^^^^^^^^^^^^
    179 |               <TextField
    180 |                 label="Tanggal Lahir"
    181 |                 type="date"

Compiling...
Compiled with warnings.

[eslint]
src/components/layout/Sidebar.tsx
  Line 11:15:  'BarChartIcon' is defined but never used  @typescript-eslint/no-unused-vars

Search for the keywords to learn more about each warning.
To ignore, add // eslint-disable-next-line to the line before.

WARNING in [eslint]
src/components/layout/Sidebar.tsx
  Line 11:15:  'BarChartIcon' is defined but never used  @typescript-eslint/no-unused-vars

webpack compiled with 1 warning
ERROR in src/pages/Patients.tsx:150:13
TS2769: No overload matches this call.
  Overload 1 of 2, '(props: { component: ElementType<any, keyof IntrinsicElements>; } & GridBaseProps & { sx?: SxProps<Theme> | undefined; } & SystemProps<...> & Omit<...>): Element | null', gave the following error.
    Property 'component' is missing in type '{ children: Element; item: true; xs: number; }' but required in type '{ component: ElementType<any, keyof IntrinsicElements>; }'.
  Overload 2 of 2, '(props: DefaultComponentProps<GridTypeMap<{}, "div">>): Element | null', gave the following error.
    Type '{ children: Element; item: true; xs: number; }' is not assignable to type 'IntrinsicAttributes & GridBaseProps & { sx?: SxProps<Theme> | undefined; } & SystemProps<Theme> & Omit<...>'.
      Property 'item' does not exist on type 'IntrinsicAttributes & GridBaseProps & { sx?: SxProps<Theme> | undefined; } & SystemProps<Theme> & Omit<...>'.
    148 |         <DialogContent>
    149 |           <Grid container spacing={2} sx={{ mt: 1 }}>
  > 150 |             <Grid item xs={12}>
        |             ^^^^^^^^^^^^^^^^^^^
    151 |               <TextField
    152 |                 label="Nama Lengkap"
    153 |                 fullWidth

ERROR in src/pages/Patients.tsx:158:13
TS2769: No overload matches this call.
  Overload 1 of 2, '(props: { component: ElementType<any, keyof IntrinsicElements>; } & GridBaseProps & { sx?: SxProps<Theme> | undefined; } & SystemProps<...> & Omit<...>): Element | null', gave the following error.
    Property 'component' is missing in type '{ children: Element; item: true; xs: number; sm: number; }' but required in type '{ component: ElementType<any, keyof IntrinsicElements>; }'.
  Overload 2 of 2, '(props: DefaultComponentProps<GridTypeMap<{}, "div">>): Element | null', gave the following error.
    Type '{ children: Element; item: true; xs: number; sm: number; }' is not assignable to type 'IntrinsicAttributes & GridBaseProps & { sx?: SxProps<Theme> | undefined; } & SystemProps<Theme> & Omit<...>'.
      Property 'item' does not exist on type 'IntrinsicAttributes & GridBaseProps & { sx?: SxProps<Theme> | undefined; } & SystemProps<Theme> & Omit<...>'.
    156 |               />
    157 |             </Grid>
  > 158 |             <Grid item xs={12} sm={6}>
        |             ^^^^^^^^^^^^^^^^^^^^^^^^^^
    159 |               <TextField
    160 |                 label="NIK"
    161 |                 fullWidth

ERROR in src/pages/Patients.tsx:166:13
TS2769: No overload matches this call.
  Overload 1 of 2, '(props: { component: ElementType<any, keyof IntrinsicElements>; } & GridBaseProps & { sx?: SxProps<Theme> | undefined; } & SystemProps<...> & Omit<...>): Element | null', gave the following error.
    Property 'component' is missing in type '{ children: Element; item: true; xs: number; sm: number; }' but required in type '{ component: ElementType<any, keyof IntrinsicElements>; }'.
  Overload 2 of 2, '(props: DefaultComponentProps<GridTypeMap<{}, "div">>): Element | null', gave the following error.
    Type '{ children: Element; item: true; xs: number; sm: number; }' is not assignable to type 'IntrinsicAttributes & GridBaseProps & { sx?: SxProps<Theme> | undefined; } & SystemProps<Theme> & Omit<...>'.
      Property 'item' does not exist on type 'IntrinsicAttributes & GridBaseProps & { sx?: SxProps<Theme> | undefined; } & SystemProps<Theme> & Omit<...>'.
    164 |               />
    165 |             </Grid>
  > 166 |             <Grid item xs={12} sm={6}>
        |             ^^^^^^^^^^^^^^^^^^^^^^^^^^
    167 |               <TextField
    168 |                 select
    169 |                 label="Jenis Kelamin"

ERROR in src/pages/Patients.tsx:178:13
TS2769: No overload matches this call.
  Overload 1 of 2, '(props: { component: ElementType<any, keyof IntrinsicElements>; } & GridBaseProps & { sx?: SxProps<Theme> | undefined; } & SystemProps<...> & Omit<...>): Element | null', gave the following error.
    Property 'component' is missing in type '{ children: Element; item: true; xs: number; }' but required in type '{ component: ElementType<any, keyof IntrinsicElements>; }'.
  Overload 2 of 2, '(props: DefaultComponentProps<GridTypeMap<{}, "div">>): Element | null', gave the following error.
    Type '{ children: Element; item: true; xs: number; }' is not assignable to type 'IntrinsicAttributes & GridBaseProps & { sx?: SxProps<Theme> | undefined; } & SystemProps<Theme> & Omit<...>'.
      Property 'item' does not exist on type 'IntrinsicAttributes & GridBaseProps & { sx?: SxProps<Theme> | undefined; } & SystemProps<Theme> & Omit<...>'.
    176 |               </TextField>
    177 |             </Grid>
  > 178 |             <Grid item xs={12}>
        |             ^^^^^^^^^^^^^^^^^^^
    179 |               <TextField
    180 |                 label="Tanggal Lahir"
    181 |                 type="date"

Compiling...
Compiled with warnings.

[eslint]
src/components/layout/Sidebar.tsx
  Line 11:15:  'BarChartIcon' is defined but never used  @typescript-eslint/no-unused-vars

src/pages/Dashboard.tsx
  Line 9:19:  'TrendingDownIcon' is defined but never used  @typescript-eslint/no-unused-vars

Search for the keywords to learn more about each warning.
To ignore, add // eslint-disable-next-line to the line before.

WARNING in [eslint]
src/components/layout/Sidebar.tsx
  Line 11:15:  'BarChartIcon' is defined but never used  @typescript-eslint/no-unused-vars

src/pages/Dashboard.tsx
  Line 9:19:  'TrendingDownIcon' is defined but never used  @typescript-eslint/no-unused-vars

webpack compiled with 1 warning
ERROR in src/pages/Dashboard.tsx:85:9
TS2769: No overload matches this call.
  Overload 1 of 2, '(props: { component: ElementType<any, keyof IntrinsicElements>; } & GridBaseProps & { sx?: SxProps<Theme> | undefined; } & SystemProps<...> & Omit<...>): Element | null', gave the following error.
    Property 'component' is missing in type '{ children: Element; item: true; xs: number; lg: number; }' but required in type '{ component: ElementType<any, keyof IntrinsicElements>; }'.
  Overload 2 of 2, '(props: DefaultComponentProps<GridTypeMap<{}, "div">>): Element | null', gave the following error.
    Type '{ children: Element; item: true; xs: number; lg: number; }' is not assignable to type 'IntrinsicAttributes & GridBaseProps & { sx?: SxProps<Theme> | undefined; } & SystemProps<Theme> & Omit<...>'.
      Property 'item' does not exist on type 'IntrinsicAttributes & GridBaseProps & { sx?: SxProps<Theme> | undefined; } & SystemProps<Theme> & Omit<...>'.
    83 |       <Grid container spacing={3} sx={{ mb: 4 }}>
    84 |         {/* Main Chart */}
  > 85 |         <Grid item xs={12} lg={8}>
       |         ^^^^^^^^^^^^^^^^^^^^^^^^^^
    86 |           <Paper sx={{ p: 3, borderRadius: 4, height: 400 }}>
    87 |             <Box sx={{ display: 'flex', justifyContent: 'space-between', mb: 2 }}>
    88 |               <Typography variant="h6" sx={{ fontWeight: 'bold' }}>Trend Analisis</Typography>

ERROR in src/pages/Dashboard.tsx:124:9
TS2769: No overload matches this call.
  Overload 1 of 2, '(props: { component: ElementType<any, keyof IntrinsicElements>; } & GridBaseProps & { sx?: SxProps<Theme> | undefined; } & SystemProps<...> & Omit<...>): Element | null', gave the following error.
    Property 'component' is missing in type '{ children: Element; item: true; xs: number; lg: number; }' but required in type '{ component: ElementType<any, keyof IntrinsicElements>; }'.
  Overload 2 of 2, '(props: DefaultComponentProps<GridTypeMap<{}, "div">>): Element | null', gave the following error.
    Type '{ children: Element; item: true; xs: number; lg: number; }' is not assignable to type 'IntrinsicAttributes & GridBaseProps & { sx?: SxProps<Theme> | undefined; } & SystemProps<Theme> & Omit<...>'.
      Property 'item' does not exist on type 'IntrinsicAttributes & GridBaseProps & { sx?: SxProps<Theme> | undefined; } & SystemProps<Theme> & Omit<...>'.
    122 |
    123 |         {/* Info Card */}
  > 124 |         <Grid item xs={12} lg={4}>
        |         ^^^^^^^^^^^^^^^^^^^^^^^^^^
    125 |           <Card sx={{
    126 |             borderRadius: 4, height: '100%', minHeight: 400,
    127 |             background: 'linear-gradient(135deg, #135bec 0%, #4a90e2 100%)',

ERROR in src/pages/Patients.tsx:150:13
TS2769: No overload matches this call.
  Overload 1 of 2, '(props: { component: ElementType<any, keyof IntrinsicElements>; } & GridBaseProps & { sx?: SxProps<Theme> | undefined; } & SystemProps<...> & Omit<...>): Element | null', gave the following error.
    Property 'component' is missing in type '{ children: Element; item: true; xs: number; }' but required in type '{ component: ElementType<any, keyof IntrinsicElements>; }'.
  Overload 2 of 2, '(props: DefaultComponentProps<GridTypeMap<{}, "div">>): Element | null', gave the following error.
    Type '{ children: Element; item: true; xs: number; }' is not assignable to type 'IntrinsicAttributes & GridBaseProps & { sx?: SxProps<Theme> | undefined; } & SystemProps<Theme> & Omit<...>'.
      Property 'item' does not exist on type 'IntrinsicAttributes & GridBaseProps & { sx?: SxProps<Theme> | undefined; } & SystemProps<Theme> & Omit<...>'.
    148 |         <DialogContent>
    149 |           <Grid container spacing={2} sx={{ mt: 1 }}>
  > 150 |             <Grid item xs={12}>
        |             ^^^^^^^^^^^^^^^^^^^
    151 |               <TextField
    152 |                 label="Nama Lengkap"
    153 |                 fullWidth

ERROR in src/pages/Patients.tsx:158:13
TS2769: No overload matches this call.
  Overload 1 of 2, '(props: { component: ElementType<any, keyof IntrinsicElements>; } & GridBaseProps & { sx?: SxProps<Theme> | undefined; } & SystemProps<...> & Omit<...>): Element | null', gave the following error.
    Property 'component' is missing in type '{ children: Element; item: true; xs: number; sm: number; }' but required in type '{ component: ElementType<any, keyof IntrinsicElements>; }'.
  Overload 2 of 2, '(props: DefaultComponentProps<GridTypeMap<{}, "div">>): Element | null', gave the following error.
    Type '{ children: Element; item: true; xs: number; sm: number; }' is not assignable to type 'IntrinsicAttributes & GridBaseProps & { sx?: SxProps<Theme> | undefined; } & SystemProps<Theme> & Omit<...>'.
      Property 'item' does not exist on type 'IntrinsicAttributes & GridBaseProps & { sx?: SxProps<Theme> | undefined; } & SystemProps<Theme> & Omit<...>'.
    156 |               />
    157 |             </Grid>
  > 158 |             <Grid item xs={12} sm={6}>
        |             ^^^^^^^^^^^^^^^^^^^^^^^^^^
    159 |               <TextField
    160 |                 label="NIK"
    161 |                 fullWidth

ERROR in src/pages/Patients.tsx:166:13
TS2769: No overload matches this call.
  Overload 1 of 2, '(props: { component: ElementType<any, keyof IntrinsicElements>; } & GridBaseProps & { sx?: SxProps<Theme> | undefined; } & SystemProps<...> & Omit<...>): Element | null', gave the following error.
    Property 'component' is missing in type '{ children: Element; item: true; xs: number; sm: number; }' but required in type '{ component: ElementType<any, keyof IntrinsicElements>; }'.
  Overload 2 of 2, '(props: DefaultComponentProps<GridTypeMap<{}, "div">>): Element | null', gave the following error.
    Type '{ children: Element; item: true; xs: number; sm: number; }' is not assignable to type 'IntrinsicAttributes & GridBaseProps & { sx?: SxProps<Theme> | undefined; } & SystemProps<Theme> & Omit<...>'.
      Property 'item' does not exist on type 'IntrinsicAttributes & GridBaseProps & { sx?: SxProps<Theme> | undefined; } & SystemProps<Theme> & Omit<...>'.
    164 |               />
    165 |             </Grid>
  > 166 |             <Grid item xs={12} sm={6}>
        |             ^^^^^^^^^^^^^^^^^^^^^^^^^^
    167 |               <TextField
    168 |                 select
    169 |                 label="Jenis Kelamin"

ERROR in src/pages/Patients.tsx:178:13
TS2769: No overload matches this call.
  Overload 1 of 2, '(props: { component: ElementType<any, keyof IntrinsicElements>; } & GridBaseProps & { sx?: SxProps<Theme> | undefined; } & SystemProps<...> & Omit<...>): Element | null', gave the following error.
    Property 'component' is missing in type '{ children: Element; item: true; xs: number; }' but required in type '{ component: ElementType<any, keyof IntrinsicElements>; }'.
  Overload 2 of 2, '(props: DefaultComponentProps<GridTypeMap<{}, "div">>): Element | null', gave the following error.
    Type '{ children: Element; item: true; xs: number; }' is not assignable to type 'IntrinsicAttributes & GridBaseProps & { sx?: SxProps<Theme> | undefined; } & SystemProps<Theme> & Omit<...>'.
      Property 'item' does not exist on type 'IntrinsicAttributes & GridBaseProps & { sx?: SxProps<Theme> | undefined; } & SystemProps<Theme> & Omit<...>'.
    176 |               </TextField>
    177 |             </Grid>
  > 178 |             <Grid item xs={12}>
        |             ^^^^^^^^^^^^^^^^^^^
    179 |               <TextField
    180 |                 label="Tanggal Lahir"
    181 |                 type="date"

Compiling...
Compiled with warnings.

[eslint]
src/components/layout/Sidebar.tsx
  Line 11:15:  'BarChartIcon' is defined but never used  @typescript-eslint/no-unused-vars

src/pages/Dashboard.tsx
  Line 9:19:  'TrendingDownIcon' is defined but never used  @typescript-eslint/no-unused-vars

Search for the keywords to learn more about each warning.
To ignore, add // eslint-disable-next-line to the line before.

WARNING in [eslint]
src/components/layout/Sidebar.tsx
  Line 11:15:  'BarChartIcon' is defined but never used  @typescript-eslint/no-unused-vars

src/pages/Dashboard.tsx
  Line 9:19:  'TrendingDownIcon' is defined but never used  @typescript-eslint/no-unused-vars

webpack compiled with 1 warning
ERROR in src/pages/Dashboard.tsx:85:9
TS2769: No overload matches this call.
  Overload 1 of 2, '(props: { component: ElementType<any, keyof IntrinsicElements>; } & GridBaseProps & { sx?: SxProps<Theme> | undefined; } & SystemProps<...> & Omit<...>): Element | null', gave the following error.
    Property 'component' is missing in type '{ children: Element; item: true; xs: number; lg: number; }' but required in type '{ component: ElementType<any, keyof IntrinsicElements>; }'.
  Overload 2 of 2, '(props: DefaultComponentProps<GridTypeMap<{}, "div">>): Element | null', gave the following error.
    Type '{ children: Element; item: true; xs: number; lg: number; }' is not assignable to type 'IntrinsicAttributes & GridBaseProps & { sx?: SxProps<Theme> | undefined; } & SystemProps<Theme> & Omit<...>'.
      Property 'item' does not exist on type 'IntrinsicAttributes & GridBaseProps & { sx?: SxProps<Theme> | undefined; } & SystemProps<Theme> & Omit<...>'.
    83 |       <Grid container spacing={3} sx={{ mb: 4 }}>
    84 |         {/* Main Chart */}
  > 85 |         <Grid item xs={12} lg={8}>
       |         ^^^^^^^^^^^^^^^^^^^^^^^^^^
    86 |           <Paper sx={{ p: 3, borderRadius: 4, height: 400 }}>
    87 |             <Box sx={{ display: 'flex', justifyContent: 'space-between', mb: 2 }}>
    88 |               <Typography variant="h6" sx={{ fontWeight: 'bold' }}>Trend Analisis</Typography>

ERROR in src/pages/Dashboard.tsx:124:9
TS2769: No overload matches this call.
  Overload 1 of 2, '(props: { component: ElementType<any, keyof IntrinsicElements>; } & GridBaseProps & { sx?: SxProps<Theme> | undefined; } & SystemProps<...> & Omit<...>): Element | null', gave the following error.
    Property 'component' is missing in type '{ children: Element; item: true; xs: number; lg: number; }' but required in type '{ component: ElementType<any, keyof IntrinsicElements>; }'.
  Overload 2 of 2, '(props: DefaultComponentProps<GridTypeMap<{}, "div">>): Element | null', gave the following error.
    Type '{ children: Element; item: true; xs: number; lg: number; }' is not assignable to type 'IntrinsicAttributes & GridBaseProps & { sx?: SxProps<Theme> | undefined; } & SystemProps<Theme> & Omit<...>'.
      Property 'item' does not exist on type 'IntrinsicAttributes & GridBaseProps & { sx?: SxProps<Theme> | undefined; } & SystemProps<Theme> & Omit<...>'.
    122 |
    123 |         {/* Info Card */}
  > 124 |         <Grid item xs={12} lg={4}>
        |         ^^^^^^^^^^^^^^^^^^^^^^^^^^
    125 |           <Card sx={{
    126 |             borderRadius: 4, height: '100%', minHeight: 400,
    127 |             background: 'linear-gradient(135deg, #135bec 0%, #4a90e2 100%)',

ERROR in src/pages/Patients.tsx:154:13
TS2769: No overload matches this call.
  Overload 1 of 2, '(props: { component: ElementType<any, keyof IntrinsicElements>; } & GridBaseProps & { sx?: SxProps<Theme> | undefined; } & SystemProps<...> & Omit<...>): Element | null', gave the following error.
    Property 'component' is missing in type '{ children: Element; item: true; xs: number; }' but required in type '{ component: ElementType<any, keyof IntrinsicElements>; }'.
  Overload 2 of 2, '(props: DefaultComponentProps<GridTypeMap<{}, "div">>): Element | null', gave the following error.
    Type '{ children: Element; item: true; xs: number; }' is not assignable to type 'IntrinsicAttributes & GridBaseProps & { sx?: SxProps<Theme> | undefined; } & SystemProps<Theme> & Omit<...>'.
      Property 'item' does not exist on type 'IntrinsicAttributes & GridBaseProps & { sx?: SxProps<Theme> | undefined; } & SystemProps<Theme> & Omit<...>'.
    152 |         <DialogContent>
    153 |           <Grid container spacing={2} sx={{ mt: 1 }}>
  > 154 |             <Grid item xs={12}>
        |             ^^^^^^^^^^^^^^^^^^^
    155 |               <TextField
    156 |                 label="Nama Lengkap"
    157 |                 fullWidth

ERROR in src/pages/Patients.tsx:162:13
TS2769: No overload matches this call.
  Overload 1 of 2, '(props: { component: ElementType<any, keyof IntrinsicElements>; } & GridBaseProps & { sx?: SxProps<Theme> | undefined; } & SystemProps<...> & Omit<...>): Element | null', gave the following error.
    Property 'component' is missing in type '{ children: Element; item: true; xs: number; sm: number; }' but required in type '{ component: ElementType<any, keyof IntrinsicElements>; }'.
  Overload 2 of 2, '(props: DefaultComponentProps<GridTypeMap<{}, "div">>): Element | null', gave the following error.
    Type '{ children: Element; item: true; xs: number; sm: number; }' is not assignable to type 'IntrinsicAttributes & GridBaseProps & { sx?: SxProps<Theme> | undefined; } & SystemProps<Theme> & Omit<...>'.
      Property 'item' does not exist on type 'IntrinsicAttributes & GridBaseProps & { sx?: SxProps<Theme> | undefined; } & SystemProps<Theme> & Omit<...>'.
    160 |               />
    161 |             </Grid>
  > 162 |             <Grid item xs={12} sm={6}>
        |             ^^^^^^^^^^^^^^^^^^^^^^^^^^
    163 |               <TextField
    164 |                 label="NIK"
    165 |                 fullWidth

ERROR in src/pages/Patients.tsx:170:13
TS2769: No overload matches this call.
  Overload 1 of 2, '(props: { component: ElementType<any, keyof IntrinsicElements>; } & GridBaseProps & { sx?: SxProps<Theme> | undefined; } & SystemProps<...> & Omit<...>): Element | null', gave the following error.
    Property 'component' is missing in type '{ children: Element; item: true; xs: number; sm: number; }' but required in type '{ component: ElementType<any, keyof IntrinsicElements>; }'.
  Overload 2 of 2, '(props: DefaultComponentProps<GridTypeMap<{}, "div">>): Element | null', gave the following error.
    Type '{ children: Element; item: true; xs: number; sm: number; }' is not assignable to type 'IntrinsicAttributes & GridBaseProps & { sx?: SxProps<Theme> | undefined; } & SystemProps<Theme> & Omit<...>'.
      Property 'item' does not exist on type 'IntrinsicAttributes & GridBaseProps & { sx?: SxProps<Theme> | undefined; } & SystemProps<Theme> & Omit<...>'.
    168 |               />
    169 |             </Grid>
  > 170 |             <Grid item xs={12} sm={6}>
        |             ^^^^^^^^^^^^^^^^^^^^^^^^^^
    171 |               <TextField
    172 |                 select
    173 |                 label="Jenis Kelamin"

ERROR in src/pages/Patients.tsx:182:13
TS2769: No overload matches this call.
  Overload 1 of 2, '(props: { component: ElementType<any, keyof IntrinsicElements>; } & GridBaseProps & { sx?: SxProps<Theme> | undefined; } & SystemProps<...> & Omit<...>): Element | null', gave the following error.
    Property 'component' is missing in type '{ children: Element; item: true; xs: number; }' but required in type '{ component: ElementType<any, keyof IntrinsicElements>; }'.
  Overload 2 of 2, '(props: DefaultComponentProps<GridTypeMap<{}, "div">>): Element | null', gave the following error.
    Type '{ children: Element; item: true; xs: number; }' is not assignable to type 'IntrinsicAttributes & GridBaseProps & { sx?: SxProps<Theme> | undefined; } & SystemProps<Theme> & Omit<...>'.
      Property 'item' does not exist on type 'IntrinsicAttributes & GridBaseProps & { sx?: SxProps<Theme> | undefined; } & SystemProps<Theme> & Omit<...>'.
    180 |               </TextField>
    181 |             </Grid>
  > 182 |             <Grid item xs={12}>
        |             ^^^^^^^^^^^^^^^^^^^
    183 |               <TextField
    184 |                 label="Tanggal Lahir"
    185 |                 type="date"

Compiling...
Compiled with warnings.

[eslint]
src/components/layout/Sidebar.tsx
  Line 11:15:  'BarChartIcon' is defined but never used  @typescript-eslint/no-unused-vars

src/pages/Dashboard.tsx
  Line 9:19:  'TrendingDownIcon' is defined but never used  @typescript-eslint/no-unused-vars

Search for the keywords to learn more about each warning.
To ignore, add // eslint-disable-next-line to the line before.

WARNING in [eslint]
src/components/layout/Sidebar.tsx
  Line 11:15:  'BarChartIcon' is defined but never used  @typescript-eslint/no-unused-vars

src/pages/Dashboard.tsx
  Line 9:19:  'TrendingDownIcon' is defined but never used  @typescript-eslint/no-unused-vars

webpack compiled with 1 warning
ERROR in src/pages/Dashboard.tsx:85:9
TS2769: No overload matches this call.
  Overload 1 of 2, '(props: { component: ElementType<any, keyof IntrinsicElements>; } & GridBaseProps & { sx?: SxProps<Theme> | undefined; } & SystemProps<...> & Omit<...>): Element | null', gave the following error.
    Property 'component' is missing in type '{ children: Element; item: true; xs: number; lg: number; }' but required in type '{ component: ElementType<any, keyof IntrinsicElements>; }'.
  Overload 2 of 2, '(props: DefaultComponentProps<GridTypeMap<{}, "div">>): Element | null', gave the following error.
    Type '{ children: Element; item: true; xs: number; lg: number; }' is not assignable to type 'IntrinsicAttributes & GridBaseProps & { sx?: SxProps<Theme> | undefined; } & SystemProps<Theme> & Omit<...>'.
      Property 'item' does not exist on type 'IntrinsicAttributes & GridBaseProps & { sx?: SxProps<Theme> | undefined; } & SystemProps<Theme> & Omit<...>'.
    83 |       <Grid container spacing={3} sx={{ mb: 4 }}>
    84 |         {/* Main Chart */}
  > 85 |         <Grid item xs={12} lg={8}>
       |         ^^^^^^^^^^^^^^^^^^^^^^^^^^
    86 |           <Paper sx={{ p: 3, borderRadius: 4, height: 400 }}>
    87 |             <Box sx={{ display: 'flex', justifyContent: 'space-between', mb: 2 }}>
    88 |               <Typography variant="h6" sx={{ fontWeight: 'bold' }}>Trend Analisis</Typography>

ERROR in src/pages/Dashboard.tsx:124:9
TS2769: No overload matches this call.
  Overload 1 of 2, '(props: { component: ElementType<any, keyof IntrinsicElements>; } & GridBaseProps & { sx?: SxProps<Theme> | undefined; } & SystemProps<...> & Omit<...>): Element | null', gave the following error.
    Property 'component' is missing in type '{ children: Element; item: true; xs: number; lg: number; }' but required in type '{ component: ElementType<any, keyof IntrinsicElements>; }'.
  Overload 2 of 2, '(props: DefaultComponentProps<GridTypeMap<{}, "div">>): Element | null', gave the following error.
    Type '{ children: Element; item: true; xs: number; lg: number; }' is not assignable to type 'IntrinsicAttributes & GridBaseProps & { sx?: SxProps<Theme> | undefined; } & SystemProps<Theme> & Omit<...>'.
      Property 'item' does not exist on type 'IntrinsicAttributes & GridBaseProps & { sx?: SxProps<Theme> | undefined; } & SystemProps<Theme> & Omit<...>'.
    122 |
    123 |         {/* Info Card */}
  > 124 |         <Grid item xs={12} lg={4}>
        |         ^^^^^^^^^^^^^^^^^^^^^^^^^^
    125 |           <Card sx={{
    126 |             borderRadius: 4, height: '100%', minHeight: 400,
    127 |             background: 'linear-gradient(135deg, #135bec 0%, #4a90e2 100%)',

ERROR in src/pages/Patients.tsx:154:13
TS2769: No overload matches this call.
  Overload 1 of 2, '(props: { component: ElementType<any, keyof IntrinsicElements>; } & GridBaseProps & { sx?: SxProps<Theme> | undefined; } & SystemProps<...> & Omit<...>): Element | null', gave the following error.
    Property 'component' is missing in type '{ children: Element; item: true; xs: number; }' but required in type '{ component: ElementType<any, keyof IntrinsicElements>; }'.
  Overload 2 of 2, '(props: DefaultComponentProps<GridTypeMap<{}, "div">>): Element | null', gave the following error.
    Type '{ children: Element; item: true; xs: number; }' is not assignable to type 'IntrinsicAttributes & GridBaseProps & { sx?: SxProps<Theme> | undefined; } & SystemProps<Theme> & Omit<...>'.
      Property 'item' does not exist on type 'IntrinsicAttributes & GridBaseProps & { sx?: SxProps<Theme> | undefined; } & SystemProps<Theme> & Omit<...>'.
    152 |         <DialogContent>
    153 |           <Grid container spacing={2} sx={{ mt: 1 }}>
  > 154 |             <Grid item xs={12}>
        |             ^^^^^^^^^^^^^^^^^^^
    155 |               <TextField
    156 |                 label="Nama Lengkap"
    157 |                 fullWidth

ERROR in src/pages/Patients.tsx:162:13
TS2769: No overload matches this call.
  Overload 1 of 2, '(props: { component: ElementType<any, keyof IntrinsicElements>; } & GridBaseProps & { sx?: SxProps<Theme> | undefined; } & SystemProps<...> & Omit<...>): Element | null', gave the following error.
    Property 'component' is missing in type '{ children: Element; item: true; xs: number; sm: number; }' but required in type '{ component: ElementType<any, keyof IntrinsicElements>; }'.
  Overload 2 of 2, '(props: DefaultComponentProps<GridTypeMap<{}, "div">>): Element | null', gave the following error.
    Type '{ children: Element; item: true; xs: number; sm: number; }' is not assignable to type 'IntrinsicAttributes & GridBaseProps & { sx?: SxProps<Theme> | undefined; } & SystemProps<Theme> & Omit<...>'.
      Property 'item' does not exist on type 'IntrinsicAttributes & GridBaseProps & { sx?: SxProps<Theme> | undefined; } & SystemProps<Theme> & Omit<...>'.
    160 |               />
    161 |             </Grid>
  > 162 |             <Grid item xs={12} sm={6}>
        |             ^^^^^^^^^^^^^^^^^^^^^^^^^^
    163 |               <TextField
    164 |                 label="NIK"
    165 |                 fullWidth

ERROR in src/pages/Patients.tsx:170:13
TS2769: No overload matches this call.
  Overload 1 of 2, '(props: { component: ElementType<any, keyof IntrinsicElements>; } & GridBaseProps & { sx?: SxProps<Theme> | undefined; } & SystemProps<...> & Omit<...>): Element | null', gave the following error.
    Property 'component' is missing in type '{ children: Element; item: true; xs: number; sm: number; }' but required in type '{ component: ElementType<any, keyof IntrinsicElements>; }'.
  Overload 2 of 2, '(props: DefaultComponentProps<GridTypeMap<{}, "div">>): Element | null', gave the following error.
    Type '{ children: Element; item: true; xs: number; sm: number; }' is not assignable to type 'IntrinsicAttributes & GridBaseProps & { sx?: SxProps<Theme> | undefined; } & SystemProps<Theme> & Omit<...>'.
      Property 'item' does not exist on type 'IntrinsicAttributes & GridBaseProps & { sx?: SxProps<Theme> | undefined; } & SystemProps<Theme> & Omit<...>'.
    168 |               />
    169 |             </Grid>
  > 170 |             <Grid item xs={12} sm={6}>
        |             ^^^^^^^^^^^^^^^^^^^^^^^^^^
    171 |               <TextField
    172 |                 select
    173 |                 label="Jenis Kelamin"

ERROR in src/pages/Patients.tsx:182:13
TS2769: No overload matches this call.
  Overload 1 of 2, '(props: { component: ElementType<any, keyof IntrinsicElements>; } & GridBaseProps & { sx?: SxProps<Theme> | undefined; } & SystemProps<...> & Omit<...>): Element | null', gave the following error.
    Property 'component' is missing in type '{ children: Element; item: true; xs: number; }' but required in type '{ component: ElementType<any, keyof IntrinsicElements>; }'.
  Overload 2 of 2, '(props: DefaultComponentProps<GridTypeMap<{}, "div">>): Element | null', gave the following error.
    Type '{ children: Element; item: true; xs: number; }' is not assignable to type 'IntrinsicAttributes & GridBaseProps & { sx?: SxProps<Theme> | undefined; } & SystemProps<Theme> & Omit<...>'.
      Property 'item' does not exist on type 'IntrinsicAttributes & GridBaseProps & { sx?: SxProps<Theme> | undefined; } & SystemProps<Theme> & Omit<...>'.
    180 |               </TextField>
    181 |             </Grid>
  > 182 |             <Grid item xs={12}>
        |             ^^^^^^^^^^^^^^^^^^^
    183 |               <TextField
    184 |                 label="Tanggal Lahir"
    185 |                 type="date"

Compiling...
Compiled with warnings.

[eslint]
src/components/layout/Sidebar.tsx
  Line 11:15:  'BarChartIcon' is defined but never used  @typescript-eslint/no-unused-vars

src/pages/Dashboard.tsx
  Line 9:19:  'TrendingDownIcon' is defined but never used  @typescript-eslint/no-unused-vars

Search for the keywords to learn more about each warning.
To ignore, add // eslint-disable-next-line to the line before.

WARNING in [eslint]
src/components/layout/Sidebar.tsx
  Line 11:15:  'BarChartIcon' is defined but never used  @typescript-eslint/no-unused-vars

src/pages/Dashboard.tsx
  Line 9:19:  'TrendingDownIcon' is defined but never used  @typescript-eslint/no-unused-vars

webpack compiled with 1 warning
ERROR in src/pages/Dashboard.tsx:85:9
TS2769: No overload matches this call.
  Overload 1 of 2, '(props: { component: ElementType<any, keyof IntrinsicElements>; } & GridBaseProps & { sx?: SxProps<Theme> | undefined; } & SystemProps<...> & Omit<...>): Element | null', gave the following error.
    Property 'component' is missing in type '{ children: Element; item: true; xs: number; lg: number; }' but required in type '{ component: ElementType<any, keyof IntrinsicElements>; }'.
  Overload 2 of 2, '(props: DefaultComponentProps<GridTypeMap<{}, "div">>): Element | null', gave the following error.
    Type '{ children: Element; item: true; xs: number; lg: number; }' is not assignable to type 'IntrinsicAttributes & GridBaseProps & { sx?: SxProps<Theme> | undefined; } & SystemProps<Theme> & Omit<...>'.
      Property 'item' does not exist on type 'IntrinsicAttributes & GridBaseProps & { sx?: SxProps<Theme> | undefined; } & SystemProps<Theme> & Omit<...>'.
    83 |       <Grid container spacing={3} sx={{ mb: 4 }}>
    84 |         {/* Main Chart */}
  > 85 |         <Grid item xs={12} lg={8}>
       |         ^^^^^^^^^^^^^^^^^^^^^^^^^^
    86 |           <Paper sx={{ p: 3, borderRadius: 4, height: 400 }}>
    87 |             <Box sx={{ display: 'flex', justifyContent: 'space-between', mb: 2 }}>
    88 |               <Typography variant="h6" sx={{ fontWeight: 'bold' }}>Trend Analisis</Typography>

ERROR in src/pages/Dashboard.tsx:124:9
TS2769: No overload matches this call.
  Overload 1 of 2, '(props: { component: ElementType<any, keyof IntrinsicElements>; } & GridBaseProps & { sx?: SxProps<Theme> | undefined; } & SystemProps<...> & Omit<...>): Element | null', gave the following error.
    Property 'component' is missing in type '{ children: Element; item: true; xs: number; lg: number; }' but required in type '{ component: ElementType<any, keyof IntrinsicElements>; }'.
  Overload 2 of 2, '(props: DefaultComponentProps<GridTypeMap<{}, "div">>): Element | null', gave the following error.
    Type '{ children: Element; item: true; xs: number; lg: number; }' is not assignable to type 'IntrinsicAttributes & GridBaseProps & { sx?: SxProps<Theme> | undefined; } & SystemProps<Theme> & Omit<...>'.
      Property 'item' does not exist on type 'IntrinsicAttributes & GridBaseProps & { sx?: SxProps<Theme> | undefined; } & SystemProps<Theme> & Omit<...>'.
    122 |
    123 |         {/* Info Card */}
  > 124 |         <Grid item xs={12} lg={4}>
        |         ^^^^^^^^^^^^^^^^^^^^^^^^^^
    125 |           <Card sx={{
    126 |             borderRadius: 4, height: '100%', minHeight: 400,
    127 |             background: 'linear-gradient(135deg, #135bec 0%, #4a90e2 100%)',

ERROR in src/pages/Patients.tsx:154:13
TS2769: No overload matches this call.
  Overload 1 of 2, '(props: { component: ElementType<any, keyof IntrinsicElements>; } & GridBaseProps & { sx?: SxProps<Theme> | undefined; } & SystemProps<...> & Omit<...>): Element | null', gave the following error.
    Property 'component' is missing in type '{ children: Element; item: true; xs: number; }' but required in type '{ component: ElementType<any, keyof IntrinsicElements>; }'.
  Overload 2 of 2, '(props: DefaultComponentProps<GridTypeMap<{}, "div">>): Element | null', gave the following error.
    Type '{ children: Element; item: true; xs: number; }' is not assignable to type 'IntrinsicAttributes & GridBaseProps & { sx?: SxProps<Theme> | undefined; } & SystemProps<Theme> & Omit<...>'.
      Property 'item' does not exist on type 'IntrinsicAttributes & GridBaseProps & { sx?: SxProps<Theme> | undefined; } & SystemProps<Theme> & Omit<...>'.
    152 |         <DialogContent>
    153 |           <Grid container spacing={2} sx={{ mt: 1 }}>
  > 154 |             <Grid item xs={12}>
        |             ^^^^^^^^^^^^^^^^^^^
    155 |               <TextField
    156 |                 label="Nama Lengkap"
    157 |                 fullWidth

ERROR in src/pages/Patients.tsx:162:13
TS2769: No overload matches this call.
  Overload 1 of 2, '(props: { component: ElementType<any, keyof IntrinsicElements>; } & GridBaseProps & { sx?: SxProps<Theme> | undefined; } & SystemProps<...> & Omit<...>): Element | null', gave the following error.
    Property 'component' is missing in type '{ children: Element; item: true; xs: number; sm: number; }' but required in type '{ component: ElementType<any, keyof IntrinsicElements>; }'.
  Overload 2 of 2, '(props: DefaultComponentProps<GridTypeMap<{}, "div">>): Element | null', gave the following error.
    Type '{ children: Element; item: true; xs: number; sm: number; }' is not assignable to type 'IntrinsicAttributes & GridBaseProps & { sx?: SxProps<Theme> | undefined; } & SystemProps<Theme> & Omit<...>'.
      Property 'item' does not exist on type 'IntrinsicAttributes & GridBaseProps & { sx?: SxProps<Theme> | undefined; } & SystemProps<Theme> & Omit<...>'.
    160 |               />
    161 |             </Grid>
  > 162 |             <Grid item xs={12} sm={6}>
        |             ^^^^^^^^^^^^^^^^^^^^^^^^^^
    163 |               <TextField
    164 |                 label="NIK"
    165 |                 fullWidth

ERROR in src/pages/Patients.tsx:170:13
TS2769: No overload matches this call.
  Overload 1 of 2, '(props: { component: ElementType<any, keyof IntrinsicElements>; } & GridBaseProps & { sx?: SxProps<Theme> | undefined; } & SystemProps<...> & Omit<...>): Element | null', gave the following error.
    Property 'component' is missing in type '{ children: Element; item: true; xs: number; sm: number; }' but required in type '{ component: ElementType<any, keyof IntrinsicElements>; }'.
  Overload 2 of 2, '(props: DefaultComponentProps<GridTypeMap<{}, "div">>): Element | null', gave the following error.
    Type '{ children: Element; item: true; xs: number; sm: number; }' is not assignable to type 'IntrinsicAttributes & GridBaseProps & { sx?: SxProps<Theme> | undefined; } & SystemProps<Theme> & Omit<...>'.
      Property 'item' does not exist on type 'IntrinsicAttributes & GridBaseProps & { sx?: SxProps<Theme> | undefined; } & SystemProps<Theme> & Omit<...>'.
    168 |               />
    169 |             </Grid>
  > 170 |             <Grid item xs={12} sm={6}>
        |             ^^^^^^^^^^^^^^^^^^^^^^^^^^
    171 |               <TextField
    172 |                 select
    173 |                 label="Jenis Kelamin"

ERROR in src/pages/Patients.tsx:182:13
TS2769: No overload matches this call.
  Overload 1 of 2, '(props: { component: ElementType<any, keyof IntrinsicElements>; } & GridBaseProps & { sx?: SxProps<Theme> | undefined; } & SystemProps<...> & Omit<...>): Element | null', gave the following error.
    Property 'component' is missing in type '{ children: Element; item: true; xs: number; }' but required in type '{ component: ElementType<any, keyof IntrinsicElements>; }'.
  Overload 2 of 2, '(props: DefaultComponentProps<GridTypeMap<{}, "div">>): Element | null', gave the following error.
    Type '{ children: Element; item: true; xs: number; }' is not assignable to type 'IntrinsicAttributes & GridBaseProps & { sx?: SxProps<Theme> | undefined; } & SystemProps<Theme> & Omit<...>'.
      Property 'item' does not exist on type 'IntrinsicAttributes & GridBaseProps & { sx?: SxProps<Theme> | undefined; } & SystemProps<Theme> & Omit<...>'.
    180 |               </TextField>
    181 |             </Grid>
  > 182 |             <Grid item xs={12}>
        |             ^^^^^^^^^^^^^^^^^^^
    183 |               <TextField
    184 |                 label="Tanggal Lahir"
    185 |                 type="date"

Compiling...
Compiled with warnings.

[eslint]
src/components/layout/Sidebar.tsx
  Line 11:15:  'BarChartIcon' is defined but never used  @typescript-eslint/no-unused-vars

src/pages/Dashboard.tsx
  Line 9:19:  'TrendingDownIcon' is defined but never used  @typescript-eslint/no-unused-vars

Search for the keywords to learn more about each warning.
To ignore, add // eslint-disable-next-line to the line before.

WARNING in [eslint]
src/components/layout/Sidebar.tsx
  Line 11:15:  'BarChartIcon' is defined but never used  @typescript-eslint/no-unused-vars

src/pages/Dashboard.tsx
  Line 9:19:  'TrendingDownIcon' is defined but never used  @typescript-eslint/no-unused-vars

webpack compiled with 1 warning
ERROR in src/pages/Dashboard.tsx:85:9
TS2769: No overload matches this call.
  Overload 1 of 2, '(props: { component: ElementType<any, keyof IntrinsicElements>; } & GridBaseProps & { sx?: SxProps<Theme> | undefined; } & SystemProps<...> & Omit<...>): Element | null', gave the following error.
    Property 'component' is missing in type '{ children: Element; item: true; xs: number; lg: number; }' but required in type '{ component: ElementType<any, keyof IntrinsicElements>; }'.
  Overload 2 of 2, '(props: DefaultComponentProps<GridTypeMap<{}, "div">>): Element | null', gave the following error.
    Type '{ children: Element; item: true; xs: number; lg: number; }' is not assignable to type 'IntrinsicAttributes & GridBaseProps & { sx?: SxProps<Theme> | undefined; } & SystemProps<Theme> & Omit<...>'.
      Property 'item' does not exist on type 'IntrinsicAttributes & GridBaseProps & { sx?: SxProps<Theme> | undefined; } & SystemProps<Theme> & Omit<...>'.
    83 |       <Grid container spacing={3} sx={{ mb: 4 }}>
    84 |         {/* Main Chart */}
  > 85 |         <Grid item xs={12} lg={8}>
       |         ^^^^^^^^^^^^^^^^^^^^^^^^^^
    86 |           <Paper sx={{ p: 3, borderRadius: 4, height: 400 }}>
    87 |             <Box sx={{ display: 'flex', justifyContent: 'space-between', mb: 2 }}>
    88 |               <Typography variant="h6" sx={{ fontWeight: 'bold' }}>Trend Analisis</Typography>

ERROR in src/pages/Dashboard.tsx:124:9
TS2769: No overload matches this call.
  Overload 1 of 2, '(props: { component: ElementType<any, keyof IntrinsicElements>; } & GridBaseProps & { sx?: SxProps<Theme> | undefined; } & SystemProps<...> & Omit<...>): Element | null', gave the following error.
    Property 'component' is missing in type '{ children: Element; item: true; xs: number; lg: number; }' but required in type '{ component: ElementType<any, keyof IntrinsicElements>; }'.
  Overload 2 of 2, '(props: DefaultComponentProps<GridTypeMap<{}, "div">>): Element | null', gave the following error.
    Type '{ children: Element; item: true; xs: number; lg: number; }' is not assignable to type 'IntrinsicAttributes & GridBaseProps & { sx?: SxProps<Theme> | undefined; } & SystemProps<Theme> & Omit<...>'.
      Property 'item' does not exist on type 'IntrinsicAttributes & GridBaseProps & { sx?: SxProps<Theme> | undefined; } & SystemProps<Theme> & Omit<...>'.
    122 |
    123 |         {/* Info Card */}
  > 124 |         <Grid item xs={12} lg={4}>
        |         ^^^^^^^^^^^^^^^^^^^^^^^^^^
    125 |           <Card sx={{
    126 |             borderRadius: 4, height: '100%', minHeight: 400,
    127 |             background: 'linear-gradient(135deg, #135bec 0%, #4a90e2 100%)',

ERROR in src/pages/Patients.tsx:154:13
TS2769: No overload matches this call.
  Overload 1 of 2, '(props: { component: ElementType<any, keyof IntrinsicElements>; } & GridBaseProps & { sx?: SxProps<Theme> | undefined; } & SystemProps<...> & Omit<...>): Element | null', gave the following error.
    Property 'component' is missing in type '{ children: Element; item: true; xs: number; }' but required in type '{ component: ElementType<any, keyof IntrinsicElements>; }'.
  Overload 2 of 2, '(props: DefaultComponentProps<GridTypeMap<{}, "div">>): Element | null', gave the following error.
    Type '{ children: Element; item: true; xs: number; }' is not assignable to type 'IntrinsicAttributes & GridBaseProps & { sx?: SxProps<Theme> | undefined; } & SystemProps<Theme> & Omit<...>'.
      Property 'item' does not exist on type 'IntrinsicAttributes & GridBaseProps & { sx?: SxProps<Theme> | undefined; } & SystemProps<Theme> & Omit<...>'.
    152 |         <DialogContent>
    153 |           <Grid container spacing={2} sx={{ mt: 1 }}>
  > 154 |             <Grid item xs={12}>
        |             ^^^^^^^^^^^^^^^^^^^
    155 |               <TextField
    156 |                 label="Nama Lengkap"
    157 |                 fullWidth

ERROR in src/pages/Patients.tsx:162:13
TS2769: No overload matches this call.
  Overload 1 of 2, '(props: { component: ElementType<any, keyof IntrinsicElements>; } & GridBaseProps & { sx?: SxProps<Theme> | undefined; } & SystemProps<...> & Omit<...>): Element | null', gave the following error.
    Property 'component' is missing in type '{ children: Element; item: true; xs: number; sm: number; }' but required in type '{ component: ElementType<any, keyof IntrinsicElements>; }'.
  Overload 2 of 2, '(props: DefaultComponentProps<GridTypeMap<{}, "div">>): Element | null', gave the following error.
    Type '{ children: Element; item: true; xs: number; sm: number; }' is not assignable to type 'IntrinsicAttributes & GridBaseProps & { sx?: SxProps<Theme> | undefined; } & SystemProps<Theme> & Omit<...>'.
      Property 'item' does not exist on type 'IntrinsicAttributes & GridBaseProps & { sx?: SxProps<Theme> | undefined; } & SystemProps<Theme> & Omit<...>'.
    160 |               />
    161 |             </Grid>
  > 162 |             <Grid item xs={12} sm={6}>
        |             ^^^^^^^^^^^^^^^^^^^^^^^^^^
    163 |               <TextField
    164 |                 label="NIK"
    165 |                 fullWidth

ERROR in src/pages/Patients.tsx:170:13
TS2769: No overload matches this call.
  Overload 1 of 2, '(props: { component: ElementType<any, keyof IntrinsicElements>; } & GridBaseProps & { sx?: SxProps<Theme> | undefined; } & SystemProps<...> & Omit<...>): Element | null', gave the following error.
    Property 'component' is missing in type '{ children: Element; item: true; xs: number; sm: number; }' but required in type '{ component: ElementType<any, keyof IntrinsicElements>; }'.
  Overload 2 of 2, '(props: DefaultComponentProps<GridTypeMap<{}, "div">>): Element | null', gave the following error.
    Type '{ children: Element; item: true; xs: number; sm: number; }' is not assignable to type 'IntrinsicAttributes & GridBaseProps & { sx?: SxProps<Theme> | undefined; } & SystemProps<Theme> & Omit<...>'.
      Property 'item' does not exist on type 'IntrinsicAttributes & GridBaseProps & { sx?: SxProps<Theme> | undefined; } & SystemProps<Theme> & Omit<...>'.
    168 |               />
    169 |             </Grid>
  > 170 |             <Grid item xs={12} sm={6}>
        |             ^^^^^^^^^^^^^^^^^^^^^^^^^^
    171 |               <TextField
    172 |                 select
    173 |                 label="Jenis Kelamin"

ERROR in src/pages/Patients.tsx:182:13
TS2769: No overload matches this call.
  Overload 1 of 2, '(props: { component: ElementType<any, keyof IntrinsicElements>; } & GridBaseProps & { sx?: SxProps<Theme> | undefined; } & SystemProps<...> & Omit<...>): Element | null', gave the following error.
    Property 'component' is missing in type '{ children: Element; item: true; xs: number; }' but required in type '{ component: ElementType<any, keyof IntrinsicElements>; }'.
  Overload 2 of 2, '(props: DefaultComponentProps<GridTypeMap<{}, "div">>): Element | null', gave the following error.
    Type '{ children: Element; item: true; xs: number; }' is not assignable to type 'IntrinsicAttributes & GridBaseProps & { sx?: SxProps<Theme> | undefined; } & SystemProps<Theme> & Omit<...>'.
      Property 'item' does not exist on type 'IntrinsicAttributes & GridBaseProps & { sx?: SxProps<Theme> | undefined; } & SystemProps<Theme> & Omit<...>'.
    180 |               </TextField>
    181 |             </Grid>
  > 182 |             <Grid item xs={12}>
        |             ^^^^^^^^^^^^^^^^^^^
    183 |               <TextField
    184 |                 label="Tanggal Lahir"
    185 |                 type="date"

Compiling...
Compiled with warnings.

[eslint]
src/components/layout/Sidebar.tsx
  Line 11:15:  'BarChartIcon' is defined but never used  @typescript-eslint/no-unused-vars

src/pages/ActivityLogs.tsx
  Line 6:24:  'AssignmentIcon' is defined but never used  @typescript-eslint/no-unused-vars

src/pages/Dashboard.tsx
  Line 9:19:  'TrendingDownIcon' is defined but never used  @typescript-eslint/no-unused-vars

Search for the keywords to learn more about each warning.
To ignore, add // eslint-disable-next-line to the line before.

WARNING in [eslint]
src/components/layout/Sidebar.tsx
  Line 11:15:  'BarChartIcon' is defined but never used  @typescript-eslint/no-unused-vars

src/pages/ActivityLogs.tsx
  Line 6:24:  'AssignmentIcon' is defined but never used  @typescript-eslint/no-unused-vars

src/pages/Dashboard.tsx
  Line 9:19:  'TrendingDownIcon' is defined but never used  @typescript-eslint/no-unused-vars

webpack compiled with 1 warning
ERROR in src/pages/Dashboard.tsx:85:9
TS2769: No overload matches this call.
  Overload 1 of 2, '(props: { component: ElementType<any, keyof IntrinsicElements>; } & GridBaseProps & { sx?: SxProps<Theme> | undefined; } & SystemProps<...> & Omit<...>): Element | null', gave the following error.
    Property 'component' is missing in type '{ children: Element; item: true; xs: number; lg: number; }' but required in type '{ component: ElementType<any, keyof IntrinsicElements>; }'.
  Overload 2 of 2, '(props: DefaultComponentProps<GridTypeMap<{}, "div">>): Element | null', gave the following error.
    Type '{ children: Element; item: true; xs: number; lg: number; }' is not assignable to type 'IntrinsicAttributes & GridBaseProps & { sx?: SxProps<Theme> | undefined; } & SystemProps<Theme> & Omit<...>'.
      Property 'item' does not exist on type 'IntrinsicAttributes & GridBaseProps & { sx?: SxProps<Theme> | undefined; } & SystemProps<Theme> & Omit<...>'.
    83 |       <Grid container spacing={3} sx={{ mb: 4 }}>
    84 |         {/* Main Chart */}
  > 85 |         <Grid item xs={12} lg={8}>
       |         ^^^^^^^^^^^^^^^^^^^^^^^^^^
    86 |           <Paper sx={{ p: 3, borderRadius: 4, height: 400 }}>
    87 |             <Box sx={{ display: 'flex', justifyContent: 'space-between', mb: 2 }}>
    88 |               <Typography variant="h6" sx={{ fontWeight: 'bold' }}>Trend Analisis</Typography>

ERROR in src/pages/Dashboard.tsx:124:9
TS2769: No overload matches this call.
  Overload 1 of 2, '(props: { component: ElementType<any, keyof IntrinsicElements>; } & GridBaseProps & { sx?: SxProps<Theme> | undefined; } & SystemProps<...> & Omit<...>): Element | null', gave the following error.
    Property 'component' is missing in type '{ children: Element; item: true; xs: number; lg: number; }' but required in type '{ component: ElementType<any, keyof IntrinsicElements>; }'.
  Overload 2 of 2, '(props: DefaultComponentProps<GridTypeMap<{}, "div">>): Element | null', gave the following error.
    Type '{ children: Element; item: true; xs: number; lg: number; }' is not assignable to type 'IntrinsicAttributes & GridBaseProps & { sx?: SxProps<Theme> | undefined; } & SystemProps<Theme> & Omit<...>'.
      Property 'item' does not exist on type 'IntrinsicAttributes & GridBaseProps & { sx?: SxProps<Theme> | undefined; } & SystemProps<Theme> & Omit<...>'.
    122 |
    123 |         {/* Info Card */}
  > 124 |         <Grid item xs={12} lg={4}>
        |         ^^^^^^^^^^^^^^^^^^^^^^^^^^
    125 |           <Card sx={{
    126 |             borderRadius: 4, height: '100%', minHeight: 400,
    127 |             background: 'linear-gradient(135deg, #135bec 0%, #4a90e2 100%)',

ERROR in src/pages/Patients.tsx:154:13
TS2769: No overload matches this call.
  Overload 1 of 2, '(props: { component: ElementType<any, keyof IntrinsicElements>; } & GridBaseProps & { sx?: SxProps<Theme> | undefined; } & SystemProps<...> & Omit<...>): Element | null', gave the following error.
    Property 'component' is missing in type '{ children: Element; item: true; xs: number; }' but required in type '{ component: ElementType<any, keyof IntrinsicElements>; }'.
  Overload 2 of 2, '(props: DefaultComponentProps<GridTypeMap<{}, "div">>): Element | null', gave the following error.
    Type '{ children: Element; item: true; xs: number; }' is not assignable to type 'IntrinsicAttributes & GridBaseProps & { sx?: SxProps<Theme> | undefined; } & SystemProps<Theme> & Omit<...>'.
      Property 'item' does not exist on type 'IntrinsicAttributes & GridBaseProps & { sx?: SxProps<Theme> | undefined; } & SystemProps<Theme> & Omit<...>'.
    152 |         <DialogContent>
    153 |           <Grid container spacing={2} sx={{ mt: 1 }}>
  > 154 |             <Grid item xs={12}>
        |             ^^^^^^^^^^^^^^^^^^^
    155 |               <TextField
    156 |                 label="Nama Lengkap"
    157 |                 fullWidth

ERROR in src/pages/Patients.tsx:162:13
TS2769: No overload matches this call.
  Overload 1 of 2, '(props: { component: ElementType<any, keyof IntrinsicElements>; } & GridBaseProps & { sx?: SxProps<Theme> | undefined; } & SystemProps<...> & Omit<...>): Element | null', gave the following error.
    Property 'component' is missing in type '{ children: Element; item: true; xs: number; sm: number; }' but required in type '{ component: ElementType<any, keyof IntrinsicElements>; }'.
  Overload 2 of 2, '(props: DefaultComponentProps<GridTypeMap<{}, "div">>): Element | null', gave the following error.
    Type '{ children: Element; item: true; xs: number; sm: number; }' is not assignable to type 'IntrinsicAttributes & GridBaseProps & { sx?: SxProps<Theme> | undefined; } & SystemProps<Theme> & Omit<...>'.
      Property 'item' does not exist on type 'IntrinsicAttributes & GridBaseProps & { sx?: SxProps<Theme> | undefined; } & SystemProps<Theme> & Omit<...>'.
    160 |               />
    161 |             </Grid>
  > 162 |             <Grid item xs={12} sm={6}>
        |             ^^^^^^^^^^^^^^^^^^^^^^^^^^
    163 |               <TextField
    164 |                 label="NIK"
    165 |                 fullWidth

ERROR in src/pages/Patients.tsx:170:13
TS2769: No overload matches this call.
  Overload 1 of 2, '(props: { component: ElementType<any, keyof IntrinsicElements>; } & GridBaseProps & { sx?: SxProps<Theme> | undefined; } & SystemProps<...> & Omit<...>): Element | null', gave the following error.
    Property 'component' is missing in type '{ children: Element; item: true; xs: number; sm: number; }' but required in type '{ component: ElementType<any, keyof IntrinsicElements>; }'.
  Overload 2 of 2, '(props: DefaultComponentProps<GridTypeMap<{}, "div">>): Element | null', gave the following error.
    Type '{ children: Element; item: true; xs: number; sm: number; }' is not assignable to type 'IntrinsicAttributes & GridBaseProps & { sx?: SxProps<Theme> | undefined; } & SystemProps<Theme> & Omit<...>'.
      Property 'item' does not exist on type 'IntrinsicAttributes & GridBaseProps & { sx?: SxProps<Theme> | undefined; } & SystemProps<Theme> & Omit<...>'.
    168 |               />
    169 |             </Grid>
  > 170 |             <Grid item xs={12} sm={6}>
        |             ^^^^^^^^^^^^^^^^^^^^^^^^^^
    171 |               <TextField
    172 |                 select
    173 |                 label="Jenis Kelamin"

ERROR in src/pages/Patients.tsx:182:13
TS2769: No overload matches this call.
  Overload 1 of 2, '(props: { component: ElementType<any, keyof IntrinsicElements>; } & GridBaseProps & { sx?: SxProps<Theme> | undefined; } & SystemProps<...> & Omit<...>): Element | null', gave the following error.
    Property 'component' is missing in type '{ children: Element; item: true; xs: number; }' but required in type '{ component: ElementType<any, keyof IntrinsicElements>; }'.
  Overload 2 of 2, '(props: DefaultComponentProps<GridTypeMap<{}, "div">>): Element | null', gave the following error.
    Type '{ children: Element; item: true; xs: number; }' is not assignable to type 'IntrinsicAttributes & GridBaseProps & { sx?: SxProps<Theme> | undefined; } & SystemProps<Theme> & Omit<...>'.
      Property 'item' does not exist on type 'IntrinsicAttributes & GridBaseProps & { sx?: SxProps<Theme> | undefined; } & SystemProps<Theme> & Omit<...>'.
    180 |               </TextField>
    181 |             </Grid>
  > 182 |             <Grid item xs={12}>
        |             ^^^^^^^^^^^^^^^^^^^
    183 |               <TextField
    184 |                 label="Tanggal Lahir"
    185 |                 type="date"

Compiling...
Compiled with warnings.

[eslint]
src/components/layout/Sidebar.tsx
  Line 11:15:  'BarChartIcon' is defined but never used  @typescript-eslint/no-unused-vars

src/pages/ActivityLogs.tsx
  Line 6:24:  'AssignmentIcon' is defined but never used  @typescript-eslint/no-unused-vars

src/pages/Dashboard.tsx
  Line 9:19:  'TrendingDownIcon' is defined but never used  @typescript-eslint/no-unused-vars

Search for the keywords to learn more about each warning.
To ignore, add // eslint-disable-next-line to the line before.

WARNING in [eslint]
src/components/layout/Sidebar.tsx
  Line 11:15:  'BarChartIcon' is defined but never used  @typescript-eslint/no-unused-vars

src/pages/ActivityLogs.tsx
  Line 6:24:  'AssignmentIcon' is defined but never used  @typescript-eslint/no-unused-vars

src/pages/Dashboard.tsx
  Line 9:19:  'TrendingDownIcon' is defined but never used  @typescript-eslint/no-unused-vars

webpack compiled with 1 warning
ERROR in src/pages/Dashboard.tsx:85:9
TS2769: No overload matches this call.
  Overload 1 of 2, '(props: { component: ElementType<any, keyof IntrinsicElements>; } & GridBaseProps & { sx?: SxProps<Theme> | undefined; } & SystemProps<...> & Omit<...>): Element | null', gave the following error.
    Property 'component' is missing in type '{ children: Element; item: true; xs: number; lg: number; }' but required in type '{ component: ElementType<any, keyof IntrinsicElements>; }'.
  Overload 2 of 2, '(props: DefaultComponentProps<GridTypeMap<{}, "div">>): Element | null', gave the following error.
    Type '{ children: Element; item: true; xs: number; lg: number; }' is not assignable to type 'IntrinsicAttributes & GridBaseProps & { sx?: SxProps<Theme> | undefined; } & SystemProps<Theme> & Omit<...>'.
      Property 'item' does not exist on type 'IntrinsicAttributes & GridBaseProps & { sx?: SxProps<Theme> | undefined; } & SystemProps<Theme> & Omit<...>'.
    83 |       <Grid container spacing={3} sx={{ mb: 4 }}>
    84 |         {/* Main Chart */}
  > 85 |         <Grid item xs={12} lg={8}>
       |         ^^^^^^^^^^^^^^^^^^^^^^^^^^
    86 |           <Paper sx={{ p: 3, borderRadius: 4, height: 400 }}>
    87 |             <Box sx={{ display: 'flex', justifyContent: 'space-between', mb: 2 }}>
    88 |               <Typography variant="h6" sx={{ fontWeight: 'bold' }}>Trend Analisis</Typography>

ERROR in src/pages/Dashboard.tsx:124:9
TS2769: No overload matches this call.
  Overload 1 of 2, '(props: { component: ElementType<any, keyof IntrinsicElements>; } & GridBaseProps & { sx?: SxProps<Theme> | undefined; } & SystemProps<...> & Omit<...>): Element | null', gave the following error.
    Property 'component' is missing in type '{ children: Element; item: true; xs: number; lg: number; }' but required in type '{ component: ElementType<any, keyof IntrinsicElements>; }'.
  Overload 2 of 2, '(props: DefaultComponentProps<GridTypeMap<{}, "div">>): Element | null', gave the following error.
    Type '{ children: Element; item: true; xs: number; lg: number; }' is not assignable to type 'IntrinsicAttributes & GridBaseProps & { sx?: SxProps<Theme> | undefined; } & SystemProps<Theme> & Omit<...>'.
      Property 'item' does not exist on type 'IntrinsicAttributes & GridBaseProps & { sx?: SxProps<Theme> | undefined; } & SystemProps<Theme> & Omit<...>'.
    122 |
    123 |         {/* Info Card */}
  > 124 |         <Grid item xs={12} lg={4}>
        |         ^^^^^^^^^^^^^^^^^^^^^^^^^^
    125 |           <Card sx={{
    126 |             borderRadius: 4, height: '100%', minHeight: 400,
    127 |             background: 'linear-gradient(135deg, #135bec 0%, #4a90e2 100%)',

ERROR in src/pages/Patients.tsx:154:13
TS2769: No overload matches this call.
  Overload 1 of 2, '(props: { component: ElementType<any, keyof IntrinsicElements>; } & GridBaseProps & { sx?: SxProps<Theme> | undefined; } & SystemProps<...> & Omit<...>): Element | null', gave the following error.
    Property 'component' is missing in type '{ children: Element; item: true; xs: number; }' but required in type '{ component: ElementType<any, keyof IntrinsicElements>; }'.
  Overload 2 of 2, '(props: DefaultComponentProps<GridTypeMap<{}, "div">>): Element | null', gave the following error.
    Type '{ children: Element; item: true; xs: number; }' is not assignable to type 'IntrinsicAttributes & GridBaseProps & { sx?: SxProps<Theme> | undefined; } & SystemProps<Theme> & Omit<...>'.
      Property 'item' does not exist on type 'IntrinsicAttributes & GridBaseProps & { sx?: SxProps<Theme> | undefined; } & SystemProps<Theme> & Omit<...>'.
    152 |         <DialogContent>
    153 |           <Grid container spacing={2} sx={{ mt: 1 }}>
  > 154 |             <Grid item xs={12}>
        |             ^^^^^^^^^^^^^^^^^^^
    155 |               <TextField
    156 |                 label="Nama Lengkap"
    157 |                 fullWidth

ERROR in src/pages/Patients.tsx:162:13
TS2769: No overload matches this call.
  Overload 1 of 2, '(props: { component: ElementType<any, keyof IntrinsicElements>; } & GridBaseProps & { sx?: SxProps<Theme> | undefined; } & SystemProps<...> & Omit<...>): Element | null', gave the following error.
    Property 'component' is missing in type '{ children: Element; item: true; xs: number; sm: number; }' but required in type '{ component: ElementType<any, keyof IntrinsicElements>; }'.
  Overload 2 of 2, '(props: DefaultComponentProps<GridTypeMap<{}, "div">>): Element | null', gave the following error.
    Type '{ children: Element; item: true; xs: number; sm: number; }' is not assignable to type 'IntrinsicAttributes & GridBaseProps & { sx?: SxProps<Theme> | undefined; } & SystemProps<Theme> & Omit<...>'.
      Property 'item' does not exist on type 'IntrinsicAttributes & GridBaseProps & { sx?: SxProps<Theme> | undefined; } & SystemProps<Theme> & Omit<...>'.
    160 |               />
    161 |             </Grid>
  > 162 |             <Grid item xs={12} sm={6}>
        |             ^^^^^^^^^^^^^^^^^^^^^^^^^^
    163 |               <TextField
    164 |                 label="NIK"
    165 |                 fullWidth

ERROR in src/pages/Patients.tsx:170:13
TS2769: No overload matches this call.
  Overload 1 of 2, '(props: { component: ElementType<any, keyof IntrinsicElements>; } & GridBaseProps & { sx?: SxProps<Theme> | undefined; } & SystemProps<...> & Omit<...>): Element | null', gave the following error.
    Property 'component' is missing in type '{ children: Element; item: true; xs: number; sm: number; }' but required in type '{ component: ElementType<any, keyof IntrinsicElements>; }'.
  Overload 2 of 2, '(props: DefaultComponentProps<GridTypeMap<{}, "div">>): Element | null', gave the following error.
    Type '{ children: Element; item: true; xs: number; sm: number; }' is not assignable to type 'IntrinsicAttributes & GridBaseProps & { sx?: SxProps<Theme> | undefined; } & SystemProps<Theme> & Omit<...>'.
      Property 'item' does not exist on type 'IntrinsicAttributes & GridBaseProps & { sx?: SxProps<Theme> | undefined; } & SystemProps<Theme> & Omit<...>'.
    168 |               />
    169 |             </Grid>
  > 170 |             <Grid item xs={12} sm={6}>
        |             ^^^^^^^^^^^^^^^^^^^^^^^^^^
    171 |               <TextField
    172 |                 select
    173 |                 label="Jenis Kelamin"

ERROR in src/pages/Patients.tsx:182:13
TS2769: No overload matches this call.
  Overload 1 of 2, '(props: { component: ElementType<any, keyof IntrinsicElements>; } & GridBaseProps & { sx?: SxProps<Theme> | undefined; } & SystemProps<...> & Omit<...>): Element | null', gave the following error.
    Property 'component' is missing in type '{ children: Element; item: true; xs: number; }' but required in type '{ component: ElementType<any, keyof IntrinsicElements>; }'.
  Overload 2 of 2, '(props: DefaultComponentProps<GridTypeMap<{}, "div">>): Element | null', gave the following error.
    Type '{ children: Element; item: true; xs: number; }' is not assignable to type 'IntrinsicAttributes & GridBaseProps & { sx?: SxProps<Theme> | undefined; } & SystemProps<Theme> & Omit<...>'.
      Property 'item' does not exist on type 'IntrinsicAttributes & GridBaseProps & { sx?: SxProps<Theme> | undefined; } & SystemProps<Theme> & Omit<...>'.
    180 |               </TextField>
    181 |             </Grid>
  > 182 |             <Grid item xs={12}>
        |             ^^^^^^^^^^^^^^^^^^^
    183 |               <TextField
    184 |                 label="Tanggal Lahir"
    185 |                 type="date"

ERROR in src/pages/Permissions.tsx:37:11
TS2769: No overload matches this call.
  Overload 1 of 2, '(props: { component: ElementType<any, keyof IntrinsicElements>; } & GridBaseProps & { sx?: SxProps<Theme> | undefined; } & SystemProps<...> & Omit<...>): Element | null', gave the following error.
    Property 'component' is missing in type '{ children: Element; item: true; xs: number; md: number; key: string; }' but required in type '{ component: ElementType<any, keyof IntrinsicElements>; }'.
  Overload 2 of 2, '(props: DefaultComponentProps<GridTypeMap<{}, "div">>): Element | null', gave the following error.
    Type '{ children: Element; item: true; xs: number; md: number; key: string; }' is not assignable to type 'IntrinsicAttributes & GridBaseProps & { sx?: SxProps<Theme> | undefined; } & SystemProps<Theme> & Omit<...>'.
      Property 'item' does not exist on type 'IntrinsicAttributes & GridBaseProps & { sx?: SxProps<Theme> | undefined; } & SystemProps<Theme> & Omit<...>'.
    35 |       <Grid container spacing={3}>
    36 |         {permissionGroups.map((group) => (
  > 37 |           <Grid item xs={12} md={6} key={group.title}>
       |           ^^^^^^^^^^^^^^^^^^^^^^^^^^^^^^^^^^^^^^^^^^^^
    38 |             <Card sx={{ borderRadius: 3, height: '100%' }}>
    39 |               <CardContent>
    40 |                 <Typography variant="h6" gutterBottom sx={{ fontWeight: 'bold', borderBottom: '2px solid', borderColor: 'primary.main', pb: 1, mb: 2 }}>

Compiling...
Compiled with warnings.

[eslint]
src/components/layout/Sidebar.tsx
  Line 11:15:  'BarChartIcon' is defined but never used  @typescript-eslint/no-unused-vars

src/pages/ActivityLogs.tsx
  Line 6:24:  'AssignmentIcon' is defined but never used  @typescript-eslint/no-unused-vars

src/pages/Dashboard.tsx
  Line 9:19:  'TrendingDownIcon' is defined but never used  @typescript-eslint/no-unused-vars

src/pages/Permissions.tsx
  Line 2:22:  'Paper' is defined but never used  @typescript-eslint/no-unused-vars

Search for the keywords to learn more about each warning.
To ignore, add // eslint-disable-next-line to the line before.

WARNING in [eslint]
src/components/layout/Sidebar.tsx
  Line 11:15:  'BarChartIcon' is defined but never used  @typescript-eslint/no-unused-vars

src/pages/ActivityLogs.tsx
  Line 6:24:  'AssignmentIcon' is defined but never used  @typescript-eslint/no-unused-vars

src/pages/Dashboard.tsx
  Line 9:19:  'TrendingDownIcon' is defined but never used  @typescript-eslint/no-unused-vars

src/pages/Permissions.tsx
  Line 2:22:  'Paper' is defined but never used  @typescript-eslint/no-unused-vars

webpack compiled with 1 warning
Compiling...
ERROR in src/pages/Dashboard.tsx:85:9
TS2769: No overload matches this call.
  Overload 1 of 2, '(props: { component: ElementType<any, keyof IntrinsicElements>; } & GridBaseProps & { sx?: SxProps<Theme> | undefined; } & SystemProps<...> & Omit<...>): Element | null', gave the following error.
    Property 'component' is missing in type '{ children: Element; item: true; xs: number; lg: number; }' but required in type '{ component: ElementType<any, keyof IntrinsicElements>; }'.
  Overload 2 of 2, '(props: DefaultComponentProps<GridTypeMap<{}, "div">>): Element | null', gave the following error.
    Type '{ children: Element; item: true; xs: number; lg: number; }' is not assignable to type 'IntrinsicAttributes & GridBaseProps & { sx?: SxProps<Theme> | undefined; } & SystemProps<Theme> & Omit<...>'.
      Property 'item' does not exist on type 'IntrinsicAttributes & GridBaseProps & { sx?: SxProps<Theme> | undefined; } & SystemProps<Theme> & Omit<...>'.
    83 |       <Grid container spacing={3} sx={{ mb: 4 }}>
    84 |         {/* Main Chart */}
  > 85 |         <Grid item xs={12} lg={8}>
       |         ^^^^^^^^^^^^^^^^^^^^^^^^^^
    86 |           <Paper sx={{ p: 3, borderRadius: 4, height: 400 }}>
    87 |             <Box sx={{ display: 'flex', justifyContent: 'space-between', mb: 2 }}>
    88 |               <Typography variant="h6" sx={{ fontWeight: 'bold' }}>Trend Analisis</Typography>

ERROR in src/pages/Dashboard.tsx:124:9
TS2769: No overload matches this call.
  Overload 1 of 2, '(props: { component: ElementType<any, keyof IntrinsicElements>; } & GridBaseProps & { sx?: SxProps<Theme> | undefined; } & SystemProps<...> & Omit<...>): Element | null', gave the following error.
    Property 'component' is missing in type '{ children: Element; item: true; xs: number; lg: number; }' but required in type '{ component: ElementType<any, keyof IntrinsicElements>; }'.
  Overload 2 of 2, '(props: DefaultComponentProps<GridTypeMap<{}, "div">>): Element | null', gave the following error.
    Type '{ children: Element; item: true; xs: number; lg: number; }' is not assignable to type 'IntrinsicAttributes & GridBaseProps & { sx?: SxProps<Theme> | undefined; } & SystemProps<Theme> & Omit<...>'.
      Property 'item' does not exist on type 'IntrinsicAttributes & GridBaseProps & { sx?: SxProps<Theme> | undefined; } & SystemProps<Theme> & Omit<...>'.
    122 |
    123 |         {/* Info Card */}
  > 124 |         <Grid item xs={12} lg={4}>
        |         ^^^^^^^^^^^^^^^^^^^^^^^^^^
    125 |           <Card sx={{
    126 |             borderRadius: 4, height: '100%', minHeight: 400,
    127 |             background: 'linear-gradient(135deg, #135bec 0%, #4a90e2 100%)',

ERROR in src/pages/Patients.tsx:154:13
TS2769: No overload matches this call.
  Overload 1 of 2, '(props: { component: ElementType<any, keyof IntrinsicElements>; } & GridBaseProps & { sx?: SxProps<Theme> | undefined; } & SystemProps<...> & Omit<...>): Element | null', gave the following error.
    Property 'component' is missing in type '{ children: Element; item: true; xs: number; }' but required in type '{ component: ElementType<any, keyof IntrinsicElements>; }'.
  Overload 2 of 2, '(props: DefaultComponentProps<GridTypeMap<{}, "div">>): Element | null', gave the following error.
    Type '{ children: Element; item: true; xs: number; }' is not assignable to type 'IntrinsicAttributes & GridBaseProps & { sx?: SxProps<Theme> | undefined; } & SystemProps<Theme> & Omit<...>'.
      Property 'item' does not exist on type 'IntrinsicAttributes & GridBaseProps & { sx?: SxProps<Theme> | undefined; } & SystemProps<Theme> & Omit<...>'.
    152 |         <DialogContent>
    153 |           <Grid container spacing={2} sx={{ mt: 1 }}>
  > 154 |             <Grid item xs={12}>
        |             ^^^^^^^^^^^^^^^^^^^
    155 |               <TextField
    156 |                 label="Nama Lengkap"
    157 |                 fullWidth

ERROR in src/pages/Patients.tsx:162:13
TS2769: No overload matches this call.
  Overload 1 of 2, '(props: { component: ElementType<any, keyof IntrinsicElements>; } & GridBaseProps & { sx?: SxProps<Theme> | undefined; } & SystemProps<...> & Omit<...>): Element | null', gave the following error.
    Property 'component' is missing in type '{ children: Element; item: true; xs: number; sm: number; }' but required in type '{ component: ElementType<any, keyof IntrinsicElements>; }'.
  Overload 2 of 2, '(props: DefaultComponentProps<GridTypeMap<{}, "div">>): Element | null', gave the following error.
    Type '{ children: Element; item: true; xs: number; sm: number; }' is not assignable to type 'IntrinsicAttributes & GridBaseProps & { sx?: SxProps<Theme> | undefined; } & SystemProps<Theme> & Omit<...>'.
      Property 'item' does not exist on type 'IntrinsicAttributes & GridBaseProps & { sx?: SxProps<Theme> | undefined; } & SystemProps<Theme> & Omit<...>'.
    160 |               />
    161 |             </Grid>
  > 162 |             <Grid item xs={12} sm={6}>
        |             ^^^^^^^^^^^^^^^^^^^^^^^^^^
    163 |               <TextField
    164 |                 label="NIK"
    165 |                 fullWidth

ERROR in src/pages/Patients.tsx:170:13
TS2769: No overload matches this call.
  Overload 1 of 2, '(props: { component: ElementType<any, keyof IntrinsicElements>; } & GridBaseProps & { sx?: SxProps<Theme> | undefined; } & SystemProps<...> & Omit<...>): Element | null', gave the following error.
    Property 'component' is missing in type '{ children: Element; item: true; xs: number; sm: number; }' but required in type '{ component: ElementType<any, keyof IntrinsicElements>; }'.
  Overload 2 of 2, '(props: DefaultComponentProps<GridTypeMap<{}, "div">>): Element | null', gave the following error.
    Type '{ children: Element; item: true; xs: number; sm: number; }' is not assignable to type 'IntrinsicAttributes & GridBaseProps & { sx?: SxProps<Theme> | undefined; } & SystemProps<Theme> & Omit<...>'.
      Property 'item' does not exist on type 'IntrinsicAttributes & GridBaseProps & { sx?: SxProps<Theme> | undefined; } & SystemProps<Theme> & Omit<...>'.
    168 |               />
    169 |             </Grid>
  > 170 |             <Grid item xs={12} sm={6}>
        |             ^^^^^^^^^^^^^^^^^^^^^^^^^^
    171 |               <TextField
    172 |                 select
    173 |                 label="Jenis Kelamin"

ERROR in src/pages/Patients.tsx:182:13
TS2769: No overload matches this call.
  Overload 1 of 2, '(props: { component: ElementType<any, keyof IntrinsicElements>; } & GridBaseProps & { sx?: SxProps<Theme> | undefined; } & SystemProps<...> & Omit<...>): Element | null', gave the following error.
    Property 'component' is missing in type '{ children: Element; item: true; xs: number; }' but required in type '{ component: ElementType<any, keyof IntrinsicElements>; }'.
  Overload 2 of 2, '(props: DefaultComponentProps<GridTypeMap<{}, "div">>): Element | null', gave the following error.
    Type '{ children: Element; item: true; xs: number; }' is not assignable to type 'IntrinsicAttributes & GridBaseProps & { sx?: SxProps<Theme> | undefined; } & SystemProps<Theme> & Omit<...>'.
      Property 'item' does not exist on type 'IntrinsicAttributes & GridBaseProps & { sx?: SxProps<Theme> | undefined; } & SystemProps<Theme> & Omit<...>'.
    180 |               </TextField>
    181 |             </Grid>
  > 182 |             <Grid item xs={12}>
        |             ^^^^^^^^^^^^^^^^^^^
    183 |               <TextField
    184 |                 label="Tanggal Lahir"
    185 |                 type="date"

ERROR in src/pages/Permissions.tsx:37:11
TS2769: No overload matches this call.
  Overload 1 of 2, '(props: { component: ElementType<any, keyof IntrinsicElements>; } & GridBaseProps & { sx?: SxProps<Theme> | undefined; } & SystemProps<...> & Omit<...>): Element | null', gave the following error.
    Property 'component' is missing in type '{ children: Element; item: true; xs: number; md: number; key: string; }' but required in type '{ component: ElementType<any, keyof IntrinsicElements>; }'.
  Overload 2 of 2, '(props: DefaultComponentProps<GridTypeMap<{}, "div">>): Element | null', gave the following error.
    Type '{ children: Element; item: true; xs: number; md: number; key: string; }' is not assignable to type 'IntrinsicAttributes & GridBaseProps & { sx?: SxProps<Theme> | undefined; } & SystemProps<Theme> & Omit<...>'.
      Property 'item' does not exist on type 'IntrinsicAttributes & GridBaseProps & { sx?: SxProps<Theme> | undefined; } & SystemProps<Theme> & Omit<...>'.
    35 |       <Grid container spacing={3}>
    36 |         {permissionGroups.map((group) => (
  > 37 |           <Grid item xs={12} md={6} key={group.title}>
       |           ^^^^^^^^^^^^^^^^^^^^^^^^^^^^^^^^^^^^^^^^^^^^
    38 |             <Card sx={{ borderRadius: 3, height: '100%' }}>
    39 |               <CardContent>
    40 |                 <Typography variant="h6" gutterBottom sx={{ fontWeight: 'bold', borderBottom: '2px solid', borderColor: 'primary.main', pb: 1, mb: 2 }}>

Compiled with warnings.

[eslint]
src/components/layout/Sidebar.tsx
  Line 11:15:  'BarChartIcon' is defined but never used  @typescript-eslint/no-unused-vars

src/pages/ActivityLogs.tsx
  Line 6:24:  'AssignmentIcon' is defined but never used  @typescript-eslint/no-unused-vars

src/pages/Dashboard.tsx
  Line 9:19:  'TrendingDownIcon' is defined but never used  @typescript-eslint/no-unused-vars

src/pages/Permissions.tsx
  Line 2:22:  'Paper' is defined but never used  @typescript-eslint/no-unused-vars

Search for the keywords to learn more about each warning.
To ignore, add // eslint-disable-next-line to the line before.

WARNING in [eslint]
src/components/layout/Sidebar.tsx
  Line 11:15:  'BarChartIcon' is defined but never used  @typescript-eslint/no-unused-vars

src/pages/ActivityLogs.tsx
  Line 6:24:  'AssignmentIcon' is defined but never used  @typescript-eslint/no-unused-vars

src/pages/Dashboard.tsx
  Line 9:19:  'TrendingDownIcon' is defined but never used  @typescript-eslint/no-unused-vars

src/pages/Permissions.tsx
  Line 2:22:  'Paper' is defined but never used  @typescript-eslint/no-unused-vars

webpack compiled with 1 warning
ERROR in src/pages/Dashboard.tsx:85:9
TS2769: No overload matches this call.
  Overload 1 of 2, '(props: { component: ElementType<any, keyof IntrinsicElements>; } & GridBaseProps & { sx?: SxProps<Theme> | undefined; } & SystemProps<...> & Omit<...>): Element | null', gave the following error.
    Property 'component' is missing in type '{ children: Element; item: true; xs: number; lg: number; }' but required in type '{ component: ElementType<any, keyof IntrinsicElements>; }'.
  Overload 2 of 2, '(props: DefaultComponentProps<GridTypeMap<{}, "div">>): Element | null', gave the following error.
    Type '{ children: Element; item: true; xs: number; lg: number; }' is not assignable to type 'IntrinsicAttributes & GridBaseProps & { sx?: SxProps<Theme> | undefined; } & SystemProps<Theme> & Omit<...>'.
      Property 'item' does not exist on type 'IntrinsicAttributes & GridBaseProps & { sx?: SxProps<Theme> | undefined; } & SystemProps<Theme> & Omit<...>'.
    83 |       <Grid container spacing={3} sx={{ mb: 4 }}>
    84 |         {/* Main Chart */}
  > 85 |         <Grid item xs={12} lg={8}>
       |         ^^^^^^^^^^^^^^^^^^^^^^^^^^
    86 |           <Paper sx={{ p: 3, borderRadius: 4, height: 400 }}>
    87 |             <Box sx={{ display: 'flex', justifyContent: 'space-between', mb: 2 }}>
    88 |               <Typography variant="h6" sx={{ fontWeight: 'bold' }}>Trend Analisis</Typography>

ERROR in src/pages/Dashboard.tsx:124:9
TS2769: No overload matches this call.
  Overload 1 of 2, '(props: { component: ElementType<any, keyof IntrinsicElements>; } & GridBaseProps & { sx?: SxProps<Theme> | undefined; } & SystemProps<...> & Omit<...>): Element | null', gave the following error.
    Property 'component' is missing in type '{ children: Element; item: true; xs: number; lg: number; }' but required in type '{ component: ElementType<any, keyof IntrinsicElements>; }'.
  Overload 2 of 2, '(props: DefaultComponentProps<GridTypeMap<{}, "div">>): Element | null', gave the following error.
    Type '{ children: Element; item: true; xs: number; lg: number; }' is not assignable to type 'IntrinsicAttributes & GridBaseProps & { sx?: SxProps<Theme> | undefined; } & SystemProps<Theme> & Omit<...>'.
      Property 'item' does not exist on type 'IntrinsicAttributes & GridBaseProps & { sx?: SxProps<Theme> | undefined; } & SystemProps<Theme> & Omit<...>'.
    122 |
    123 |         {/* Info Card */}
  > 124 |         <Grid item xs={12} lg={4}>
        |         ^^^^^^^^^^^^^^^^^^^^^^^^^^
    125 |           <Card sx={{
    126 |             borderRadius: 4, height: '100%', minHeight: 400,
    127 |             background: 'linear-gradient(135deg, #135bec 0%, #4a90e2 100%)',

ERROR in src/pages/Patients.tsx:154:13
TS2769: No overload matches this call.
  Overload 1 of 2, '(props: { component: ElementType<any, keyof IntrinsicElements>; } & GridBaseProps & { sx?: SxProps<Theme> | undefined; } & SystemProps<...> & Omit<...>): Element | null', gave the following error.
    Property 'component' is missing in type '{ children: Element; item: true; xs: number; }' but required in type '{ component: ElementType<any, keyof IntrinsicElements>; }'.
  Overload 2 of 2, '(props: DefaultComponentProps<GridTypeMap<{}, "div">>): Element | null', gave the following error.
    Type '{ children: Element; item: true; xs: number; }' is not assignable to type 'IntrinsicAttributes & GridBaseProps & { sx?: SxProps<Theme> | undefined; } & SystemProps<Theme> & Omit<...>'.
      Property 'item' does not exist on type 'IntrinsicAttributes & GridBaseProps & { sx?: SxProps<Theme> | undefined; } & SystemProps<Theme> & Omit<...>'.
    152 |         <DialogContent>
    153 |           <Grid container spacing={2} sx={{ mt: 1 }}>
  > 154 |             <Grid item xs={12}>
        |             ^^^^^^^^^^^^^^^^^^^
    155 |               <TextField
    156 |                 label="Nama Lengkap"
    157 |                 fullWidth

ERROR in src/pages/Patients.tsx:162:13
TS2769: No overload matches this call.
  Overload 1 of 2, '(props: { component: ElementType<any, keyof IntrinsicElements>; } & GridBaseProps & { sx?: SxProps<Theme> | undefined; } & SystemProps<...> & Omit<...>): Element | null', gave the following error.
    Property 'component' is missing in type '{ children: Element; item: true; xs: number; sm: number; }' but required in type '{ component: ElementType<any, keyof IntrinsicElements>; }'.
  Overload 2 of 2, '(props: DefaultComponentProps<GridTypeMap<{}, "div">>): Element | null', gave the following error.
    Type '{ children: Element; item: true; xs: number; sm: number; }' is not assignable to type 'IntrinsicAttributes & GridBaseProps & { sx?: SxProps<Theme> | undefined; } & SystemProps<Theme> & Omit<...>'.
      Property 'item' does not exist on type 'IntrinsicAttributes & GridBaseProps & { sx?: SxProps<Theme> | undefined; } & SystemProps<Theme> & Omit<...>'.
    160 |               />
    161 |             </Grid>
  > 162 |             <Grid item xs={12} sm={6}>
        |             ^^^^^^^^^^^^^^^^^^^^^^^^^^
    163 |               <TextField
    164 |                 label="NIK"
    165 |                 fullWidth

ERROR in src/pages/Patients.tsx:170:13
TS2769: No overload matches this call.
  Overload 1 of 2, '(props: { component: ElementType<any, keyof IntrinsicElements>; } & GridBaseProps & { sx?: SxProps<Theme> | undefined; } & SystemProps<...> & Omit<...>): Element | null', gave the following error.
    Property 'component' is missing in type '{ children: Element; item: true; xs: number; sm: number; }' but required in type '{ component: ElementType<any, keyof IntrinsicElements>; }'.
  Overload 2 of 2, '(props: DefaultComponentProps<GridTypeMap<{}, "div">>): Element | null', gave the following error.
    Type '{ children: Element; item: true; xs: number; sm: number; }' is not assignable to type 'IntrinsicAttributes & GridBaseProps & { sx?: SxProps<Theme> | undefined; } & SystemProps<Theme> & Omit<...>'.
      Property 'item' does not exist on type 'IntrinsicAttributes & GridBaseProps & { sx?: SxProps<Theme> | undefined; } & SystemProps<Theme> & Omit<...>'.
    168 |               />
    169 |             </Grid>
  > 170 |             <Grid item xs={12} sm={6}>
        |             ^^^^^^^^^^^^^^^^^^^^^^^^^^
    171 |               <TextField
    172 |                 select
    173 |                 label="Jenis Kelamin"

ERROR in src/pages/Patients.tsx:182:13
TS2769: No overload matches this call.
  Overload 1 of 2, '(props: { component: ElementType<any, keyof IntrinsicElements>; } & GridBaseProps & { sx?: SxProps<Theme> | undefined; } & SystemProps<...> & Omit<...>): Element | null', gave the following error.
    Property 'component' is missing in type '{ children: Element; item: true; xs: number; }' but required in type '{ component: ElementType<any, keyof IntrinsicElements>; }'.
  Overload 2 of 2, '(props: DefaultComponentProps<GridTypeMap<{}, "div">>): Element | null', gave the following error.
    Type '{ children: Element; item: true; xs: number; }' is not assignable to type 'IntrinsicAttributes & GridBaseProps & { sx?: SxProps<Theme> | undefined; } & SystemProps<Theme> & Omit<...>'.
      Property 'item' does not exist on type 'IntrinsicAttributes & GridBaseProps & { sx?: SxProps<Theme> | undefined; } & SystemProps<Theme> & Omit<...>'.
    180 |               </TextField>
    181 |             </Grid>
  > 182 |             <Grid item xs={12}>
        |             ^^^^^^^^^^^^^^^^^^^
    183 |               <TextField
    184 |                 label="Tanggal Lahir"
    185 |                 type="date"

ERROR in src/pages/Permissions.tsx:37:11
TS2769: No overload matches this call.
  Overload 1 of 2, '(props: { component: ElementType<any, keyof IntrinsicElements>; } & GridBaseProps & { sx?: SxProps<Theme> | undefined; } & SystemProps<...> & Omit<...>): Element | null', gave the following error.
    Property 'component' is missing in type '{ children: Element; item: true; xs: number; md: number; key: string; }' but required in type '{ component: ElementType<any, keyof IntrinsicElements>; }'.
  Overload 2 of 2, '(props: DefaultComponentProps<GridTypeMap<{}, "div">>): Element | null', gave the following error.
    Type '{ children: Element; item: true; xs: number; md: number; key: string; }' is not assignable to type 'IntrinsicAttributes & GridBaseProps & { sx?: SxProps<Theme> | undefined; } & SystemProps<Theme> & Omit<...>'.
      Property 'item' does not exist on type 'IntrinsicAttributes & GridBaseProps & { sx?: SxProps<Theme> | undefined; } & SystemProps<Theme> & Omit<...>'.
    35 |       <Grid container spacing={3}>
    36 |         {permissionGroups.map((group) => (
  > 37 |           <Grid item xs={12} md={6} key={group.title}>
       |           ^^^^^^^^^^^^^^^^^^^^^^^^^^^^^^^^^^^^^^^^^^^^
    38 |             <Card sx={{ borderRadius: 3, height: '100%' }}>
    39 |               <CardContent>
    40 |                 <Typography variant="h6" gutterBottom sx={{ fontWeight: 'bold', borderBottom: '2px solid', borderColor: 'primary.main', pb: 1, mb: 2 }}>

Compiling...
Failed to compile.

[eslint]
src/pages/Dashboard.tsx
  Line 160:14:  'Divider' is not defined  react/jsx-no-undef

Search for the keywords to learn more about each error.
WARNING in [eslint]
src/components/layout/Sidebar.tsx
  Line 11:15:  'BarChartIcon' is defined but never used  @typescript-eslint/no-unused-vars

src/pages/ActivityLogs.tsx
  Line 6:24:  'AssignmentIcon' is defined but never used  @typescript-eslint/no-unused-vars

src/pages/Dashboard.tsx
  Line 12:15:  'ScheduleIcon' is defined but never used  @typescript-eslint/no-unused-vars

src/pages/Permissions.tsx
  Line 2:22:  'Paper' is defined but never used  @typescript-eslint/no-unused-vars

ERROR in [eslint]
src/pages/Dashboard.tsx
  Line 160:14:  'Divider' is not defined  react/jsx-no-undef

Search for the keywords to learn more about each error.

webpack compiled with 1 error and 1 warning
Files successfully emitted, waiting for typecheck results...
Issues checking in progress...
ERROR in src/pages/Dashboard.tsx:57:11
TS2769: No overload matches this call.
  Overload 1 of 2, '(props: { component: ElementType<any, keyof IntrinsicElements>; } & GridBaseProps & { sx?: SxProps<Theme> | undefined; } & SystemProps<...> & Omit<...>): Element | null', gave the following error.
    Property 'component' is missing in type '{ children: Element; item: true; xs: number; sm: number; md: number; key: number; }' but required in type '{ component: ElementType<any, keyof IntrinsicElements>; }'.
  Overload 2 of 2, '(props: DefaultComponentProps<GridTypeMap<{}, "div">>): Element | null', gave the following error.
    Type '{ children: Element; item: true; xs: number; sm: number; md: number; key: number; }' is not assignable to type 'IntrinsicAttributes & GridBaseProps & { sx?: SxProps<Theme> | undefined; } & SystemProps<Theme> & Omit<...>'.
      Property 'item' does not exist on type 'IntrinsicAttributes & GridBaseProps & { sx?: SxProps<Theme> | undefined; } & SystemProps<Theme> & Omit<...>'.
    55 |       <Grid container spacing={3} sx={{ mb: 4 }}>
    56 |         {statCards.map((card, index) => (
  > 57 |           <Grid item xs={12} sm={6} md={3} key={index}>
       |           ^^^^^^^^^^^^^^^^^^^^^^^^^^^^^^^^^^^^^^^^^^^^^
    58 |             <Card sx={{ borderRadius: 4, boxShadow: '0 10px 30px 0 rgba(19, 91, 236, 0.05)', position: 'relative', overflow: 'hidden' }}>
    59 |               <CardContent>
    60 |                 <Box sx={{ display: 'flex', justifyContent: 'space-between', alignItems: 'flex-start' }}>

ERROR in src/pages/Dashboard.tsx:82:9
TS2769: No overload matches this call.
  Overload 1 of 2, '(props: { component: ElementType<any, keyof IntrinsicElements>; } & GridBaseProps & { sx?: SxProps<Theme> | undefined; } & SystemProps<...> & Omit<...>): Element | null', gave the following error.
    Property 'component' is missing in type '{ children: Element; item: true; xs: number; md: number; }' but required in type '{ component: ElementType<any, keyof IntrinsicElements>; }'.
  Overload 2 of 2, '(props: DefaultComponentProps<GridTypeMap<{}, "div">>): Element | null', gave the following error.
    Type '{ children: Element; item: true; xs: number; md: number; }' is not assignable to type 'IntrinsicAttributes & GridBaseProps & { sx?: SxProps<Theme> | undefined; } & SystemProps<Theme> & Omit<...>'.
      Property 'item' does not exist on type 'IntrinsicAttributes & GridBaseProps & { sx?: SxProps<Theme> | undefined; } & SystemProps<Theme> & Omit<...>'.
    80 |
    81 |       <Grid container spacing={3}>
  > 82 |         <Grid item xs={12} md={8}>
       |         ^^^^^^^^^^^^^^^^^^^^^^^^^^
    83 |           <Paper sx={{ p: 3, borderRadius: 4, height: '100%' }}>
    84 |             <Box sx={{ display: 'flex', justifyContent: 'space-between', alignItems: 'center', mb: 3 }}>
    85 |               <Typography variant="h6" sx={{ fontWeight: 'bold' }}>Analisis Terbaru</Typography>

ERROR in src/pages/Dashboard.tsx:135:9
TS2769: No overload matches this call.
  Overload 1 of 2, '(props: { component: ElementType<any, keyof IntrinsicElements>; } & GridBaseProps & { sx?: SxProps<Theme> | undefined; } & SystemProps<...> & Omit<...>): Element | null', gave the following error.
    Property 'component' is missing in type '{ children: Element; item: true; xs: number; md: number; }' but required in type '{ component: ElementType<any, keyof IntrinsicElements>; }'.
  Overload 2 of 2, '(props: DefaultComponentProps<GridTypeMap<{}, "div">>): Element | null', gave the following error.
    Type '{ children: Element; item: true; xs: number; md: number; }' is not assignable to type 'IntrinsicAttributes & GridBaseProps & { sx?: SxProps<Theme> | undefined; } & SystemProps<Theme> & Omit<...>'.
      Property 'item' does not exist on type 'IntrinsicAttributes & GridBaseProps & { sx?: SxProps<Theme> | undefined; } & SystemProps<Theme> & Omit<...>'.
    133 |           </Paper>
    134 |         </Grid>
  > 135 |         <Grid item xs={12} md={4}>
        |         ^^^^^^^^^^^^^^^^^^^^^^^^^^
    136 |           <Paper sx={{ p: 3, borderRadius: 4, height: '100%' }}>
    137 |             <Typography variant="h6" sx={{ fontWeight: 'bold', mb: 3 }}>System Load</Typography>
    138 |             <Box sx={{ mb: 3 }}>

ERROR in src/pages/Dashboard.tsx:160:14
TS2304: Cannot find name 'Divider'.
    158 |             </Box>
    159 |
  > 160 |             <Divider sx={{ my: 3 }} />
        |              ^^^^^^^
    161 |
    162 |             <Typography variant="subtitle2" sx={{ fontWeight: 'bold', mb: 2 }}>Quick Actions</Typography>
    163 |             <Grid container spacing={1}>

ERROR in src/pages/Dashboard.tsx:164:15
TS2769: No overload matches this call.
  Overload 1 of 2, '(props: { component: ElementType<any, keyof IntrinsicElements>; } & GridBaseProps & { sx?: SxProps<Theme> | undefined; } & SystemProps<...> & Omit<...>): Element | null', gave the following error.
    Property 'component' is missing in type '{ children: Element; item: true; xs: number; }' but required in type '{ component: ElementType<any, keyof IntrinsicElements>; }'.
  Overload 2 of 2, '(props: DefaultComponentProps<GridTypeMap<{}, "div">>): Element | null', gave the following error.
    Type '{ children: Element; item: true; xs: number; }' is not assignable to type 'IntrinsicAttributes & GridBaseProps & { sx?: SxProps<Theme> | undefined; } & SystemProps<Theme> & Omit<...>'.
      Property 'item' does not exist on type 'IntrinsicAttributes & GridBaseProps & { sx?: SxProps<Theme> | undefined; } & SystemProps<Theme> & Omit<...>'.
    162 |             <Typography variant="subtitle2" sx={{ fontWeight: 'bold', mb: 2 }}>Quick Actions</Typography>
    163 |             <Grid container spacing={1}>
  > 164 |               <Grid item xs={6}>
        |               ^^^^^^^^^^^^^^^^^^
    165 |                 <Paper variant="outlined" sx={{ p: 1.5, textAlign: 'center', cursor: 'pointer', '&:hover': { bgcolor: 'rgba(0,0,0,0.02)' } }}>
    166 |                   <PsychologyIcon color="primary" />
    167 |                   <Typography variant="caption" display="block">New Scan</Typography>

ERROR in src/pages/Dashboard.tsx:170:15
TS2769: No overload matches this call.
  Overload 1 of 2, '(props: { component: ElementType<any, keyof IntrinsicElements>; } & GridBaseProps & { sx?: SxProps<Theme> | undefined; } & SystemProps<...> & Omit<...>): Element | null', gave the following error.
    Property 'component' is missing in type '{ children: Element; item: true; xs: number; }' but required in type '{ component: ElementType<any, keyof IntrinsicElements>; }'.
  Overload 2 of 2, '(props: DefaultComponentProps<GridTypeMap<{}, "div">>): Element | null', gave the following error.
    Type '{ children: Element; item: true; xs: number; }' is not assignable to type 'IntrinsicAttributes & GridBaseProps & { sx?: SxProps<Theme> | undefined; } & SystemProps<Theme> & Omit<...>'.
      Property 'item' does not exist on type 'IntrinsicAttributes & GridBaseProps & { sx?: SxProps<Theme> | undefined; } & SystemProps<Theme> & Omit<...>'.
    168 |                 </Paper>
    169 |               </Grid>
  > 170 |               <Grid item xs={6}>
        |               ^^^^^^^^^^^^^^^^^^
    171 |                 <Paper variant="outlined" sx={{ p: 1.5, textAlign: 'center', cursor: 'pointer', '&:hover': { bgcolor: 'rgba(0,0,0,0.02)' } }}>
    172 |                   <PeopleIcon color="primary" />
    173 |                   <Typography variant="caption" display="block">Add Patient</Typography>

ERROR in src/pages/Patients.tsx:154:13
TS2769: No overload matches this call.
  Overload 1 of 2, '(props: { component: ElementType<any, keyof IntrinsicElements>; } & GridBaseProps & { sx?: SxProps<Theme> | undefined; } & SystemProps<...> & Omit<...>): Element | null', gave the following error.
    Property 'component' is missing in type '{ children: Element; item: true; xs: number; }' but required in type '{ component: ElementType<any, keyof IntrinsicElements>; }'.
  Overload 2 of 2, '(props: DefaultComponentProps<GridTypeMap<{}, "div">>): Element | null', gave the following error.
    Type '{ children: Element; item: true; xs: number; }' is not assignable to type 'IntrinsicAttributes & GridBaseProps & { sx?: SxProps<Theme> | undefined; } & SystemProps<Theme> & Omit<...>'.
      Property 'item' does not exist on type 'IntrinsicAttributes & GridBaseProps & { sx?: SxProps<Theme> | undefined; } & SystemProps<Theme> & Omit<...>'.
    152 |         <DialogContent>
    153 |           <Grid container spacing={2} sx={{ mt: 1 }}>
  > 154 |             <Grid item xs={12}>
        |             ^^^^^^^^^^^^^^^^^^^
    155 |               <TextField
    156 |                 label="Nama Lengkap"
    157 |                 fullWidth

ERROR in src/pages/Patients.tsx:162:13
TS2769: No overload matches this call.
  Overload 1 of 2, '(props: { component: ElementType<any, keyof IntrinsicElements>; } & GridBaseProps & { sx?: SxProps<Theme> | undefined; } & SystemProps<...> & Omit<...>): Element | null', gave the following error.
    Property 'component' is missing in type '{ children: Element; item: true; xs: number; sm: number; }' but required in type '{ component: ElementType<any, keyof IntrinsicElements>; }'.
  Overload 2 of 2, '(props: DefaultComponentProps<GridTypeMap<{}, "div">>): Element | null', gave the following error.
    Type '{ children: Element; item: true; xs: number; sm: number; }' is not assignable to type 'IntrinsicAttributes & GridBaseProps & { sx?: SxProps<Theme> | undefined; } & SystemProps<Theme> & Omit<...>'.
      Property 'item' does not exist on type 'IntrinsicAttributes & GridBaseProps & { sx?: SxProps<Theme> | undefined; } & SystemProps<Theme> & Omit<...>'.
    160 |               />
    161 |             </Grid>
  > 162 |             <Grid item xs={12} sm={6}>
        |             ^^^^^^^^^^^^^^^^^^^^^^^^^^
    163 |               <TextField
    164 |                 label="NIK"
    165 |                 fullWidth

ERROR in src/pages/Patients.tsx:170:13
TS2769: No overload matches this call.
  Overload 1 of 2, '(props: { component: ElementType<any, keyof IntrinsicElements>; } & GridBaseProps & { sx?: SxProps<Theme> | undefined; } & SystemProps<...> & Omit<...>): Element | null', gave the following error.
    Property 'component' is missing in type '{ children: Element; item: true; xs: number; sm: number; }' but required in type '{ component: ElementType<any, keyof IntrinsicElements>; }'.
  Overload 2 of 2, '(props: DefaultComponentProps<GridTypeMap<{}, "div">>): Element | null', gave the following error.
    Type '{ children: Element; item: true; xs: number; sm: number; }' is not assignable to type 'IntrinsicAttributes & GridBaseProps & { sx?: SxProps<Theme> | undefined; } & SystemProps<Theme> & Omit<...>'.
      Property 'item' does not exist on type 'IntrinsicAttributes & GridBaseProps & { sx?: SxProps<Theme> | undefined; } & SystemProps<Theme> & Omit<...>'.
    168 |               />
    169 |             </Grid>
  > 170 |             <Grid item xs={12} sm={6}>
        |             ^^^^^^^^^^^^^^^^^^^^^^^^^^
    171 |               <TextField
    172 |                 select
    173 |                 label="Jenis Kelamin"

ERROR in src/pages/Patients.tsx:182:13
TS2769: No overload matches this call.
  Overload 1 of 2, '(props: { component: ElementType<any, keyof IntrinsicElements>; } & GridBaseProps & { sx?: SxProps<Theme> | undefined; } & SystemProps<...> & Omit<...>): Element | null', gave the following error.
    Property 'component' is missing in type '{ children: Element; item: true; xs: number; }' but required in type '{ component: ElementType<any, keyof IntrinsicElements>; }'.
  Overload 2 of 2, '(props: DefaultComponentProps<GridTypeMap<{}, "div">>): Element | null', gave the following error.
    Type '{ children: Element; item: true; xs: number; }' is not assignable to type 'IntrinsicAttributes & GridBaseProps & { sx?: SxProps<Theme> | undefined; } & SystemProps<Theme> & Omit<...>'.
      Property 'item' does not exist on type 'IntrinsicAttributes & GridBaseProps & { sx?: SxProps<Theme> | undefined; } & SystemProps<Theme> & Omit<...>'.
    180 |               </TextField>
    181 |             </Grid>
  > 182 |             <Grid item xs={12}>
        |             ^^^^^^^^^^^^^^^^^^^
    183 |               <TextField
    184 |                 label="Tanggal Lahir"
    185 |                 type="date"

ERROR in src/pages/Permissions.tsx:37:11
TS2769: No overload matches this call.
  Overload 1 of 2, '(props: { component: ElementType<any, keyof IntrinsicElements>; } & GridBaseProps & { sx?: SxProps<Theme> | undefined; } & SystemProps<...> & Omit<...>): Element | null', gave the following error.
    Property 'component' is missing in type '{ children: Element; item: true; xs: number; md: number; key: string; }' but required in type '{ component: ElementType<any, keyof IntrinsicElements>; }'.
  Overload 2 of 2, '(props: DefaultComponentProps<GridTypeMap<{}, "div">>): Element | null', gave the following error.
    Type '{ children: Element; item: true; xs: number; md: number; key: string; }' is not assignable to type 'IntrinsicAttributes & GridBaseProps & { sx?: SxProps<Theme> | undefined; } & SystemProps<Theme> & Omit<...>'.
      Property 'item' does not exist on type 'IntrinsicAttributes & GridBaseProps & { sx?: SxProps<Theme> | undefined; } & SystemProps<Theme> & Omit<...>'.
    35 |       <Grid container spacing={3}>
    36 |         {permissionGroups.map((group) => (
  > 37 |           <Grid item xs={12} md={6} key={group.title}>
       |           ^^^^^^^^^^^^^^^^^^^^^^^^^^^^^^^^^^^^^^^^^^^^
    38 |             <Card sx={{ borderRadius: 3, height: '100%' }}>
    39 |               <CardContent>
    40 |                 <Typography variant="h6" gutterBottom sx={{ fontWeight: 'bold', borderBottom: '2px solid', borderColor: 'primary.main', pb: 1, mb: 2 }}>

Compiling...
Failed to compile.

[eslint]
src/pages/Dashboard.tsx
  Line 160:14:  'Divider' is not defined  react/jsx-no-undef

src/pages/MRIAnalysis.tsx
Syntax error: Invalid character (193:42)

Search for the keywords to learn more about each error.
WARNING in [eslint]
src/components/layout/Sidebar.tsx
  Line 11:15:  'BarChartIcon' is defined but never used  @typescript-eslint/no-unused-vars

src/pages/ActivityLogs.tsx
  Line 6:24:  'AssignmentIcon' is defined but never used  @typescript-eslint/no-unused-vars

src/pages/Dashboard.tsx
  Line 12:15:  'ScheduleIcon' is defined but never used  @typescript-eslint/no-unused-vars

src/pages/Permissions.tsx
  Line 2:22:  'Paper' is defined but never used  @typescript-eslint/no-unused-vars

ERROR in ./src/pages/MRIAnalysis.tsx
Module build failed (from ./node_modules/babel-loader/lib/index.js):
SyntaxError: /app/frontend/src/pages/MRIAnalysis.tsx: Expecting Unicode escape sequence \uXXXX. (193:43)

  191 |                     <Box sx={{ display: 'flex', alignItems: 'center', gap: 2 }}>
  192 |                       <Box sx={{ flexGrow: 1, height: 8, bgcolor: 'rgba(0,0,0,0.1)', borderRadius: 4, overflow: 'hidden' }}>
> 193 |                         <Box sx={{ width: \`\${result.confidence * 100}%\`, height: '100%', bgcolor: 'primary.main' }} />
      |                                            ^
  194 |                       </Box>
  195 |                       <Typography variant="body2" sx={{ fontWeight: 'bold' }}>{(result.confidence * 100).toFixed(1)}%</Typography>
  196 |                     </Box>
    at constructor (/app/frontend/node_modules/@babel/parser/lib/index.js:365:19)
    at TypeScriptParserMixin.raise (/app/frontend/node_modules/@babel/parser/lib/index.js:6599:19)
    at TypeScriptParserMixin.readWord1 (/app/frontend/node_modules/@babel/parser/lib/index.js:6559:16)
    at TypeScriptParserMixin.readWord (/app/frontend/node_modules/@babel/parser/lib/index.js:6579:23)
    at TypeScriptParserMixin.getTokenFromCode (/app/frontend/node_modules/@babel/parser/lib/index.js:6298:14)
    at TypeScriptParserMixin.getTokenFromCode (/app/frontend/node_modules/@babel/parser/lib/index.js:4797:11)
    at TypeScriptParserMixin.getTokenFromCode (/app/frontend/node_modules/@babel/parser/lib/index.js:9987:11)
    at TypeScriptParserMixin.nextToken (/app/frontend/node_modules/@babel/parser/lib/index.js:5782:10)
    at TypeScriptParserMixin.next (/app/frontend/node_modules/@babel/parser/lib/index.js:5692:10)
    at TypeScriptParserMixin.eat (/app/frontend/node_modules/@babel/parser/lib/index.js:5696:12)
    at TypeScriptParserMixin.parseObjectProperty (/app/frontend/node_modules/@babel/parser/lib/index.js:11949:14)
    at TypeScriptParserMixin.parseObjPropValue (/app/frontend/node_modules/@babel/parser/lib/index.js:11978:100)
    at TypeScriptParserMixin.parseObjPropValue (/app/frontend/node_modules/@babel/parser/lib/index.js:9744:18)
    at TypeScriptParserMixin.parsePropertyDefinition (/app/frontend/node_modules/@babel/parser/lib/index.js:11915:17)
    at TypeScriptParserMixin.parseObjectLike (/app/frontend/node_modules/@babel/parser/lib/index.js:11832:21)
    at TypeScriptParserMixin.parseExprAtom (/app/frontend/node_modules/@babel/parser/lib/index.js:11339:23)
    at TypeScriptParserMixin.parseExprAtom (/app/frontend/node_modules/@babel/parser/lib/index.js:4764:20)
    at TypeScriptParserMixin.parseExprSubscripts (/app/frontend/node_modules/@babel/parser/lib/index.js:11081:23)
    at TypeScriptParserMixin.parseUpdate (/app/frontend/node_modules/@babel/parser/lib/index.js:11066:21)
    at TypeScriptParserMixin.parseMaybeUnary (/app/frontend/node_modules/@babel/parser/lib/index.js:11046:23)
    at TypeScriptParserMixin.parseMaybeUnary (/app/frontend/node_modules/@babel/parser/lib/index.js:9837:18)
    at TypeScriptParserMixin.parseMaybeUnaryOrPrivate (/app/frontend/node_modules/@babel/parser/lib/index.js:10899:61)
    at TypeScriptParserMixin.parseExprOps (/app/frontend/node_modules/@babel/parser/lib/index.js:10904:23)
    at TypeScriptParserMixin.parseMaybeConditional (/app/frontend/node_modules/@babel/parser/lib/index.js:10881:23)
    at TypeScriptParserMixin.parseMaybeAssign (/app/frontend/node_modules/@babel/parser/lib/index.js:10831:21)
    at TypeScriptParserMixin.parseMaybeAssign (/app/frontend/node_modules/@babel/parser/lib/index.js:9786:20)
    at TypeScriptParserMixin.parseExpressionBase (/app/frontend/node_modules/@babel/parser/lib/index.js:10784:23)
    at /app/frontend/node_modules/@babel/parser/lib/index.js:10780:39
    at TypeScriptParserMixin.allowInAnd (/app/frontend/node_modules/@babel/parser/lib/index.js:12426:12)
    at TypeScriptParserMixin.parseExpression (/app/frontend/node_modules/@babel/parser/lib/index.js:10780:17)
    at TypeScriptParserMixin.jsxParseExpressionContainer (/app/frontend/node_modules/@babel/parser/lib/index.js:4632:31)
    at TypeScriptParserMixin.jsxParseAttributeValue (/app/frontend/node_modules/@babel/parser/lib/index.js:4604:21)
    at TypeScriptParserMixin.jsxParseAttribute (/app/frontend/node_modules/@babel/parser/lib/index.js:4653:38)
    at TypeScriptParserMixin.jsxParseOpeningElementAfterName (/app/frontend/node_modules/@babel/parser/lib/index.js:4667:28)
    at TypeScriptParserMixin.jsxParseOpeningElementAfterName (/app/frontend/node_modules/@babel/parser/lib/index.js:10043:18)
    at TypeScriptParserMixin.jsxParseOpeningElementAt (/app/frontend/node_modules/@babel/parser/lib/index.js:4662:17)
    at TypeScriptParserMixin.jsxParseElementAt (/app/frontend/node_modules/@babel/parser/lib/index.js:4686:33)
    at TypeScriptParserMixin.jsxParseElementAt (/app/frontend/node_modules/@babel/parser/lib/index.js:4698:32)
    at TypeScriptParserMixin.jsxParseElementAt (/app/frontend/node_modules/@babel/parser/lib/index.js:4698:32)
    at TypeScriptParserMixin.jsxParseElementAt (/app/frontend/node_modules/@babel/parser/lib/index.js:4698:32)
    at TypeScriptParserMixin.jsxParseElementAt (/app/frontend/node_modules/@babel/parser/lib/index.js:4698:32)
    at TypeScriptParserMixin.jsxParseElement (/app/frontend/node_modules/@babel/parser/lib/index.js:4749:17)
    at TypeScriptParserMixin.parseExprAtom (/app/frontend/node_modules/@babel/parser/lib/index.js:4759:19)
    at TypeScriptParserMixin.parseExprSubscripts (/app/frontend/node_modules/@babel/parser/lib/index.js:11081:23)
    at TypeScriptParserMixin.parseUpdate (/app/frontend/node_modules/@babel/parser/lib/index.js:11066:21)
    at TypeScriptParserMixin.parseMaybeUnary (/app/frontend/node_modules/@babel/parser/lib/index.js:11046:23)
    at TypeScriptParserMixin.parseMaybeUnary (/app/frontend/node_modules/@babel/parser/lib/index.js:9837:18)
    at TypeScriptParserMixin.parseMaybeUnaryOrPrivate (/app/frontend/node_modules/@babel/parser/lib/index.js:10899:61)
    at TypeScriptParserMixin.parseExprOps (/app/frontend/node_modules/@babel/parser/lib/index.js:10904:23)
    at TypeScriptParserMixin.parseMaybeConditional (/app/frontend/node_modules/@babel/parser/lib/index.js:10881:23)

ERROR in [eslint]
src/pages/Dashboard.tsx
  Line 160:14:  'Divider' is not defined  react/jsx-no-undef

src/pages/MRIAnalysis.tsx
  Line 193:42:  Parsing error: Invalid character

Search for the keywords to learn more about each error.

webpack compiled with 2 errors and 1 warning
ERROR in src/pages/Dashboard.tsx:57:11
TS2769: No overload matches this call.
  Overload 1 of 2, '(props: { component: ElementType<any, keyof IntrinsicElements>; } & GridBaseProps & { sx?: SxProps<Theme> | undefined; } & SystemProps<...> & Omit<...>): Element | null', gave the following error.
    Property 'component' is missing in type '{ children: Element; item: true; xs: number; sm: number; md: number; key: number; }' but required in type '{ component: ElementType<any, keyof IntrinsicElements>; }'.
  Overload 2 of 2, '(props: DefaultComponentProps<GridTypeMap<{}, "div">>): Element | null', gave the following error.
    Type '{ children: Element; item: true; xs: number; sm: number; md: number; key: number; }' is not assignable to type 'IntrinsicAttributes & GridBaseProps & { sx?: SxProps<Theme> | undefined; } & SystemProps<Theme> & Omit<...>'.
      Property 'item' does not exist on type 'IntrinsicAttributes & GridBaseProps & { sx?: SxProps<Theme> | undefined; } & SystemProps<Theme> & Omit<...>'.
    55 |       <Grid container spacing={3} sx={{ mb: 4 }}>
    56 |         {statCards.map((card, index) => (
  > 57 |           <Grid item xs={12} sm={6} md={3} key={index}>
       |           ^^^^^^^^^^^^^^^^^^^^^^^^^^^^^^^^^^^^^^^^^^^^^
    58 |             <Card sx={{ borderRadius: 4, boxShadow: '0 10px 30px 0 rgba(19, 91, 236, 0.05)', position: 'relative', overflow: 'hidden' }}>
    59 |               <CardContent>
    60 |                 <Box sx={{ display: 'flex', justifyContent: 'space-between', alignItems: 'flex-start' }}>

ERROR in src/pages/Dashboard.tsx:82:9
TS2769: No overload matches this call.
  Overload 1 of 2, '(props: { component: ElementType<any, keyof IntrinsicElements>; } & GridBaseProps & { sx?: SxProps<Theme> | undefined; } & SystemProps<...> & Omit<...>): Element | null', gave the following error.
    Property 'component' is missing in type '{ children: Element; item: true; xs: number; md: number; }' but required in type '{ component: ElementType<any, keyof IntrinsicElements>; }'.
  Overload 2 of 2, '(props: DefaultComponentProps<GridTypeMap<{}, "div">>): Element | null', gave the following error.
    Type '{ children: Element; item: true; xs: number; md: number; }' is not assignable to type 'IntrinsicAttributes & GridBaseProps & { sx?: SxProps<Theme> | undefined; } & SystemProps<Theme> & Omit<...>'.
      Property 'item' does not exist on type 'IntrinsicAttributes & GridBaseProps & { sx?: SxProps<Theme> | undefined; } & SystemProps<Theme> & Omit<...>'.
    80 |
    81 |       <Grid container spacing={3}>
  > 82 |         <Grid item xs={12} md={8}>
       |         ^^^^^^^^^^^^^^^^^^^^^^^^^^
    83 |           <Paper sx={{ p: 3, borderRadius: 4, height: '100%' }}>
    84 |             <Box sx={{ display: 'flex', justifyContent: 'space-between', alignItems: 'center', mb: 3 }}>
    85 |               <Typography variant="h6" sx={{ fontWeight: 'bold' }}>Analisis Terbaru</Typography>

ERROR in src/pages/Dashboard.tsx:135:9
TS2769: No overload matches this call.
  Overload 1 of 2, '(props: { component: ElementType<any, keyof IntrinsicElements>; } & GridBaseProps & { sx?: SxProps<Theme> | undefined; } & SystemProps<...> & Omit<...>): Element | null', gave the following error.
    Property 'component' is missing in type '{ children: Element; item: true; xs: number; md: number; }' but required in type '{ component: ElementType<any, keyof IntrinsicElements>; }'.
  Overload 2 of 2, '(props: DefaultComponentProps<GridTypeMap<{}, "div">>): Element | null', gave the following error.
    Type '{ children: Element; item: true; xs: number; md: number; }' is not assignable to type 'IntrinsicAttributes & GridBaseProps & { sx?: SxProps<Theme> | undefined; } & SystemProps<Theme> & Omit<...>'.
      Property 'item' does not exist on type 'IntrinsicAttributes & GridBaseProps & { sx?: SxProps<Theme> | undefined; } & SystemProps<Theme> & Omit<...>'.
    133 |           </Paper>
    134 |         </Grid>
  > 135 |         <Grid item xs={12} md={4}>
        |         ^^^^^^^^^^^^^^^^^^^^^^^^^^
    136 |           <Paper sx={{ p: 3, borderRadius: 4, height: '100%' }}>
    137 |             <Typography variant="h6" sx={{ fontWeight: 'bold', mb: 3 }}>System Load</Typography>
    138 |             <Box sx={{ mb: 3 }}>

ERROR in src/pages/Dashboard.tsx:160:14
TS2304: Cannot find name 'Divider'.
    158 |             </Box>
    159 |
  > 160 |             <Divider sx={{ my: 3 }} />
        |              ^^^^^^^
    161 |
    162 |             <Typography variant="subtitle2" sx={{ fontWeight: 'bold', mb: 2 }}>Quick Actions</Typography>
    163 |             <Grid container spacing={1}>

ERROR in src/pages/Dashboard.tsx:164:15
TS2769: No overload matches this call.
  Overload 1 of 2, '(props: { component: ElementType<any, keyof IntrinsicElements>; } & GridBaseProps & { sx?: SxProps<Theme> | undefined; } & SystemProps<...> & Omit<...>): Element | null', gave the following error.
    Property 'component' is missing in type '{ children: Element; item: true; xs: number; }' but required in type '{ component: ElementType<any, keyof IntrinsicElements>; }'.
  Overload 2 of 2, '(props: DefaultComponentProps<GridTypeMap<{}, "div">>): Element | null', gave the following error.
    Type '{ children: Element; item: true; xs: number; }' is not assignable to type 'IntrinsicAttributes & GridBaseProps & { sx?: SxProps<Theme> | undefined; } & SystemProps<Theme> & Omit<...>'.
      Property 'item' does not exist on type 'IntrinsicAttributes & GridBaseProps & { sx?: SxProps<Theme> | undefined; } & SystemProps<Theme> & Omit<...>'.
    162 |             <Typography variant="subtitle2" sx={{ fontWeight: 'bold', mb: 2 }}>Quick Actions</Typography>
    163 |             <Grid container spacing={1}>
  > 164 |               <Grid item xs={6}>
        |               ^^^^^^^^^^^^^^^^^^
    165 |                 <Paper variant="outlined" sx={{ p: 1.5, textAlign: 'center', cursor: 'pointer', '&:hover': { bgcolor: 'rgba(0,0,0,0.02)' } }}>
    166 |                   <PsychologyIcon color="primary" />
    167 |                   <Typography variant="caption" display="block">New Scan</Typography>

ERROR in src/pages/Dashboard.tsx:170:15
TS2769: No overload matches this call.
  Overload 1 of 2, '(props: { component: ElementType<any, keyof IntrinsicElements>; } & GridBaseProps & { sx?: SxProps<Theme> | undefined; } & SystemProps<...> & Omit<...>): Element | null', gave the following error.
    Property 'component' is missing in type '{ children: Element; item: true; xs: number; }' but required in type '{ component: ElementType<any, keyof IntrinsicElements>; }'.
  Overload 2 of 2, '(props: DefaultComponentProps<GridTypeMap<{}, "div">>): Element | null', gave the following error.
    Type '{ children: Element; item: true; xs: number; }' is not assignable to type 'IntrinsicAttributes & GridBaseProps & { sx?: SxProps<Theme> | undefined; } & SystemProps<Theme> & Omit<...>'.
      Property 'item' does not exist on type 'IntrinsicAttributes & GridBaseProps & { sx?: SxProps<Theme> | undefined; } & SystemProps<Theme> & Omit<...>'.
    168 |                 </Paper>
    169 |               </Grid>
  > 170 |               <Grid item xs={6}>
        |               ^^^^^^^^^^^^^^^^^^
    171 |                 <Paper variant="outlined" sx={{ p: 1.5, textAlign: 'center', cursor: 'pointer', '&:hover': { bgcolor: 'rgba(0,0,0,0.02)' } }}>
    172 |                   <PeopleIcon color="primary" />
    173 |                   <Typography variant="caption" display="block">Add Patient</Typography>

ERROR in src/pages/MRIAnalysis.tsx
TS1127: Invalid character.

ERROR in src/pages/MRIAnalysis.tsx:86:9
TS2769: No overload matches this call.
  Overload 1 of 2, '(props: { component: ElementType<any, keyof IntrinsicElements>; } & GridBaseProps & { sx?: SxProps<Theme> | undefined; } & SystemProps<...> & Omit<...>): Element | null', gave the following error.
    Property 'component' is missing in type '{ children: (Element | null)[]; item: true; xs: number; md: number; }' but required in type '{ component: ElementType<any, keyof IntrinsicElements>; }'.
  Overload 2 of 2, '(props: DefaultComponentProps<GridTypeMap<{}, "div">>): Element | null', gave the following error.
    Type '{ children: (Element | null)[]; item: true; xs: number; md: number; }' is not assignable to type 'IntrinsicAttributes & GridBaseProps & { sx?: SxProps<Theme> | undefined; } & SystemProps<Theme> & Omit<...>'.
      Property 'item' does not exist on type 'IntrinsicAttributes & GridBaseProps & { sx?: SxProps<Theme> | undefined; } & SystemProps<Theme> & Omit<...>'.
    84 |
    85 |       <Grid container spacing={4}>
  > 86 |         <Grid item xs={12} md={6}>
       |         ^^^^^^^^^^^^^^^^^^^^^^^^^^
    87 |           <Paper sx={{ p: 3, mb: 3, borderRadius: 3 }}>
    88 |             <Typography variant="h6" gutterBottom sx={{ fontWeight: 'bold' }}>Select Patient</Typography>
    89 |             <FormControl fullWidth size="small">

ERROR in src/pages/MRIAnalysis.tsx:145:9
TS2769: No overload matches this call.
  Overload 1 of 2, '(props: { component: ElementType<any, keyof IntrinsicElements>; } & GridBaseProps & { sx?: SxProps<Theme> | undefined; } & SystemProps<...> & Omit<...>): Element | null', gave the following error.
    Property 'component' is missing in type '{ children: Element; item: true; xs: number; md: number; }' but required in type '{ component: ElementType<any, keyof IntrinsicElements>; }'.
  Overload 2 of 2, '(props: DefaultComponentProps<GridTypeMap<{}, "div">>): Element | null', gave the following error.
    Type '{ children: Element; item: true; xs: number; md: number; }' is not assignable to type 'IntrinsicAttributes & GridBaseProps & { sx?: SxProps<Theme> | undefined; } & SystemProps<Theme> & Omit<...>'.
      Property 'item' does not exist on type 'IntrinsicAttributes & GridBaseProps & { sx?: SxProps<Theme> | undefined; } & SystemProps<Theme> & Omit<...>'.
    143 |         </Grid>
    144 |
  > 145 |         <Grid item xs={12} md={6}>
        |         ^^^^^^^^^^^^^^^^^^^^^^^^^^
    146 |           <Card sx={{ borderRadius: 4, height: '100%', boxShadow: '0 4px 20px rgba(0,0,0,0.05)' }}>
    147 |             <CardContent sx={{ p: 4 }}>
    148 |               <Typography variant="h6" sx={{ mb: 3, fontWeight: 'bold' }}>Analysis Result</Typography>

ERROR in src/pages/MRIAnalysis.tsx:193:117
TS1381: Unexpected token. Did you mean `{'}'}` or `&rbrace;`?
    191 |                     <Box sx={{ display: 'flex', alignItems: 'center', gap: 2 }}>
    192 |                       <Box sx={{ flexGrow: 1, height: 8, bgcolor: 'rgba(0,0,0,0.1)', borderRadius: 4, overflow: 'hidden' }}>
  > 193 |                         <Box sx={{ width: \`\${result.confidence * 100}%\`, height: '100%', bgcolor: 'primary.main' }} />
        |                                                                                                                     ^
    194 |                       </Box>
    195 |                       <Typography variant="body2" sx={{ fontWeight: 'bold' }}>{(result.confidence * 100).toFixed(1)}%</Typography>
    196 |                     </Box>

ERROR in src/pages/MRIAnalysis.tsx:193:118
TS1381: Unexpected token. Did you mean `{'}'}` or `&rbrace;`?
    191 |                     <Box sx={{ display: 'flex', alignItems: 'center', gap: 2 }}>
    192 |                       <Box sx={{ flexGrow: 1, height: 8, bgcolor: 'rgba(0,0,0,0.1)', borderRadius: 4, overflow: 'hidden' }}>
  > 193 |                         <Box sx={{ width: \`\${result.confidence * 100}%\`, height: '100%', bgcolor: 'primary.main' }} />
        |                                                                                                                      ^
    194 |                       </Box>
    195 |                       <Typography variant="body2" sx={{ fontWeight: 'bold' }}>{(result.confidence * 100).toFixed(1)}%</Typography>
    196 |                     </Box>

ERROR in src/pages/MRIAnalysis.tsx:193:121
TS1382: Unexpected token. Did you mean `{'>'}` or `&gt;`?
    191 |                     <Box sx={{ display: 'flex', alignItems: 'center', gap: 2 }}>
    192 |                       <Box sx={{ flexGrow: 1, height: 8, bgcolor: 'rgba(0,0,0,0.1)', borderRadius: 4, overflow: 'hidden' }}>
  > 193 |                         <Box sx={{ width: \`\${result.confidence * 100}%\`, height: '100%', bgcolor: 'primary.main' }} />
        |                                                                                                                         ^
    194 |                       </Box>
    195 |                       <Typography variant="body2" sx={{ fontWeight: 'bold' }}>{(result.confidence * 100).toFixed(1)}%</Typography>
    196 |                     </Box>

ERROR in src/pages/Patients.tsx:154:13
TS2769: No overload matches this call.
  Overload 1 of 2, '(props: { component: ElementType<any, keyof IntrinsicElements>; } & GridBaseProps & { sx?: SxProps<Theme> | undefined; } & SystemProps<...> & Omit<...>): Element | null', gave the following error.
    Property 'component' is missing in type '{ children: Element; item: true; xs: number; }' but required in type '{ component: ElementType<any, keyof IntrinsicElements>; }'.
  Overload 2 of 2, '(props: DefaultComponentProps<GridTypeMap<{}, "div">>): Element | null', gave the following error.
    Type '{ children: Element; item: true; xs: number; }' is not assignable to type 'IntrinsicAttributes & GridBaseProps & { sx?: SxProps<Theme> | undefined; } & SystemProps<Theme> & Omit<...>'.
      Property 'item' does not exist on type 'IntrinsicAttributes & GridBaseProps & { sx?: SxProps<Theme> | undefined; } & SystemProps<Theme> & Omit<...>'.
    152 |         <DialogContent>
    153 |           <Grid container spacing={2} sx={{ mt: 1 }}>
  > 154 |             <Grid item xs={12}>
        |             ^^^^^^^^^^^^^^^^^^^
    155 |               <TextField
    156 |                 label="Nama Lengkap"
    157 |                 fullWidth

ERROR in src/pages/Patients.tsx:162:13
TS2769: No overload matches this call.
  Overload 1 of 2, '(props: { component: ElementType<any, keyof IntrinsicElements>; } & GridBaseProps & { sx?: SxProps<Theme> | undefined; } & SystemProps<...> & Omit<...>): Element | null', gave the following error.
    Property 'component' is missing in type '{ children: Element; item: true; xs: number; sm: number; }' but required in type '{ component: ElementType<any, keyof IntrinsicElements>; }'.
  Overload 2 of 2, '(props: DefaultComponentProps<GridTypeMap<{}, "div">>): Element | null', gave the following error.
    Type '{ children: Element; item: true; xs: number; sm: number; }' is not assignable to type 'IntrinsicAttributes & GridBaseProps & { sx?: SxProps<Theme> | undefined; } & SystemProps<Theme> & Omit<...>'.
      Property 'item' does not exist on type 'IntrinsicAttributes & GridBaseProps & { sx?: SxProps<Theme> | undefined; } & SystemProps<Theme> & Omit<...>'.
    160 |               />
    161 |             </Grid>
  > 162 |             <Grid item xs={12} sm={6}>
        |             ^^^^^^^^^^^^^^^^^^^^^^^^^^
    163 |               <TextField
    164 |                 label="NIK"
    165 |                 fullWidth

ERROR in src/pages/Patients.tsx:170:13
TS2769: No overload matches this call.
  Overload 1 of 2, '(props: { component: ElementType<any, keyof IntrinsicElements>; } & GridBaseProps & { sx?: SxProps<Theme> | undefined; } & SystemProps<...> & Omit<...>): Element | null', gave the following error.
    Property 'component' is missing in type '{ children: Element; item: true; xs: number; sm: number; }' but required in type '{ component: ElementType<any, keyof IntrinsicElements>; }'.
  Overload 2 of 2, '(props: DefaultComponentProps<GridTypeMap<{}, "div">>): Element | null', gave the following error.
    Type '{ children: Element; item: true; xs: number; sm: number; }' is not assignable to type 'IntrinsicAttributes & GridBaseProps & { sx?: SxProps<Theme> | undefined; } & SystemProps<Theme> & Omit<...>'.
      Property 'item' does not exist on type 'IntrinsicAttributes & GridBaseProps & { sx?: SxProps<Theme> | undefined; } & SystemProps<Theme> & Omit<...>'.
    168 |               />
    169 |             </Grid>
  > 170 |             <Grid item xs={12} sm={6}>
        |             ^^^^^^^^^^^^^^^^^^^^^^^^^^
    171 |               <TextField
    172 |                 select
    173 |                 label="Jenis Kelamin"

ERROR in src/pages/Patients.tsx:182:13
TS2769: No overload matches this call.
  Overload 1 of 2, '(props: { component: ElementType<any, keyof IntrinsicElements>; } & GridBaseProps & { sx?: SxProps<Theme> | undefined; } & SystemProps<...> & Omit<...>): Element | null', gave the following error.
    Property 'component' is missing in type '{ children: Element; item: true; xs: number; }' but required in type '{ component: ElementType<any, keyof IntrinsicElements>; }'.
  Overload 2 of 2, '(props: DefaultComponentProps<GridTypeMap<{}, "div">>): Element | null', gave the following error.
    Type '{ children: Element; item: true; xs: number; }' is not assignable to type 'IntrinsicAttributes & GridBaseProps & { sx?: SxProps<Theme> | undefined; } & SystemProps<Theme> & Omit<...>'.
      Property 'item' does not exist on type 'IntrinsicAttributes & GridBaseProps & { sx?: SxProps<Theme> | undefined; } & SystemProps<Theme> & Omit<...>'.
    180 |               </TextField>
    181 |             </Grid>
  > 182 |             <Grid item xs={12}>
        |             ^^^^^^^^^^^^^^^^^^^
    183 |               <TextField
    184 |                 label="Tanggal Lahir"
    185 |                 type="date"

ERROR in src/pages/Permissions.tsx:37:11
TS2769: No overload matches this call.
  Overload 1 of 2, '(props: { component: ElementType<any, keyof IntrinsicElements>; } & GridBaseProps & { sx?: SxProps<Theme> | undefined; } & SystemProps<...> & Omit<...>): Element | null', gave the following error.
    Property 'component' is missing in type '{ children: Element; item: true; xs: number; md: number; key: string; }' but required in type '{ component: ElementType<any, keyof IntrinsicElements>; }'.
  Overload 2 of 2, '(props: DefaultComponentProps<GridTypeMap<{}, "div">>): Element | null', gave the following error.
    Type '{ children: Element; item: true; xs: number; md: number; key: string; }' is not assignable to type 'IntrinsicAttributes & GridBaseProps & { sx?: SxProps<Theme> | undefined; } & SystemProps<Theme> & Omit<...>'.
      Property 'item' does not exist on type 'IntrinsicAttributes & GridBaseProps & { sx?: SxProps<Theme> | undefined; } & SystemProps<Theme> & Omit<...>'.
    35 |       <Grid container spacing={3}>
    36 |         {permissionGroups.map((group) => (
  > 37 |           <Grid item xs={12} md={6} key={group.title}>
       |           ^^^^^^^^^^^^^^^^^^^^^^^^^^^^^^^^^^^^^^^^^^^^
    38 |             <Card sx={{ borderRadius: 3, height: '100%' }}>
    39 |               <CardContent>
    40 |                 <Typography variant="h6" gutterBottom sx={{ fontWeight: 'bold', borderBottom: '2px solid', borderColor: 'primary.main', pb: 1, mb: 2 }}>

Compiling...
Failed to compile.

[eslint]
src/pages/Dashboard.tsx
  Line 160:14:  'Divider' is not defined  react/jsx-no-undef

src/pages/MRIAnalysis.tsx
Syntax error: Invalid character (193:42)

Search for the keywords to learn more about each error.
WARNING in [eslint]
src/components/layout/Sidebar.tsx
  Line 11:15:  'BarChartIcon' is defined but never used  @typescript-eslint/no-unused-vars

src/pages/ActivityLogs.tsx
  Line 6:24:  'AssignmentIcon' is defined but never used  @typescript-eslint/no-unused-vars

src/pages/Dashboard.tsx
  Line 12:15:  'ScheduleIcon' is defined but never used  @typescript-eslint/no-unused-vars

src/pages/Permissions.tsx
  Line 2:22:  'Paper' is defined but never used  @typescript-eslint/no-unused-vars

ERROR in ./src/App.tsx 14:0-40
Module not found: Error: Can't resolve './pages/Settings' in '/app/frontend/src'

ERROR in ./src/pages/MRIAnalysis.tsx
Module build failed (from ./node_modules/babel-loader/lib/index.js):
SyntaxError: /app/frontend/src/pages/MRIAnalysis.tsx: Expecting Unicode escape sequence \uXXXX. (193:43)

  191 |                     <Box sx={{ display: 'flex', alignItems: 'center', gap: 2 }}>
  192 |                       <Box sx={{ flexGrow: 1, height: 8, bgcolor: 'rgba(0,0,0,0.1)', borderRadius: 4, overflow: 'hidden' }}>
> 193 |                         <Box sx={{ width: \`\${result.confidence * 100}%\`, height: '100%', bgcolor: 'primary.main' }} />
      |                                            ^
  194 |                       </Box>
  195 |                       <Typography variant="body2" sx={{ fontWeight: 'bold' }}>{(result.confidence * 100).toFixed(1)}%</Typography>
  196 |                     </Box>
    at constructor (/app/frontend/node_modules/@babel/parser/lib/index.js:365:19)
    at TypeScriptParserMixin.raise (/app/frontend/node_modules/@babel/parser/lib/index.js:6599:19)
    at TypeScriptParserMixin.readWord1 (/app/frontend/node_modules/@babel/parser/lib/index.js:6559:16)
    at TypeScriptParserMixin.readWord (/app/frontend/node_modules/@babel/parser/lib/index.js:6579:23)
    at TypeScriptParserMixin.getTokenFromCode (/app/frontend/node_modules/@babel/parser/lib/index.js:6298:14)
    at TypeScriptParserMixin.getTokenFromCode (/app/frontend/node_modules/@babel/parser/lib/index.js:4797:11)
    at TypeScriptParserMixin.getTokenFromCode (/app/frontend/node_modules/@babel/parser/lib/index.js:9987:11)
    at TypeScriptParserMixin.nextToken (/app/frontend/node_modules/@babel/parser/lib/index.js:5782:10)
    at TypeScriptParserMixin.next (/app/frontend/node_modules/@babel/parser/lib/index.js:5692:10)
    at TypeScriptParserMixin.eat (/app/frontend/node_modules/@babel/parser/lib/index.js:5696:12)
    at TypeScriptParserMixin.parseObjectProperty (/app/frontend/node_modules/@babel/parser/lib/index.js:11949:14)
    at TypeScriptParserMixin.parseObjPropValue (/app/frontend/node_modules/@babel/parser/lib/index.js:11978:100)
    at TypeScriptParserMixin.parseObjPropValue (/app/frontend/node_modules/@babel/parser/lib/index.js:9744:18)
    at TypeScriptParserMixin.parsePropertyDefinition (/app/frontend/node_modules/@babel/parser/lib/index.js:11915:17)
    at TypeScriptParserMixin.parseObjectLike (/app/frontend/node_modules/@babel/parser/lib/index.js:11832:21)
    at TypeScriptParserMixin.parseExprAtom (/app/frontend/node_modules/@babel/parser/lib/index.js:11339:23)
    at TypeScriptParserMixin.parseExprAtom (/app/frontend/node_modules/@babel/parser/lib/index.js:4764:20)
    at TypeScriptParserMixin.parseExprSubscripts (/app/frontend/node_modules/@babel/parser/lib/index.js:11081:23)
    at TypeScriptParserMixin.parseUpdate (/app/frontend/node_modules/@babel/parser/lib/index.js:11066:21)
    at TypeScriptParserMixin.parseMaybeUnary (/app/frontend/node_modules/@babel/parser/lib/index.js:11046:23)
    at TypeScriptParserMixin.parseMaybeUnary (/app/frontend/node_modules/@babel/parser/lib/index.js:9837:18)
    at TypeScriptParserMixin.parseMaybeUnaryOrPrivate (/app/frontend/node_modules/@babel/parser/lib/index.js:10899:61)
    at TypeScriptParserMixin.parseExprOps (/app/frontend/node_modules/@babel/parser/lib/index.js:10904:23)
    at TypeScriptParserMixin.parseMaybeConditional (/app/frontend/node_modules/@babel/parser/lib/index.js:10881:23)
    at TypeScriptParserMixin.parseMaybeAssign (/app/frontend/node_modules/@babel/parser/lib/index.js:10831:21)
    at TypeScriptParserMixin.parseMaybeAssign (/app/frontend/node_modules/@babel/parser/lib/index.js:9786:20)
    at TypeScriptParserMixin.parseExpressionBase (/app/frontend/node_modules/@babel/parser/lib/index.js:10784:23)
    at /app/frontend/node_modules/@babel/parser/lib/index.js:10780:39
    at TypeScriptParserMixin.allowInAnd (/app/frontend/node_modules/@babel/parser/lib/index.js:12426:12)
    at TypeScriptParserMixin.parseExpression (/app/frontend/node_modules/@babel/parser/lib/index.js:10780:17)
    at TypeScriptParserMixin.jsxParseExpressionContainer (/app/frontend/node_modules/@babel/parser/lib/index.js:4632:31)
    at TypeScriptParserMixin.jsxParseAttributeValue (/app/frontend/node_modules/@babel/parser/lib/index.js:4604:21)
    at TypeScriptParserMixin.jsxParseAttribute (/app/frontend/node_modules/@babel/parser/lib/index.js:4653:38)
    at TypeScriptParserMixin.jsxParseOpeningElementAfterName (/app/frontend/node_modules/@babel/parser/lib/index.js:4667:28)
    at TypeScriptParserMixin.jsxParseOpeningElementAfterName (/app/frontend/node_modules/@babel/parser/lib/index.js:10043:18)
    at TypeScriptParserMixin.jsxParseOpeningElementAt (/app/frontend/node_modules/@babel/parser/lib/index.js:4662:17)
    at TypeScriptParserMixin.jsxParseElementAt (/app/frontend/node_modules/@babel/parser/lib/index.js:4686:33)
    at TypeScriptParserMixin.jsxParseElementAt (/app/frontend/node_modules/@babel/parser/lib/index.js:4698:32)
    at TypeScriptParserMixin.jsxParseElementAt (/app/frontend/node_modules/@babel/parser/lib/index.js:4698:32)
    at TypeScriptParserMixin.jsxParseElementAt (/app/frontend/node_modules/@babel/parser/lib/index.js:4698:32)
    at TypeScriptParserMixin.jsxParseElementAt (/app/frontend/node_modules/@babel/parser/lib/index.js:4698:32)
    at TypeScriptParserMixin.jsxParseElement (/app/frontend/node_modules/@babel/parser/lib/index.js:4749:17)
    at TypeScriptParserMixin.parseExprAtom (/app/frontend/node_modules/@babel/parser/lib/index.js:4759:19)
    at TypeScriptParserMixin.parseExprSubscripts (/app/frontend/node_modules/@babel/parser/lib/index.js:11081:23)
    at TypeScriptParserMixin.parseUpdate (/app/frontend/node_modules/@babel/parser/lib/index.js:11066:21)
    at TypeScriptParserMixin.parseMaybeUnary (/app/frontend/node_modules/@babel/parser/lib/index.js:11046:23)
    at TypeScriptParserMixin.parseMaybeUnary (/app/frontend/node_modules/@babel/parser/lib/index.js:9837:18)
    at TypeScriptParserMixin.parseMaybeUnaryOrPrivate (/app/frontend/node_modules/@babel/parser/lib/index.js:10899:61)
    at TypeScriptParserMixin.parseExprOps (/app/frontend/node_modules/@babel/parser/lib/index.js:10904:23)
    at TypeScriptParserMixin.parseMaybeConditional (/app/frontend/node_modules/@babel/parser/lib/index.js:10881:23)

ERROR in [eslint]
src/pages/Dashboard.tsx
  Line 160:14:  'Divider' is not defined  react/jsx-no-undef

src/pages/MRIAnalysis.tsx
  Line 193:42:  Parsing error: Invalid character

Search for the keywords to learn more about each error.

webpack compiled with 3 errors and 1 warning
ERROR in src/App.tsx:11:22
TS2307: Cannot find module './pages/Settings' or its corresponding type declarations.
     9 | import Roles from './pages/Roles';
    10 | import Permissions from './pages/Permissions';
  > 11 | import Settings from './pages/Settings';
       |                      ^^^^^^^^^^^^^^^^^^
    12 |
    13 | const theme = createTheme({
    14 |   palette: {

ERROR in src/pages/Dashboard.tsx:57:11
TS2769: No overload matches this call.
  Overload 1 of 2, '(props: { component: ElementType<any, keyof IntrinsicElements>; } & GridBaseProps & { sx?: SxProps<Theme> | undefined; } & SystemProps<...> & Omit<...>): Element | null', gave the following error.
    Property 'component' is missing in type '{ children: Element; item: true; xs: number; sm: number; md: number; key: number; }' but required in type '{ component: ElementType<any, keyof IntrinsicElements>; }'.
  Overload 2 of 2, '(props: DefaultComponentProps<GridTypeMap<{}, "div">>): Element | null', gave the following error.
    Type '{ children: Element; item: true; xs: number; sm: number; md: number; key: number; }' is not assignable to type 'IntrinsicAttributes & GridBaseProps & { sx?: SxProps<Theme> | undefined; } & SystemProps<Theme> & Omit<...>'.
      Property 'item' does not exist on type 'IntrinsicAttributes & GridBaseProps & { sx?: SxProps<Theme> | undefined; } & SystemProps<Theme> & Omit<...>'.
    55 |       <Grid container spacing={3} sx={{ mb: 4 }}>
    56 |         {statCards.map((card, index) => (
  > 57 |           <Grid item xs={12} sm={6} md={3} key={index}>
       |           ^^^^^^^^^^^^^^^^^^^^^^^^^^^^^^^^^^^^^^^^^^^^^
    58 |             <Card sx={{ borderRadius: 4, boxShadow: '0 10px 30px 0 rgba(19, 91, 236, 0.05)', position: 'relative', overflow: 'hidden' }}>
    59 |               <CardContent>
    60 |                 <Box sx={{ display: 'flex', justifyContent: 'space-between', alignItems: 'flex-start' }}>

ERROR in src/pages/Dashboard.tsx:82:9
TS2769: No overload matches this call.
  Overload 1 of 2, '(props: { component: ElementType<any, keyof IntrinsicElements>; } & GridBaseProps & { sx?: SxProps<Theme> | undefined; } & SystemProps<...> & Omit<...>): Element | null', gave the following error.
    Property 'component' is missing in type '{ children: Element; item: true; xs: number; md: number; }' but required in type '{ component: ElementType<any, keyof IntrinsicElements>; }'.
  Overload 2 of 2, '(props: DefaultComponentProps<GridTypeMap<{}, "div">>): Element | null', gave the following error.
    Type '{ children: Element; item: true; xs: number; md: number; }' is not assignable to type 'IntrinsicAttributes & GridBaseProps & { sx?: SxProps<Theme> | undefined; } & SystemProps<Theme> & Omit<...>'.
      Property 'item' does not exist on type 'IntrinsicAttributes & GridBaseProps & { sx?: SxProps<Theme> | undefined; } & SystemProps<Theme> & Omit<...>'.
    80 |
    81 |       <Grid container spacing={3}>
  > 82 |         <Grid item xs={12} md={8}>
       |         ^^^^^^^^^^^^^^^^^^^^^^^^^^
    83 |           <Paper sx={{ p: 3, borderRadius: 4, height: '100%' }}>
    84 |             <Box sx={{ display: 'flex', justifyContent: 'space-between', alignItems: 'center', mb: 3 }}>
    85 |               <Typography variant="h6" sx={{ fontWeight: 'bold' }}>Analisis Terbaru</Typography>

ERROR in src/pages/Dashboard.tsx:135:9
TS2769: No overload matches this call.
  Overload 1 of 2, '(props: { component: ElementType<any, keyof IntrinsicElements>; } & GridBaseProps & { sx?: SxProps<Theme> | undefined; } & SystemProps<...> & Omit<...>): Element | null', gave the following error.
    Property 'component' is missing in type '{ children: Element; item: true; xs: number; md: number; }' but required in type '{ component: ElementType<any, keyof IntrinsicElements>; }'.
  Overload 2 of 2, '(props: DefaultComponentProps<GridTypeMap<{}, "div">>): Element | null', gave the following error.
    Type '{ children: Element; item: true; xs: number; md: number; }' is not assignable to type 'IntrinsicAttributes & GridBaseProps & { sx?: SxProps<Theme> | undefined; } & SystemProps<Theme> & Omit<...>'.
      Property 'item' does not exist on type 'IntrinsicAttributes & GridBaseProps & { sx?: SxProps<Theme> | undefined; } & SystemProps<Theme> & Omit<...>'.
    133 |           </Paper>
    134 |         </Grid>
  > 135 |         <Grid item xs={12} md={4}>
        |         ^^^^^^^^^^^^^^^^^^^^^^^^^^
    136 |           <Paper sx={{ p: 3, borderRadius: 4, height: '100%' }}>
    137 |             <Typography variant="h6" sx={{ fontWeight: 'bold', mb: 3 }}>System Load</Typography>
    138 |             <Box sx={{ mb: 3 }}>

ERROR in src/pages/Dashboard.tsx:160:14
TS2304: Cannot find name 'Divider'.
    158 |             </Box>
    159 |
  > 160 |             <Divider sx={{ my: 3 }} />
        |              ^^^^^^^
    161 |
    162 |             <Typography variant="subtitle2" sx={{ fontWeight: 'bold', mb: 2 }}>Quick Actions</Typography>
    163 |             <Grid container spacing={1}>

ERROR in src/pages/Dashboard.tsx:164:15
TS2769: No overload matches this call.
  Overload 1 of 2, '(props: { component: ElementType<any, keyof IntrinsicElements>; } & GridBaseProps & { sx?: SxProps<Theme> | undefined; } & SystemProps<...> & Omit<...>): Element | null', gave the following error.
    Property 'component' is missing in type '{ children: Element; item: true; xs: number; }' but required in type '{ component: ElementType<any, keyof IntrinsicElements>; }'.
  Overload 2 of 2, '(props: DefaultComponentProps<GridTypeMap<{}, "div">>): Element | null', gave the following error.
    Type '{ children: Element; item: true; xs: number; }' is not assignable to type 'IntrinsicAttributes & GridBaseProps & { sx?: SxProps<Theme> | undefined; } & SystemProps<Theme> & Omit<...>'.
      Property 'item' does not exist on type 'IntrinsicAttributes & GridBaseProps & { sx?: SxProps<Theme> | undefined; } & SystemProps<Theme> & Omit<...>'.
    162 |             <Typography variant="subtitle2" sx={{ fontWeight: 'bold', mb: 2 }}>Quick Actions</Typography>
    163 |             <Grid container spacing={1}>
  > 164 |               <Grid item xs={6}>
        |               ^^^^^^^^^^^^^^^^^^
    165 |                 <Paper variant="outlined" sx={{ p: 1.5, textAlign: 'center', cursor: 'pointer', '&:hover': { bgcolor: 'rgba(0,0,0,0.02)' } }}>
    166 |                   <PsychologyIcon color="primary" />
    167 |                   <Typography variant="caption" display="block">New Scan</Typography>

ERROR in src/pages/Dashboard.tsx:170:15
TS2769: No overload matches this call.
  Overload 1 of 2, '(props: { component: ElementType<any, keyof IntrinsicElements>; } & GridBaseProps & { sx?: SxProps<Theme> | undefined; } & SystemProps<...> & Omit<...>): Element | null', gave the following error.
    Property 'component' is missing in type '{ children: Element; item: true; xs: number; }' but required in type '{ component: ElementType<any, keyof IntrinsicElements>; }'.
  Overload 2 of 2, '(props: DefaultComponentProps<GridTypeMap<{}, "div">>): Element | null', gave the following error.
    Type '{ children: Element; item: true; xs: number; }' is not assignable to type 'IntrinsicAttributes & GridBaseProps & { sx?: SxProps<Theme> | undefined; } & SystemProps<Theme> & Omit<...>'.
      Property 'item' does not exist on type 'IntrinsicAttributes & GridBaseProps & { sx?: SxProps<Theme> | undefined; } & SystemProps<Theme> & Omit<...>'.
    168 |                 </Paper>
    169 |               </Grid>
  > 170 |               <Grid item xs={6}>
        |               ^^^^^^^^^^^^^^^^^^
    171 |                 <Paper variant="outlined" sx={{ p: 1.5, textAlign: 'center', cursor: 'pointer', '&:hover': { bgcolor: 'rgba(0,0,0,0.02)' } }}>
    172 |                   <PeopleIcon color="primary" />
    173 |                   <Typography variant="caption" display="block">Add Patient</Typography>

ERROR in src/pages/MRIAnalysis.tsx
TS1127: Invalid character.

ERROR in src/pages/MRIAnalysis.tsx:86:9
TS2769: No overload matches this call.
  Overload 1 of 2, '(props: { component: ElementType<any, keyof IntrinsicElements>; } & GridBaseProps & { sx?: SxProps<Theme> | undefined; } & SystemProps<...> & Omit<...>): Element | null', gave the following error.
    Property 'component' is missing in type '{ children: (Element | null)[]; item: true; xs: number; md: number; }' but required in type '{ component: ElementType<any, keyof IntrinsicElements>; }'.
  Overload 2 of 2, '(props: DefaultComponentProps<GridTypeMap<{}, "div">>): Element | null', gave the following error.
    Type '{ children: (Element | null)[]; item: true; xs: number; md: number; }' is not assignable to type 'IntrinsicAttributes & GridBaseProps & { sx?: SxProps<Theme> | undefined; } & SystemProps<Theme> & Omit<...>'.
      Property 'item' does not exist on type 'IntrinsicAttributes & GridBaseProps & { sx?: SxProps<Theme> | undefined; } & SystemProps<Theme> & Omit<...>'.
    84 |
    85 |       <Grid container spacing={4}>
  > 86 |         <Grid item xs={12} md={6}>
       |         ^^^^^^^^^^^^^^^^^^^^^^^^^^
    87 |           <Paper sx={{ p: 3, mb: 3, borderRadius: 3 }}>
    88 |             <Typography variant="h6" gutterBottom sx={{ fontWeight: 'bold' }}>Select Patient</Typography>
    89 |             <FormControl fullWidth size="small">

ERROR in src/pages/MRIAnalysis.tsx:145:9
TS2769: No overload matches this call.
  Overload 1 of 2, '(props: { component: ElementType<any, keyof IntrinsicElements>; } & GridBaseProps & { sx?: SxProps<Theme> | undefined; } & SystemProps<...> & Omit<...>): Element | null', gave the following error.
    Property 'component' is missing in type '{ children: Element; item: true; xs: number; md: number; }' but required in type '{ component: ElementType<any, keyof IntrinsicElements>; }'.
  Overload 2 of 2, '(props: DefaultComponentProps<GridTypeMap<{}, "div">>): Element | null', gave the following error.
    Type '{ children: Element; item: true; xs: number; md: number; }' is not assignable to type 'IntrinsicAttributes & GridBaseProps & { sx?: SxProps<Theme> | undefined; } & SystemProps<Theme> & Omit<...>'.
      Property 'item' does not exist on type 'IntrinsicAttributes & GridBaseProps & { sx?: SxProps<Theme> | undefined; } & SystemProps<Theme> & Omit<...>'.
    143 |         </Grid>
    144 |
  > 145 |         <Grid item xs={12} md={6}>
        |         ^^^^^^^^^^^^^^^^^^^^^^^^^^
    146 |           <Card sx={{ borderRadius: 4, height: '100%', boxShadow: '0 4px 20px rgba(0,0,0,0.05)' }}>
    147 |             <CardContent sx={{ p: 4 }}>
    148 |               <Typography variant="h6" sx={{ mb: 3, fontWeight: 'bold' }}>Analysis Result</Typography>

ERROR in src/pages/MRIAnalysis.tsx:193:117
TS1381: Unexpected token. Did you mean `{'}'}` or `&rbrace;`?
    191 |                     <Box sx={{ display: 'flex', alignItems: 'center', gap: 2 }}>
    192 |                       <Box sx={{ flexGrow: 1, height: 8, bgcolor: 'rgba(0,0,0,0.1)', borderRadius: 4, overflow: 'hidden' }}>
  > 193 |                         <Box sx={{ width: \`\${result.confidence * 100}%\`, height: '100%', bgcolor: 'primary.main' }} />
        |                                                                                                                     ^
    194 |                       </Box>
    195 |                       <Typography variant="body2" sx={{ fontWeight: 'bold' }}>{(result.confidence * 100).toFixed(1)}%</Typography>
    196 |                     </Box>

ERROR in src/pages/MRIAnalysis.tsx:193:118
TS1381: Unexpected token. Did you mean `{'}'}` or `&rbrace;`?
    191 |                     <Box sx={{ display: 'flex', alignItems: 'center', gap: 2 }}>
    192 |                       <Box sx={{ flexGrow: 1, height: 8, bgcolor: 'rgba(0,0,0,0.1)', borderRadius: 4, overflow: 'hidden' }}>
  > 193 |                         <Box sx={{ width: \`\${result.confidence * 100}%\`, height: '100%', bgcolor: 'primary.main' }} />
        |                                                                                                                      ^
    194 |                       </Box>
    195 |                       <Typography variant="body2" sx={{ fontWeight: 'bold' }}>{(result.confidence * 100).toFixed(1)}%</Typography>
    196 |                     </Box>

ERROR in src/pages/MRIAnalysis.tsx:193:121
TS1382: Unexpected token. Did you mean `{'>'}` or `&gt;`?
    191 |                     <Box sx={{ display: 'flex', alignItems: 'center', gap: 2 }}>
    192 |                       <Box sx={{ flexGrow: 1, height: 8, bgcolor: 'rgba(0,0,0,0.1)', borderRadius: 4, overflow: 'hidden' }}>
  > 193 |                         <Box sx={{ width: \`\${result.confidence * 100}%\`, height: '100%', bgcolor: 'primary.main' }} />
        |                                                                                                                         ^
    194 |                       </Box>
    195 |                       <Typography variant="body2" sx={{ fontWeight: 'bold' }}>{(result.confidence * 100).toFixed(1)}%</Typography>
    196 |                     </Box>

ERROR in src/pages/Patients.tsx:154:13
TS2769: No overload matches this call.
  Overload 1 of 2, '(props: { component: ElementType<any, keyof IntrinsicElements>; } & GridBaseProps & { sx?: SxProps<Theme> | undefined; } & SystemProps<...> & Omit<...>): Element | null', gave the following error.
    Property 'component' is missing in type '{ children: Element; item: true; xs: number; }' but required in type '{ component: ElementType<any, keyof IntrinsicElements>; }'.
  Overload 2 of 2, '(props: DefaultComponentProps<GridTypeMap<{}, "div">>): Element | null', gave the following error.
    Type '{ children: Element; item: true; xs: number; }' is not assignable to type 'IntrinsicAttributes & GridBaseProps & { sx?: SxProps<Theme> | undefined; } & SystemProps<Theme> & Omit<...>'.
      Property 'item' does not exist on type 'IntrinsicAttributes & GridBaseProps & { sx?: SxProps<Theme> | undefined; } & SystemProps<Theme> & Omit<...>'.
    152 |         <DialogContent>
    153 |           <Grid container spacing={2} sx={{ mt: 1 }}>
  > 154 |             <Grid item xs={12}>
        |             ^^^^^^^^^^^^^^^^^^^
    155 |               <TextField
    156 |                 label="Nama Lengkap"
    157 |                 fullWidth

ERROR in src/pages/Patients.tsx:162:13
TS2769: No overload matches this call.
  Overload 1 of 2, '(props: { component: ElementType<any, keyof IntrinsicElements>; } & GridBaseProps & { sx?: SxProps<Theme> | undefined; } & SystemProps<...> & Omit<...>): Element | null', gave the following error.
    Property 'component' is missing in type '{ children: Element; item: true; xs: number; sm: number; }' but required in type '{ component: ElementType<any, keyof IntrinsicElements>; }'.
  Overload 2 of 2, '(props: DefaultComponentProps<GridTypeMap<{}, "div">>): Element | null', gave the following error.
    Type '{ children: Element; item: true; xs: number; sm: number; }' is not assignable to type 'IntrinsicAttributes & GridBaseProps & { sx?: SxProps<Theme> | undefined; } & SystemProps<Theme> & Omit<...>'.
      Property 'item' does not exist on type 'IntrinsicAttributes & GridBaseProps & { sx?: SxProps<Theme> | undefined; } & SystemProps<Theme> & Omit<...>'.
    160 |               />
    161 |             </Grid>
  > 162 |             <Grid item xs={12} sm={6}>
        |             ^^^^^^^^^^^^^^^^^^^^^^^^^^
    163 |               <TextField
    164 |                 label="NIK"
    165 |                 fullWidth

ERROR in src/pages/Patients.tsx:170:13
TS2769: No overload matches this call.
  Overload 1 of 2, '(props: { component: ElementType<any, keyof IntrinsicElements>; } & GridBaseProps & { sx?: SxProps<Theme> | undefined; } & SystemProps<...> & Omit<...>): Element | null', gave the following error.
    Property 'component' is missing in type '{ children: Element; item: true; xs: number; sm: number; }' but required in type '{ component: ElementType<any, keyof IntrinsicElements>; }'.
  Overload 2 of 2, '(props: DefaultComponentProps<GridTypeMap<{}, "div">>): Element | null', gave the following error.
    Type '{ children: Element; item: true; xs: number; sm: number; }' is not assignable to type 'IntrinsicAttributes & GridBaseProps & { sx?: SxProps<Theme> | undefined; } & SystemProps<Theme> & Omit<...>'.
      Property 'item' does not exist on type 'IntrinsicAttributes & GridBaseProps & { sx?: SxProps<Theme> | undefined; } & SystemProps<Theme> & Omit<...>'.
    168 |               />
    169 |             </Grid>
  > 170 |             <Grid item xs={12} sm={6}>
        |             ^^^^^^^^^^^^^^^^^^^^^^^^^^
    171 |               <TextField
    172 |                 select
    173 |                 label="Jenis Kelamin"

ERROR in src/pages/Patients.tsx:182:13
TS2769: No overload matches this call.
  Overload 1 of 2, '(props: { component: ElementType<any, keyof IntrinsicElements>; } & GridBaseProps & { sx?: SxProps<Theme> | undefined; } & SystemProps<...> & Omit<...>): Element | null', gave the following error.
    Property 'component' is missing in type '{ children: Element; item: true; xs: number; }' but required in type '{ component: ElementType<any, keyof IntrinsicElements>; }'.
  Overload 2 of 2, '(props: DefaultComponentProps<GridTypeMap<{}, "div">>): Element | null', gave the following error.
    Type '{ children: Element; item: true; xs: number; }' is not assignable to type 'IntrinsicAttributes & GridBaseProps & { sx?: SxProps<Theme> | undefined; } & SystemProps<Theme> & Omit<...>'.
      Property 'item' does not exist on type 'IntrinsicAttributes & GridBaseProps & { sx?: SxProps<Theme> | undefined; } & SystemProps<Theme> & Omit<...>'.
    180 |               </TextField>
    181 |             </Grid>
  > 182 |             <Grid item xs={12}>
        |             ^^^^^^^^^^^^^^^^^^^
    183 |               <TextField
    184 |                 label="Tanggal Lahir"
    185 |                 type="date"

ERROR in src/pages/Permissions.tsx:37:11
TS2769: No overload matches this call.
  Overload 1 of 2, '(props: { component: ElementType<any, keyof IntrinsicElements>; } & GridBaseProps & { sx?: SxProps<Theme> | undefined; } & SystemProps<...> & Omit<...>): Element | null', gave the following error.
    Property 'component' is missing in type '{ children: Element; item: true; xs: number; md: number; key: string; }' but required in type '{ component: ElementType<any, keyof IntrinsicElements>; }'.
  Overload 2 of 2, '(props: DefaultComponentProps<GridTypeMap<{}, "div">>): Element | null', gave the following error.
    Type '{ children: Element; item: true; xs: number; md: number; key: string; }' is not assignable to type 'IntrinsicAttributes & GridBaseProps & { sx?: SxProps<Theme> | undefined; } & SystemProps<Theme> & Omit<...>'.
      Property 'item' does not exist on type 'IntrinsicAttributes & GridBaseProps & { sx?: SxProps<Theme> | undefined; } & SystemProps<Theme> & Omit<...>'.
    35 |       <Grid container spacing={3}>
    36 |         {permissionGroups.map((group) => (
  > 37 |           <Grid item xs={12} md={6} key={group.title}>
       |           ^^^^^^^^^^^^^^^^^^^^^^^^^^^^^^^^^^^^^^^^^^^^
    38 |             <Card sx={{ borderRadius: 3, height: '100%' }}>
    39 |               <CardContent>
    40 |                 <Typography variant="h6" gutterBottom sx={{ fontWeight: 'bold', borderBottom: '2px solid', borderColor: 'primary.main', pb: 1, mb: 2 }}>

Compiling...
Failed to compile.

Module not found: Error: Can't resolve './pages/Settings' in '/app/frontend/src'
WARNING in [eslint]
src/components/layout/Sidebar.tsx
  Line 11:15:  'BarChartIcon' is defined but never used  @typescript-eslint/no-unused-vars

src/pages/ActivityLogs.tsx
  Line 6:24:  'AssignmentIcon' is defined but never used  @typescript-eslint/no-unused-vars

src/pages/Dashboard.tsx
  Line 12:15:  'ScheduleIcon' is defined but never used  @typescript-eslint/no-unused-vars

src/pages/MRIAnalysis.tsx
  Line 21:10:  'error' is assigned a value but never used  @typescript-eslint/no-unused-vars

src/pages/Permissions.tsx
  Line 2:22:  'Paper' is defined but never used  @typescript-eslint/no-unused-vars

ERROR in ./src/App.tsx 14:0-40
Module not found: Error: Can't resolve './pages/Settings' in '/app/frontend/src'

ERROR in [eslint]
src/pages/Dashboard.tsx
  Line 160:14:  'Divider' is not defined  react/jsx-no-undef

Search for the keywords to learn more about each error.

webpack compiled with 2 errors and 1 warning
ERROR in src/App.tsx:11:22
TS2307: Cannot find module './pages/Settings' or its corresponding type declarations.
     9 | import Roles from './pages/Roles';
    10 | import Permissions from './pages/Permissions';
  > 11 | import Settings from './pages/Settings';
       |                      ^^^^^^^^^^^^^^^^^^
    12 |
    13 | const theme = createTheme({
    14 |   palette: {

ERROR in src/pages/Dashboard.tsx:57:11
TS2769: No overload matches this call.
  Overload 1 of 2, '(props: { component: ElementType<any, keyof IntrinsicElements>; } & GridBaseProps & { sx?: SxProps<Theme> | undefined; } & SystemProps<...> & Omit<...>): Element | null', gave the following error.
    Property 'component' is missing in type '{ children: Element; item: true; xs: number; sm: number; md: number; key: number; }' but required in type '{ component: ElementType<any, keyof IntrinsicElements>; }'.
  Overload 2 of 2, '(props: DefaultComponentProps<GridTypeMap<{}, "div">>): Element | null', gave the following error.
    Type '{ children: Element; item: true; xs: number; sm: number; md: number; key: number; }' is not assignable to type 'IntrinsicAttributes & GridBaseProps & { sx?: SxProps<Theme> | undefined; } & SystemProps<Theme> & Omit<...>'.
      Property 'item' does not exist on type 'IntrinsicAttributes & GridBaseProps & { sx?: SxProps<Theme> | undefined; } & SystemProps<Theme> & Omit<...>'.
    55 |       <Grid container spacing={3} sx={{ mb: 4 }}>
    56 |         {statCards.map((card, index) => (
  > 57 |           <Grid item xs={12} sm={6} md={3} key={index}>
       |           ^^^^^^^^^^^^^^^^^^^^^^^^^^^^^^^^^^^^^^^^^^^^^
    58 |             <Card sx={{ borderRadius: 4, boxShadow: '0 10px 30px 0 rgba(19, 91, 236, 0.05)', position: 'relative', overflow: 'hidden' }}>
    59 |               <CardContent>
    60 |                 <Box sx={{ display: 'flex', justifyContent: 'space-between', alignItems: 'flex-start' }}>

ERROR in src/pages/Dashboard.tsx:82:9
TS2769: No overload matches this call.
  Overload 1 of 2, '(props: { component: ElementType<any, keyof IntrinsicElements>; } & GridBaseProps & { sx?: SxProps<Theme> | undefined; } & SystemProps<...> & Omit<...>): Element | null', gave the following error.
    Property 'component' is missing in type '{ children: Element; item: true; xs: number; md: number; }' but required in type '{ component: ElementType<any, keyof IntrinsicElements>; }'.
  Overload 2 of 2, '(props: DefaultComponentProps<GridTypeMap<{}, "div">>): Element | null', gave the following error.
    Type '{ children: Element; item: true; xs: number; md: number; }' is not assignable to type 'IntrinsicAttributes & GridBaseProps & { sx?: SxProps<Theme> | undefined; } & SystemProps<Theme> & Omit<...>'.
      Property 'item' does not exist on type 'IntrinsicAttributes & GridBaseProps & { sx?: SxProps<Theme> | undefined; } & SystemProps<Theme> & Omit<...>'.
    80 |
    81 |       <Grid container spacing={3}>
  > 82 |         <Grid item xs={12} md={8}>
       |         ^^^^^^^^^^^^^^^^^^^^^^^^^^
    83 |           <Paper sx={{ p: 3, borderRadius: 4, height: '100%' }}>
    84 |             <Box sx={{ display: 'flex', justifyContent: 'space-between', alignItems: 'center', mb: 3 }}>
    85 |               <Typography variant="h6" sx={{ fontWeight: 'bold' }}>Analisis Terbaru</Typography>

ERROR in src/pages/Dashboard.tsx:135:9
TS2769: No overload matches this call.
  Overload 1 of 2, '(props: { component: ElementType<any, keyof IntrinsicElements>; } & GridBaseProps & { sx?: SxProps<Theme> | undefined; } & SystemProps<...> & Omit<...>): Element | null', gave the following error.
    Property 'component' is missing in type '{ children: Element; item: true; xs: number; md: number; }' but required in type '{ component: ElementType<any, keyof IntrinsicElements>; }'.
  Overload 2 of 2, '(props: DefaultComponentProps<GridTypeMap<{}, "div">>): Element | null', gave the following error.
    Type '{ children: Element; item: true; xs: number; md: number; }' is not assignable to type 'IntrinsicAttributes & GridBaseProps & { sx?: SxProps<Theme> | undefined; } & SystemProps<Theme> & Omit<...>'.
      Property 'item' does not exist on type 'IntrinsicAttributes & GridBaseProps & { sx?: SxProps<Theme> | undefined; } & SystemProps<Theme> & Omit<...>'.
    133 |           </Paper>
    134 |         </Grid>
  > 135 |         <Grid item xs={12} md={4}>
        |         ^^^^^^^^^^^^^^^^^^^^^^^^^^
    136 |           <Paper sx={{ p: 3, borderRadius: 4, height: '100%' }}>
    137 |             <Typography variant="h6" sx={{ fontWeight: 'bold', mb: 3 }}>System Load</Typography>
    138 |             <Box sx={{ mb: 3 }}>

ERROR in src/pages/Dashboard.tsx:160:14
TS2304: Cannot find name 'Divider'.
    158 |             </Box>
    159 |
  > 160 |             <Divider sx={{ my: 3 }} />
        |              ^^^^^^^
    161 |
    162 |             <Typography variant="subtitle2" sx={{ fontWeight: 'bold', mb: 2 }}>Quick Actions</Typography>
    163 |             <Grid container spacing={1}>

ERROR in src/pages/Dashboard.tsx:164:15
TS2769: No overload matches this call.
  Overload 1 of 2, '(props: { component: ElementType<any, keyof IntrinsicElements>; } & GridBaseProps & { sx?: SxProps<Theme> | undefined; } & SystemProps<...> & Omit<...>): Element | null', gave the following error.
    Property 'component' is missing in type '{ children: Element; item: true; xs: number; }' but required in type '{ component: ElementType<any, keyof IntrinsicElements>; }'.
  Overload 2 of 2, '(props: DefaultComponentProps<GridTypeMap<{}, "div">>): Element | null', gave the following error.
    Type '{ children: Element; item: true; xs: number; }' is not assignable to type 'IntrinsicAttributes & GridBaseProps & { sx?: SxProps<Theme> | undefined; } & SystemProps<Theme> & Omit<...>'.
      Property 'item' does not exist on type 'IntrinsicAttributes & GridBaseProps & { sx?: SxProps<Theme> | undefined; } & SystemProps<Theme> & Omit<...>'.
    162 |             <Typography variant="subtitle2" sx={{ fontWeight: 'bold', mb: 2 }}>Quick Actions</Typography>
    163 |             <Grid container spacing={1}>
  > 164 |               <Grid item xs={6}>
        |               ^^^^^^^^^^^^^^^^^^
    165 |                 <Paper variant="outlined" sx={{ p: 1.5, textAlign: 'center', cursor: 'pointer', '&:hover': { bgcolor: 'rgba(0,0,0,0.02)' } }}>
    166 |                   <PsychologyIcon color="primary" />
    167 |                   <Typography variant="caption" display="block">New Scan</Typography>

ERROR in src/pages/Dashboard.tsx:170:15
TS2769: No overload matches this call.
  Overload 1 of 2, '(props: { component: ElementType<any, keyof IntrinsicElements>; } & GridBaseProps & { sx?: SxProps<Theme> | undefined; } & SystemProps<...> & Omit<...>): Element | null', gave the following error.
    Property 'component' is missing in type '{ children: Element; item: true; xs: number; }' but required in type '{ component: ElementType<any, keyof IntrinsicElements>; }'.
  Overload 2 of 2, '(props: DefaultComponentProps<GridTypeMap<{}, "div">>): Element | null', gave the following error.
    Type '{ children: Element; item: true; xs: number; }' is not assignable to type 'IntrinsicAttributes & GridBaseProps & { sx?: SxProps<Theme> | undefined; } & SystemProps<Theme> & Omit<...>'.
      Property 'item' does not exist on type 'IntrinsicAttributes & GridBaseProps & { sx?: SxProps<Theme> | undefined; } & SystemProps<Theme> & Omit<...>'.
    168 |                 </Paper>
    169 |               </Grid>
  > 170 |               <Grid item xs={6}>
        |               ^^^^^^^^^^^^^^^^^^
    171 |                 <Paper variant="outlined" sx={{ p: 1.5, textAlign: 'center', cursor: 'pointer', '&:hover': { bgcolor: 'rgba(0,0,0,0.02)' } }}>
    172 |                   <PeopleIcon color="primary" />
    173 |                   <Typography variant="caption" display="block">Add Patient</Typography>

ERROR in src/pages/MRIAnalysis.tsx:99:9
TS2769: No overload matches this call.
  Overload 1 of 2, '(props: { component: ElementType<any, keyof IntrinsicElements>; } & GridBaseProps & { sx?: SxProps<Theme> | undefined; } & SystemProps<...> & Omit<...>): Element | null', gave the following error.
    Property 'component' is missing in type '{ children: (false | Element | null)[]; item: true; xs: number; md: number; }' but required in type '{ component: ElementType<any, keyof IntrinsicElements>; }'.
  Overload 2 of 2, '(props: DefaultComponentProps<GridTypeMap<{}, "div">>): Element | null', gave the following error.
    Type '{ children: (false | Element | null)[]; item: true; xs: number; md: number; }' is not assignable to type 'IntrinsicAttributes & GridBaseProps & { sx?: SxProps<Theme> | undefined; } & SystemProps<Theme> & Omit<...>'.
      Property 'item' does not exist on type 'IntrinsicAttributes & GridBaseProps & { sx?: SxProps<Theme> | undefined; } & SystemProps<Theme> & Omit<...>'.
     97 |
     98 |       <Grid container spacing={4}>
  >  99 |         <Grid item xs={12} md={7}>
        |         ^^^^^^^^^^^^^^^^^^^^^^^^^^
    100 |           <Paper sx={{ p: 2, mb: 3, borderRadius: 3, display: 'flex', gap: 2, alignItems: 'center' }}>
    101 |             <FormControl sx={{ minWidth: 300 }} size="small">
    102 |               <InputLabel>Select Patient Record</InputLabel>

ERROR in src/pages/MRIAnalysis.tsx:180:9
TS2769: No overload matches this call.
  Overload 1 of 2, '(props: { component: ElementType<any, keyof IntrinsicElements>; } & GridBaseProps & { sx?: SxProps<Theme> | undefined; } & SystemProps<...> & Omit<...>): Element | null', gave the following error.
    Property 'component' is missing in type '{ children: Element; item: true; xs: number; md: number; }' but required in type '{ component: ElementType<any, keyof IntrinsicElements>; }'.
  Overload 2 of 2, '(props: DefaultComponentProps<GridTypeMap<{}, "div">>): Element | null', gave the following error.
    Type '{ children: Element; item: true; xs: number; md: number; }' is not assignable to type 'IntrinsicAttributes & GridBaseProps & { sx?: SxProps<Theme> | undefined; } & SystemProps<Theme> & Omit<...>'.
      Property 'item' does not exist on type 'IntrinsicAttributes & GridBaseProps & { sx?: SxProps<Theme> | undefined; } & SystemProps<Theme> & Omit<...>'.
    178 |         </Grid>
    179 |
  > 180 |         <Grid item xs={12} md={5}>
        |         ^^^^^^^^^^^^^^^^^^^^^^^^^^
    181 |           <Card sx={{ borderRadius: 4, height: '100%', boxShadow: '0 4px 20px rgba(0,0,0,0.05)' }}>
    182 |             <Box sx={{ borderBottom: 1, borderColor: 'divider' }}>
    183 |               <Tabs value={activeTab} onChange={(_, v) => setActiveTab(v)} aria-label="analysis tabs">

ERROR in src/pages/MRIAnalysis.tsx:260:21
TS2769: No overload matches this call.
  Overload 1 of 2, '(props: { component: ElementType<any, keyof IntrinsicElements>; } & GridBaseProps & { sx?: SxProps<Theme> | undefined; } & SystemProps<...> & Omit<...>): Element | null', gave the following error.
    Property 'component' is missing in type '{ children: Element[]; item: true; xs: number; }' but required in type '{ component: ElementType<any, keyof IntrinsicElements>; }'.
  Overload 2 of 2, '(props: DefaultComponentProps<GridTypeMap<{}, "div">>): Element | null', gave the following error.
    Type '{ children: Element[]; item: true; xs: number; }' is not assignable to type 'IntrinsicAttributes & GridBaseProps & { sx?: SxProps<Theme> | undefined; } & SystemProps<Theme> & Omit<...>'.
      Property 'item' does not exist on type 'IntrinsicAttributes & GridBaseProps & { sx?: SxProps<Theme> | undefined; } & SystemProps<Theme> & Omit<...>'.
    258 |                   <Typography variant="h6" sx={{ fontWeight: 'bold', mb: 2 }}>Model Metadata</Typography>
    259 |                   <Grid container spacing={2}>
  > 260 |                     <Grid item xs={6}>
        |                     ^^^^^^^^^^^^^^^^^^
    261 |                       <Typography variant="caption" color="textSecondary">Backbone Architecture</Typography>
    262 |                       <Typography variant="body2" sx={{ fontWeight: 600 }}>EfficientNet-B3</Typography>
    263 |                     </Grid>

ERROR in src/pages/MRIAnalysis.tsx:264:21
TS2769: No overload matches this call.
  Overload 1 of 2, '(props: { component: ElementType<any, keyof IntrinsicElements>; } & GridBaseProps & { sx?: SxProps<Theme> | undefined; } & SystemProps<...> & Omit<...>): Element | null', gave the following error.
    Property 'component' is missing in type '{ children: Element[]; item: true; xs: number; }' but required in type '{ component: ElementType<any, keyof IntrinsicElements>; }'.
  Overload 2 of 2, '(props: DefaultComponentProps<GridTypeMap<{}, "div">>): Element | null', gave the following error.
    Type '{ children: Element[]; item: true; xs: number; }' is not assignable to type 'IntrinsicAttributes & GridBaseProps & { sx?: SxProps<Theme> | undefined; } & SystemProps<Theme> & Omit<...>'.
      Property 'item' does not exist on type 'IntrinsicAttributes & GridBaseProps & { sx?: SxProps<Theme> | undefined; } & SystemProps<Theme> & Omit<...>'.
    262 |                       <Typography variant="body2" sx={{ fontWeight: 600 }}>EfficientNet-B3</Typography>
    263 |                     </Grid>
  > 264 |                     <Grid item xs={6}>
        |                     ^^^^^^^^^^^^^^^^^^
    265 |                       <Typography variant="caption" color="textSecondary">Input Dimensions</Typography>
    266 |                       <Typography variant="body2" sx={{ fontWeight: 600 }}>224 x 224 x 3</Typography>
    267 |                     </Grid>

ERROR in src/pages/MRIAnalysis.tsx:268:21
TS2769: No overload matches this call.
  Overload 1 of 2, '(props: { component: ElementType<any, keyof IntrinsicElements>; } & GridBaseProps & { sx?: SxProps<Theme> | undefined; } & SystemProps<...> & Omit<...>): Element | null', gave the following error.
    Property 'component' is missing in type '{ children: Element[]; item: true; xs: number; }' but required in type '{ component: ElementType<any, keyof IntrinsicElements>; }'.
  Overload 2 of 2, '(props: DefaultComponentProps<GridTypeMap<{}, "div">>): Element | null', gave the following error.
    Type '{ children: Element[]; item: true; xs: number; }' is not assignable to type 'IntrinsicAttributes & GridBaseProps & { sx?: SxProps<Theme> | undefined; } & SystemProps<Theme> & Omit<...>'.
      Property 'item' does not exist on type 'IntrinsicAttributes & GridBaseProps & { sx?: SxProps<Theme> | undefined; } & SystemProps<Theme> & Omit<...>'.
    266 |                       <Typography variant="body2" sx={{ fontWeight: 600 }}>224 x 224 x 3</Typography>
    267 |                     </Grid>
  > 268 |                     <Grid item xs={6}>
        |                     ^^^^^^^^^^^^^^^^^^
    269 |                       <Typography variant="caption" color="textSecondary">Pre-processing</Typography>
    270 |                       <Typography variant="body2" sx={{ fontWeight: 600 }}>Z-Score Norm</Typography>
    271 |                     </Grid>

ERROR in src/pages/MRIAnalysis.tsx:272:21
TS2769: No overload matches this call.
  Overload 1 of 2, '(props: { component: ElementType<any, keyof IntrinsicElements>; } & GridBaseProps & { sx?: SxProps<Theme> | undefined; } & SystemProps<...> & Omit<...>): Element | null', gave the following error.
    Property 'component' is missing in type '{ children: Element[]; item: true; xs: number; }' but required in type '{ component: ElementType<any, keyof IntrinsicElements>; }'.
  Overload 2 of 2, '(props: DefaultComponentProps<GridTypeMap<{}, "div">>): Element | null', gave the following error.
    Type '{ children: Element[]; item: true; xs: number; }' is not assignable to type 'IntrinsicAttributes & GridBaseProps & { sx?: SxProps<Theme> | undefined; } & SystemProps<Theme> & Omit<...>'.
      Property 'item' does not exist on type 'IntrinsicAttributes & GridBaseProps & { sx?: SxProps<Theme> | undefined; } & SystemProps<Theme> & Omit<...>'.
    270 |                       <Typography variant="body2" sx={{ fontWeight: 600 }}>Z-Score Norm</Typography>
    271 |                     </Grid>
  > 272 |                     <Grid item xs={6}>
        |                     ^^^^^^^^^^^^^^^^^^
    273 |                       <Typography variant="caption" color="textSecondary">Augmentation</Typography>
    274 |                       <Typography variant="body2" sx={{ fontWeight: 600 }}>Enabled (Albumentations)</Typography>
    275 |                     </Grid>

ERROR in src/pages/Patients.tsx:154:13
TS2769: No overload matches this call.
  Overload 1 of 2, '(props: { component: ElementType<any, keyof IntrinsicElements>; } & GridBaseProps & { sx?: SxProps<Theme> | undefined; } & SystemProps<...> & Omit<...>): Element | null', gave the following error.
    Property 'component' is missing in type '{ children: Element; item: true; xs: number; }' but required in type '{ component: ElementType<any, keyof IntrinsicElements>; }'.
  Overload 2 of 2, '(props: DefaultComponentProps<GridTypeMap<{}, "div">>): Element | null', gave the following error.
    Type '{ children: Element; item: true; xs: number; }' is not assignable to type 'IntrinsicAttributes & GridBaseProps & { sx?: SxProps<Theme> | undefined; } & SystemProps<Theme> & Omit<...>'.
      Property 'item' does not exist on type 'IntrinsicAttributes & GridBaseProps & { sx?: SxProps<Theme> | undefined; } & SystemProps<Theme> & Omit<...>'.
    152 |         <DialogContent>
    153 |           <Grid container spacing={2} sx={{ mt: 1 }}>
  > 154 |             <Grid item xs={12}>
        |             ^^^^^^^^^^^^^^^^^^^
    155 |               <TextField
    156 |                 label="Nama Lengkap"
    157 |                 fullWidth

ERROR in src/pages/Patients.tsx:162:13
TS2769: No overload matches this call.
  Overload 1 of 2, '(props: { component: ElementType<any, keyof IntrinsicElements>; } & GridBaseProps & { sx?: SxProps<Theme> | undefined; } & SystemProps<...> & Omit<...>): Element | null', gave the following error.
    Property 'component' is missing in type '{ children: Element; item: true; xs: number; sm: number; }' but required in type '{ component: ElementType<any, keyof IntrinsicElements>; }'.
  Overload 2 of 2, '(props: DefaultComponentProps<GridTypeMap<{}, "div">>): Element | null', gave the following error.
    Type '{ children: Element; item: true; xs: number; sm: number; }' is not assignable to type 'IntrinsicAttributes & GridBaseProps & { sx?: SxProps<Theme> | undefined; } & SystemProps<Theme> & Omit<...>'.
      Property 'item' does not exist on type 'IntrinsicAttributes & GridBaseProps & { sx?: SxProps<Theme> | undefined; } & SystemProps<Theme> & Omit<...>'.
    160 |               />
    161 |             </Grid>
  > 162 |             <Grid item xs={12} sm={6}>
        |             ^^^^^^^^^^^^^^^^^^^^^^^^^^
    163 |               <TextField
    164 |                 label="NIK"
    165 |                 fullWidth

ERROR in src/pages/Patients.tsx:170:13
TS2769: No overload matches this call.
  Overload 1 of 2, '(props: { component: ElementType<any, keyof IntrinsicElements>; } & GridBaseProps & { sx?: SxProps<Theme> | undefined; } & SystemProps<...> & Omit<...>): Element | null', gave the following error.
    Property 'component' is missing in type '{ children: Element; item: true; xs: number; sm: number; }' but required in type '{ component: ElementType<any, keyof IntrinsicElements>; }'.
  Overload 2 of 2, '(props: DefaultComponentProps<GridTypeMap<{}, "div">>): Element | null', gave the following error.
    Type '{ children: Element; item: true; xs: number; sm: number; }' is not assignable to type 'IntrinsicAttributes & GridBaseProps & { sx?: SxProps<Theme> | undefined; } & SystemProps<Theme> & Omit<...>'.
      Property 'item' does not exist on type 'IntrinsicAttributes & GridBaseProps & { sx?: SxProps<Theme> | undefined; } & SystemProps<Theme> & Omit<...>'.
    168 |               />
    169 |             </Grid>
  > 170 |             <Grid item xs={12} sm={6}>
        |             ^^^^^^^^^^^^^^^^^^^^^^^^^^
    171 |               <TextField
    172 |                 select
    173 |                 label="Jenis Kelamin"

ERROR in src/pages/Patients.tsx:182:13
TS2769: No overload matches this call.
  Overload 1 of 2, '(props: { component: ElementType<any, keyof IntrinsicElements>; } & GridBaseProps & { sx?: SxProps<Theme> | undefined; } & SystemProps<...> & Omit<...>): Element | null', gave the following error.
    Property 'component' is missing in type '{ children: Element; item: true; xs: number; }' but required in type '{ component: ElementType<any, keyof IntrinsicElements>; }'.
  Overload 2 of 2, '(props: DefaultComponentProps<GridTypeMap<{}, "div">>): Element | null', gave the following error.
    Type '{ children: Element; item: true; xs: number; }' is not assignable to type 'IntrinsicAttributes & GridBaseProps & { sx?: SxProps<Theme> | undefined; } & SystemProps<Theme> & Omit<...>'.
      Property 'item' does not exist on type 'IntrinsicAttributes & GridBaseProps & { sx?: SxProps<Theme> | undefined; } & SystemProps<Theme> & Omit<...>'.
    180 |               </TextField>
    181 |             </Grid>
  > 182 |             <Grid item xs={12}>
        |             ^^^^^^^^^^^^^^^^^^^
    183 |               <TextField
    184 |                 label="Tanggal Lahir"
    185 |                 type="date"

ERROR in src/pages/Permissions.tsx:37:11
TS2769: No overload matches this call.
  Overload 1 of 2, '(props: { component: ElementType<any, keyof IntrinsicElements>; } & GridBaseProps & { sx?: SxProps<Theme> | undefined; } & SystemProps<...> & Omit<...>): Element | null', gave the following error.
    Property 'component' is missing in type '{ children: Element; item: true; xs: number; md: number; key: string; }' but required in type '{ component: ElementType<any, keyof IntrinsicElements>; }'.
  Overload 2 of 2, '(props: DefaultComponentProps<GridTypeMap<{}, "div">>): Element | null', gave the following error.
    Type '{ children: Element; item: true; xs: number; md: number; key: string; }' is not assignable to type 'IntrinsicAttributes & GridBaseProps & { sx?: SxProps<Theme> | undefined; } & SystemProps<Theme> & Omit<...>'.
      Property 'item' does not exist on type 'IntrinsicAttributes & GridBaseProps & { sx?: SxProps<Theme> | undefined; } & SystemProps<Theme> & Omit<...>'.
    35 |       <Grid container spacing={3}>
    36 |         {permissionGroups.map((group) => (
  > 37 |           <Grid item xs={12} md={6} key={group.title}>
       |           ^^^^^^^^^^^^^^^^^^^^^^^^^^^^^^^^^^^^^^^^^^^^
    38 |             <Card sx={{ borderRadius: 3, height: '100%' }}>
    39 |               <CardContent>
    40 |                 <Typography variant="h6" gutterBottom sx={{ fontWeight: 'bold', borderBottom: '2px solid', borderColor: 'primary.main', pb: 1, mb: 2 }}>

Compiling...
Failed to compile.

[eslint]
src/pages/Dashboard.tsx
  Line 160:14:  'Divider' is not defined  react/jsx-no-undef

Search for the keywords to learn more about each error.
WARNING in [eslint]
src/components/layout/Sidebar.tsx
  Line 11:15:  'BarChartIcon' is defined but never used  @typescript-eslint/no-unused-vars

src/pages/ActivityLogs.tsx
  Line 6:24:  'AssignmentIcon' is defined but never used  @typescript-eslint/no-unused-vars

src/pages/Dashboard.tsx
  Line 12:15:  'ScheduleIcon' is defined but never used  @typescript-eslint/no-unused-vars

src/pages/MRIAnalysis.tsx
  Line 21:10:  'error' is assigned a value but never used  @typescript-eslint/no-unused-vars

src/pages/Permissions.tsx
  Line 2:22:  'Paper' is defined but never used  @typescript-eslint/no-unused-vars

ERROR in [eslint]
src/pages/Dashboard.tsx
  Line 160:14:  'Divider' is not defined  react/jsx-no-undef

Search for the keywords to learn more about each error.

webpack compiled with 1 error and 1 warning
ERROR in src/pages/Dashboard.tsx:57:11
TS2769: No overload matches this call.
  Overload 1 of 2, '(props: { component: ElementType<any, keyof IntrinsicElements>; } & GridBaseProps & { sx?: SxProps<Theme> | undefined; } & SystemProps<...> & Omit<...>): Element | null', gave the following error.
    Property 'component' is missing in type '{ children: Element; item: true; xs: number; sm: number; md: number; key: number; }' but required in type '{ component: ElementType<any, keyof IntrinsicElements>; }'.
  Overload 2 of 2, '(props: DefaultComponentProps<GridTypeMap<{}, "div">>): Element | null', gave the following error.
    Type '{ children: Element; item: true; xs: number; sm: number; md: number; key: number; }' is not assignable to type 'IntrinsicAttributes & GridBaseProps & { sx?: SxProps<Theme> | undefined; } & SystemProps<Theme> & Omit<...>'.
      Property 'item' does not exist on type 'IntrinsicAttributes & GridBaseProps & { sx?: SxProps<Theme> | undefined; } & SystemProps<Theme> & Omit<...>'.
    55 |       <Grid container spacing={3} sx={{ mb: 4 }}>
    56 |         {statCards.map((card, index) => (
  > 57 |           <Grid item xs={12} sm={6} md={3} key={index}>
       |           ^^^^^^^^^^^^^^^^^^^^^^^^^^^^^^^^^^^^^^^^^^^^^
    58 |             <Card sx={{ borderRadius: 4, boxShadow: '0 10px 30px 0 rgba(19, 91, 236, 0.05)', position: 'relative', overflow: 'hidden' }}>
    59 |               <CardContent>
    60 |                 <Box sx={{ display: 'flex', justifyContent: 'space-between', alignItems: 'flex-start' }}>

ERROR in src/pages/Dashboard.tsx:82:9
TS2769: No overload matches this call.
  Overload 1 of 2, '(props: { component: ElementType<any, keyof IntrinsicElements>; } & GridBaseProps & { sx?: SxProps<Theme> | undefined; } & SystemProps<...> & Omit<...>): Element | null', gave the following error.
    Property 'component' is missing in type '{ children: Element; item: true; xs: number; md: number; }' but required in type '{ component: ElementType<any, keyof IntrinsicElements>; }'.
  Overload 2 of 2, '(props: DefaultComponentProps<GridTypeMap<{}, "div">>): Element | null', gave the following error.
    Type '{ children: Element; item: true; xs: number; md: number; }' is not assignable to type 'IntrinsicAttributes & GridBaseProps & { sx?: SxProps<Theme> | undefined; } & SystemProps<Theme> & Omit<...>'.
      Property 'item' does not exist on type 'IntrinsicAttributes & GridBaseProps & { sx?: SxProps<Theme> | undefined; } & SystemProps<Theme> & Omit<...>'.
    80 |
    81 |       <Grid container spacing={3}>
  > 82 |         <Grid item xs={12} md={8}>
       |         ^^^^^^^^^^^^^^^^^^^^^^^^^^
    83 |           <Paper sx={{ p: 3, borderRadius: 4, height: '100%' }}>
    84 |             <Box sx={{ display: 'flex', justifyContent: 'space-between', alignItems: 'center', mb: 3 }}>
    85 |               <Typography variant="h6" sx={{ fontWeight: 'bold' }}>Analisis Terbaru</Typography>

ERROR in src/pages/Dashboard.tsx:135:9
TS2769: No overload matches this call.
  Overload 1 of 2, '(props: { component: ElementType<any, keyof IntrinsicElements>; } & GridBaseProps & { sx?: SxProps<Theme> | undefined; } & SystemProps<...> & Omit<...>): Element | null', gave the following error.
    Property 'component' is missing in type '{ children: Element; item: true; xs: number; md: number; }' but required in type '{ component: ElementType<any, keyof IntrinsicElements>; }'.
  Overload 2 of 2, '(props: DefaultComponentProps<GridTypeMap<{}, "div">>): Element | null', gave the following error.
    Type '{ children: Element; item: true; xs: number; md: number; }' is not assignable to type 'IntrinsicAttributes & GridBaseProps & { sx?: SxProps<Theme> | undefined; } & SystemProps<Theme> & Omit<...>'.
      Property 'item' does not exist on type 'IntrinsicAttributes & GridBaseProps & { sx?: SxProps<Theme> | undefined; } & SystemProps<Theme> & Omit<...>'.
    133 |           </Paper>
    134 |         </Grid>
  > 135 |         <Grid item xs={12} md={4}>
        |         ^^^^^^^^^^^^^^^^^^^^^^^^^^
    136 |           <Paper sx={{ p: 3, borderRadius: 4, height: '100%' }}>
    137 |             <Typography variant="h6" sx={{ fontWeight: 'bold', mb: 3 }}>System Load</Typography>
    138 |             <Box sx={{ mb: 3 }}>

ERROR in src/pages/Dashboard.tsx:160:14
TS2304: Cannot find name 'Divider'.
    158 |             </Box>
    159 |
  > 160 |             <Divider sx={{ my: 3 }} />
        |              ^^^^^^^
    161 |
    162 |             <Typography variant="subtitle2" sx={{ fontWeight: 'bold', mb: 2 }}>Quick Actions</Typography>
    163 |             <Grid container spacing={1}>

ERROR in src/pages/Dashboard.tsx:164:15
TS2769: No overload matches this call.
  Overload 1 of 2, '(props: { component: ElementType<any, keyof IntrinsicElements>; } & GridBaseProps & { sx?: SxProps<Theme> | undefined; } & SystemProps<...> & Omit<...>): Element | null', gave the following error.
    Property 'component' is missing in type '{ children: Element; item: true; xs: number; }' but required in type '{ component: ElementType<any, keyof IntrinsicElements>; }'.
  Overload 2 of 2, '(props: DefaultComponentProps<GridTypeMap<{}, "div">>): Element | null', gave the following error.
    Type '{ children: Element; item: true; xs: number; }' is not assignable to type 'IntrinsicAttributes & GridBaseProps & { sx?: SxProps<Theme> | undefined; } & SystemProps<Theme> & Omit<...>'.
      Property 'item' does not exist on type 'IntrinsicAttributes & GridBaseProps & { sx?: SxProps<Theme> | undefined; } & SystemProps<Theme> & Omit<...>'.
    162 |             <Typography variant="subtitle2" sx={{ fontWeight: 'bold', mb: 2 }}>Quick Actions</Typography>
    163 |             <Grid container spacing={1}>
  > 164 |               <Grid item xs={6}>
        |               ^^^^^^^^^^^^^^^^^^
    165 |                 <Paper variant="outlined" sx={{ p: 1.5, textAlign: 'center', cursor: 'pointer', '&:hover': { bgcolor: 'rgba(0,0,0,0.02)' } }}>
    166 |                   <PsychologyIcon color="primary" />
    167 |                   <Typography variant="caption" display="block">New Scan</Typography>

ERROR in src/pages/Dashboard.tsx:170:15
TS2769: No overload matches this call.
  Overload 1 of 2, '(props: { component: ElementType<any, keyof IntrinsicElements>; } & GridBaseProps & { sx?: SxProps<Theme> | undefined; } & SystemProps<...> & Omit<...>): Element | null', gave the following error.
    Property 'component' is missing in type '{ children: Element; item: true; xs: number; }' but required in type '{ component: ElementType<any, keyof IntrinsicElements>; }'.
  Overload 2 of 2, '(props: DefaultComponentProps<GridTypeMap<{}, "div">>): Element | null', gave the following error.
    Type '{ children: Element; item: true; xs: number; }' is not assignable to type 'IntrinsicAttributes & GridBaseProps & { sx?: SxProps<Theme> | undefined; } & SystemProps<Theme> & Omit<...>'.
      Property 'item' does not exist on type 'IntrinsicAttributes & GridBaseProps & { sx?: SxProps<Theme> | undefined; } & SystemProps<Theme> & Omit<...>'.
    168 |                 </Paper>
    169 |               </Grid>
  > 170 |               <Grid item xs={6}>
        |               ^^^^^^^^^^^^^^^^^^
    171 |                 <Paper variant="outlined" sx={{ p: 1.5, textAlign: 'center', cursor: 'pointer', '&:hover': { bgcolor: 'rgba(0,0,0,0.02)' } }}>
    172 |                   <PeopleIcon color="primary" />
    173 |                   <Typography variant="caption" display="block">Add Patient</Typography>

ERROR in src/pages/MRIAnalysis.tsx:99:9
TS2769: No overload matches this call.
  Overload 1 of 2, '(props: { component: ElementType<any, keyof IntrinsicElements>; } & GridBaseProps & { sx?: SxProps<Theme> | undefined; } & SystemProps<...> & Omit<...>): Element | null', gave the following error.
    Property 'component' is missing in type '{ children: (false | Element | null)[]; item: true; xs: number; md: number; }' but required in type '{ component: ElementType<any, keyof IntrinsicElements>; }'.
  Overload 2 of 2, '(props: DefaultComponentProps<GridTypeMap<{}, "div">>): Element | null', gave the following error.
    Type '{ children: (false | Element | null)[]; item: true; xs: number; md: number; }' is not assignable to type 'IntrinsicAttributes & GridBaseProps & { sx?: SxProps<Theme> | undefined; } & SystemProps<Theme> & Omit<...>'.
      Property 'item' does not exist on type 'IntrinsicAttributes & GridBaseProps & { sx?: SxProps<Theme> | undefined; } & SystemProps<Theme> & Omit<...>'.
     97 |
     98 |       <Grid container spacing={4}>
  >  99 |         <Grid item xs={12} md={7}>
        |         ^^^^^^^^^^^^^^^^^^^^^^^^^^
    100 |           <Paper sx={{ p: 2, mb: 3, borderRadius: 3, display: 'flex', gap: 2, alignItems: 'center' }}>
    101 |             <FormControl sx={{ minWidth: 300 }} size="small">
    102 |               <InputLabel>Select Patient Record</InputLabel>

ERROR in src/pages/MRIAnalysis.tsx:180:9
TS2769: No overload matches this call.
  Overload 1 of 2, '(props: { component: ElementType<any, keyof IntrinsicElements>; } & GridBaseProps & { sx?: SxProps<Theme> | undefined; } & SystemProps<...> & Omit<...>): Element | null', gave the following error.
    Property 'component' is missing in type '{ children: Element; item: true; xs: number; md: number; }' but required in type '{ component: ElementType<any, keyof IntrinsicElements>; }'.
  Overload 2 of 2, '(props: DefaultComponentProps<GridTypeMap<{}, "div">>): Element | null', gave the following error.
    Type '{ children: Element; item: true; xs: number; md: number; }' is not assignable to type 'IntrinsicAttributes & GridBaseProps & { sx?: SxProps<Theme> | undefined; } & SystemProps<Theme> & Omit<...>'.
      Property 'item' does not exist on type 'IntrinsicAttributes & GridBaseProps & { sx?: SxProps<Theme> | undefined; } & SystemProps<Theme> & Omit<...>'.
    178 |         </Grid>
    179 |
  > 180 |         <Grid item xs={12} md={5}>
        |         ^^^^^^^^^^^^^^^^^^^^^^^^^^
    181 |           <Card sx={{ borderRadius: 4, height: '100%', boxShadow: '0 4px 20px rgba(0,0,0,0.05)' }}>
    182 |             <Box sx={{ borderBottom: 1, borderColor: 'divider' }}>
    183 |               <Tabs value={activeTab} onChange={(_, v) => setActiveTab(v)} aria-label="analysis tabs">

ERROR in src/pages/MRIAnalysis.tsx:260:21
TS2769: No overload matches this call.
  Overload 1 of 2, '(props: { component: ElementType<any, keyof IntrinsicElements>; } & GridBaseProps & { sx?: SxProps<Theme> | undefined; } & SystemProps<...> & Omit<...>): Element | null', gave the following error.
    Property 'component' is missing in type '{ children: Element[]; item: true; xs: number; }' but required in type '{ component: ElementType<any, keyof IntrinsicElements>; }'.
  Overload 2 of 2, '(props: DefaultComponentProps<GridTypeMap<{}, "div">>): Element | null', gave the following error.
    Type '{ children: Element[]; item: true; xs: number; }' is not assignable to type 'IntrinsicAttributes & GridBaseProps & { sx?: SxProps<Theme> | undefined; } & SystemProps<Theme> & Omit<...>'.
      Property 'item' does not exist on type 'IntrinsicAttributes & GridBaseProps & { sx?: SxProps<Theme> | undefined; } & SystemProps<Theme> & Omit<...>'.
    258 |                   <Typography variant="h6" sx={{ fontWeight: 'bold', mb: 2 }}>Model Metadata</Typography>
    259 |                   <Grid container spacing={2}>
  > 260 |                     <Grid item xs={6}>
        |                     ^^^^^^^^^^^^^^^^^^
    261 |                       <Typography variant="caption" color="textSecondary">Backbone Architecture</Typography>
    262 |                       <Typography variant="body2" sx={{ fontWeight: 600 }}>EfficientNet-B3</Typography>
    263 |                     </Grid>

ERROR in src/pages/MRIAnalysis.tsx:264:21
TS2769: No overload matches this call.
  Overload 1 of 2, '(props: { component: ElementType<any, keyof IntrinsicElements>; } & GridBaseProps & { sx?: SxProps<Theme> | undefined; } & SystemProps<...> & Omit<...>): Element | null', gave the following error.
    Property 'component' is missing in type '{ children: Element[]; item: true; xs: number; }' but required in type '{ component: ElementType<any, keyof IntrinsicElements>; }'.
  Overload 2 of 2, '(props: DefaultComponentProps<GridTypeMap<{}, "div">>): Element | null', gave the following error.
    Type '{ children: Element[]; item: true; xs: number; }' is not assignable to type 'IntrinsicAttributes & GridBaseProps & { sx?: SxProps<Theme> | undefined; } & SystemProps<Theme> & Omit<...>'.
      Property 'item' does not exist on type 'IntrinsicAttributes & GridBaseProps & { sx?: SxProps<Theme> | undefined; } & SystemProps<Theme> & Omit<...>'.
    262 |                       <Typography variant="body2" sx={{ fontWeight: 600 }}>EfficientNet-B3</Typography>
    263 |                     </Grid>
  > 264 |                     <Grid item xs={6}>
        |                     ^^^^^^^^^^^^^^^^^^
    265 |                       <Typography variant="caption" color="textSecondary">Input Dimensions</Typography>
    266 |                       <Typography variant="body2" sx={{ fontWeight: 600 }}>224 x 224 x 3</Typography>
    267 |                     </Grid>

ERROR in src/pages/MRIAnalysis.tsx:268:21
TS2769: No overload matches this call.
  Overload 1 of 2, '(props: { component: ElementType<any, keyof IntrinsicElements>; } & GridBaseProps & { sx?: SxProps<Theme> | undefined; } & SystemProps<...> & Omit<...>): Element | null', gave the following error.
    Property 'component' is missing in type '{ children: Element[]; item: true; xs: number; }' but required in type '{ component: ElementType<any, keyof IntrinsicElements>; }'.
  Overload 2 of 2, '(props: DefaultComponentProps<GridTypeMap<{}, "div">>): Element | null', gave the following error.
    Type '{ children: Element[]; item: true; xs: number; }' is not assignable to type 'IntrinsicAttributes & GridBaseProps & { sx?: SxProps<Theme> | undefined; } & SystemProps<Theme> & Omit<...>'.
      Property 'item' does not exist on type 'IntrinsicAttributes & GridBaseProps & { sx?: SxProps<Theme> | undefined; } & SystemProps<Theme> & Omit<...>'.
    266 |                       <Typography variant="body2" sx={{ fontWeight: 600 }}>224 x 224 x 3</Typography>
    267 |                     </Grid>
  > 268 |                     <Grid item xs={6}>
        |                     ^^^^^^^^^^^^^^^^^^
    269 |                       <Typography variant="caption" color="textSecondary">Pre-processing</Typography>
    270 |                       <Typography variant="body2" sx={{ fontWeight: 600 }}>Z-Score Norm</Typography>
    271 |                     </Grid>

ERROR in src/pages/MRIAnalysis.tsx:272:21
TS2769: No overload matches this call.
  Overload 1 of 2, '(props: { component: ElementType<any, keyof IntrinsicElements>; } & GridBaseProps & { sx?: SxProps<Theme> | undefined; } & SystemProps<...> & Omit<...>): Element | null', gave the following error.
    Property 'component' is missing in type '{ children: Element[]; item: true; xs: number; }' but required in type '{ component: ElementType<any, keyof IntrinsicElements>; }'.
  Overload 2 of 2, '(props: DefaultComponentProps<GridTypeMap<{}, "div">>): Element | null', gave the following error.
    Type '{ children: Element[]; item: true; xs: number; }' is not assignable to type 'IntrinsicAttributes & GridBaseProps & { sx?: SxProps<Theme> | undefined; } & SystemProps<Theme> & Omit<...>'.
      Property 'item' does not exist on type 'IntrinsicAttributes & GridBaseProps & { sx?: SxProps<Theme> | undefined; } & SystemProps<Theme> & Omit<...>'.
    270 |                       <Typography variant="body2" sx={{ fontWeight: 600 }}>Z-Score Norm</Typography>
    271 |                     </Grid>
  > 272 |                     <Grid item xs={6}>
        |                     ^^^^^^^^^^^^^^^^^^
    273 |                       <Typography variant="caption" color="textSecondary">Augmentation</Typography>
    274 |                       <Typography variant="body2" sx={{ fontWeight: 600 }}>Enabled (Albumentations)</Typography>
    275 |                     </Grid>

ERROR in src/pages/Patients.tsx:154:13
TS2769: No overload matches this call.
  Overload 1 of 2, '(props: { component: ElementType<any, keyof IntrinsicElements>; } & GridBaseProps & { sx?: SxProps<Theme> | undefined; } & SystemProps<...> & Omit<...>): Element | null', gave the following error.
    Property 'component' is missing in type '{ children: Element; item: true; xs: number; }' but required in type '{ component: ElementType<any, keyof IntrinsicElements>; }'.
  Overload 2 of 2, '(props: DefaultComponentProps<GridTypeMap<{}, "div">>): Element | null', gave the following error.
    Type '{ children: Element; item: true; xs: number; }' is not assignable to type 'IntrinsicAttributes & GridBaseProps & { sx?: SxProps<Theme> | undefined; } & SystemProps<Theme> & Omit<...>'.
      Property 'item' does not exist on type 'IntrinsicAttributes & GridBaseProps & { sx?: SxProps<Theme> | undefined; } & SystemProps<Theme> & Omit<...>'.
    152 |         <DialogContent>
    153 |           <Grid container spacing={2} sx={{ mt: 1 }}>
  > 154 |             <Grid item xs={12}>
        |             ^^^^^^^^^^^^^^^^^^^
    155 |               <TextField
    156 |                 label="Nama Lengkap"
    157 |                 fullWidth

ERROR in src/pages/Patients.tsx:162:13
TS2769: No overload matches this call.
  Overload 1 of 2, '(props: { component: ElementType<any, keyof IntrinsicElements>; } & GridBaseProps & { sx?: SxProps<Theme> | undefined; } & SystemProps<...> & Omit<...>): Element | null', gave the following error.
    Property 'component' is missing in type '{ children: Element; item: true; xs: number; sm: number; }' but required in type '{ component: ElementType<any, keyof IntrinsicElements>; }'.
  Overload 2 of 2, '(props: DefaultComponentProps<GridTypeMap<{}, "div">>): Element | null', gave the following error.
    Type '{ children: Element; item: true; xs: number; sm: number; }' is not assignable to type 'IntrinsicAttributes & GridBaseProps & { sx?: SxProps<Theme> | undefined; } & SystemProps<Theme> & Omit<...>'.
      Property 'item' does not exist on type 'IntrinsicAttributes & GridBaseProps & { sx?: SxProps<Theme> | undefined; } & SystemProps<Theme> & Omit<...>'.
    160 |               />
    161 |             </Grid>
  > 162 |             <Grid item xs={12} sm={6}>
        |             ^^^^^^^^^^^^^^^^^^^^^^^^^^
    163 |               <TextField
    164 |                 label="NIK"
    165 |                 fullWidth

ERROR in src/pages/Patients.tsx:170:13
TS2769: No overload matches this call.
  Overload 1 of 2, '(props: { component: ElementType<any, keyof IntrinsicElements>; } & GridBaseProps & { sx?: SxProps<Theme> | undefined; } & SystemProps<...> & Omit<...>): Element | null', gave the following error.
    Property 'component' is missing in type '{ children: Element; item: true; xs: number; sm: number; }' but required in type '{ component: ElementType<any, keyof IntrinsicElements>; }'.
  Overload 2 of 2, '(props: DefaultComponentProps<GridTypeMap<{}, "div">>): Element | null', gave the following error.
    Type '{ children: Element; item: true; xs: number; sm: number; }' is not assignable to type 'IntrinsicAttributes & GridBaseProps & { sx?: SxProps<Theme> | undefined; } & SystemProps<Theme> & Omit<...>'.
      Property 'item' does not exist on type 'IntrinsicAttributes & GridBaseProps & { sx?: SxProps<Theme> | undefined; } & SystemProps<Theme> & Omit<...>'.
    168 |               />
    169 |             </Grid>
  > 170 |             <Grid item xs={12} sm={6}>
        |             ^^^^^^^^^^^^^^^^^^^^^^^^^^
    171 |               <TextField
    172 |                 select
    173 |                 label="Jenis Kelamin"

ERROR in src/pages/Patients.tsx:182:13
TS2769: No overload matches this call.
  Overload 1 of 2, '(props: { component: ElementType<any, keyof IntrinsicElements>; } & GridBaseProps & { sx?: SxProps<Theme> | undefined; } & SystemProps<...> & Omit<...>): Element | null', gave the following error.
    Property 'component' is missing in type '{ children: Element; item: true; xs: number; }' but required in type '{ component: ElementType<any, keyof IntrinsicElements>; }'.
  Overload 2 of 2, '(props: DefaultComponentProps<GridTypeMap<{}, "div">>): Element | null', gave the following error.
    Type '{ children: Element; item: true; xs: number; }' is not assignable to type 'IntrinsicAttributes & GridBaseProps & { sx?: SxProps<Theme> | undefined; } & SystemProps<Theme> & Omit<...>'.
      Property 'item' does not exist on type 'IntrinsicAttributes & GridBaseProps & { sx?: SxProps<Theme> | undefined; } & SystemProps<Theme> & Omit<...>'.
    180 |               </TextField>
    181 |             </Grid>
  > 182 |             <Grid item xs={12}>
        |             ^^^^^^^^^^^^^^^^^^^
    183 |               <TextField
    184 |                 label="Tanggal Lahir"
    185 |                 type="date"

ERROR in src/pages/Permissions.tsx:37:11
TS2769: No overload matches this call.
  Overload 1 of 2, '(props: { component: ElementType<any, keyof IntrinsicElements>; } & GridBaseProps & { sx?: SxProps<Theme> | undefined; } & SystemProps<...> & Omit<...>): Element | null', gave the following error.
    Property 'component' is missing in type '{ children: Element; item: true; xs: number; md: number; key: string; }' but required in type '{ component: ElementType<any, keyof IntrinsicElements>; }'.
  Overload 2 of 2, '(props: DefaultComponentProps<GridTypeMap<{}, "div">>): Element | null', gave the following error.
    Type '{ children: Element; item: true; xs: number; md: number; key: string; }' is not assignable to type 'IntrinsicAttributes & GridBaseProps & { sx?: SxProps<Theme> | undefined; } & SystemProps<Theme> & Omit<...>'.
      Property 'item' does not exist on type 'IntrinsicAttributes & GridBaseProps & { sx?: SxProps<Theme> | undefined; } & SystemProps<Theme> & Omit<...>'.
    35 |       <Grid container spacing={3}>
    36 |         {permissionGroups.map((group) => (
  > 37 |           <Grid item xs={12} md={6} key={group.title}>
       |           ^^^^^^^^^^^^^^^^^^^^^^^^^^^^^^^^^^^^^^^^^^^^
    38 |             <Card sx={{ borderRadius: 3, height: '100%' }}>
    39 |               <CardContent>
    40 |                 <Typography variant="h6" gutterBottom sx={{ fontWeight: 'bold', borderBottom: '2px solid', borderColor: 'primary.main', pb: 1, mb: 2 }}>

ERROR in src/pages/Settings.tsx:10:9
TS2769: No overload matches this call.
  Overload 1 of 2, '(props: { component: ElementType<any, keyof IntrinsicElements>; } & GridBaseProps & { sx?: SxProps<Theme> | undefined; } & SystemProps<...> & Omit<...>): Element | null', gave the following error.
    Property 'component' is missing in type '{ children: Element; item: true; xs: number; md: number; }' but required in type '{ component: ElementType<any, keyof IntrinsicElements>; }'.
  Overload 2 of 2, '(props: DefaultComponentProps<GridTypeMap<{}, "div">>): Element | null', gave the following error.
    Type '{ children: Element; item: true; xs: number; md: number; }' is not assignable to type 'IntrinsicAttributes & GridBaseProps & { sx?: SxProps<Theme> | undefined; } & SystemProps<Theme> & Omit<...>'.
      Property 'item' does not exist on type 'IntrinsicAttributes & GridBaseProps & { sx?: SxProps<Theme> | undefined; } & SystemProps<Theme> & Omit<...>'.
     8 |
     9 |       <Grid container spacing={3}>
  > 10 |         <Grid item xs={12} md={6}>
       |         ^^^^^^^^^^^^^^^^^^^^^^^^^^
    11 |           <Paper sx={{ p: 3, borderRadius: 3 }}>
    12 |             <Typography variant="h6" gutterBottom sx={{ fontWeight: 'bold' }}>Profile Information</Typography>
    13 |             <Box sx={{ mt: 2, display: 'flex', flexDirection: 'column', gap: 2 }}>

ERROR in src/pages/Settings.tsx:22:9
TS2769: No overload matches this call.
  Overload 1 of 2, '(props: { component: ElementType<any, keyof IntrinsicElements>; } & GridBaseProps & { sx?: SxProps<Theme> | undefined; } & SystemProps<...> & Omit<...>): Element | null', gave the following error.
    Property 'component' is missing in type '{ children: Element; item: true; xs: number; md: number; }' but required in type '{ component: ElementType<any, keyof IntrinsicElements>; }'.
  Overload 2 of 2, '(props: DefaultComponentProps<GridTypeMap<{}, "div">>): Element | null', gave the following error.
    Type '{ children: Element; item: true; xs: number; md: number; }' is not assignable to type 'IntrinsicAttributes & GridBaseProps & { sx?: SxProps<Theme> | undefined; } & SystemProps<Theme> & Omit<...>'.
      Property 'item' does not exist on type 'IntrinsicAttributes & GridBaseProps & { sx?: SxProps<Theme> | undefined; } & SystemProps<Theme> & Omit<...>'.
    20 |         </Grid>
    21 |
  > 22 |         <Grid item xs={12} md={6}>
       |         ^^^^^^^^^^^^^^^^^^^^^^^^^^
    23 |           <Paper sx={{ p: 3, borderRadius: 3 }}>
    24 |             <Typography variant="h6" gutterBottom sx={{ fontWeight: 'bold' }}>System Preferences</Typography>
    25 |             <Box sx={{ mt: 2 }}>

Compiling...
Failed to compile.

[eslint]
src/pages/Dashboard.tsx
  Line 206:16:  'Button' is not defined  react/jsx-no-undef
  Line 207:16:  'Button' is not defined  react/jsx-no-undef

Search for the keywords to learn more about each error.
WARNING in [eslint]
src/components/layout/Sidebar.tsx
  Line 11:15:  'BarChartIcon' is defined but never used  @typescript-eslint/no-unused-vars

src/pages/ActivityLogs.tsx
  Line 6:24:  'AssignmentIcon' is defined but never used  @typescript-eslint/no-unused-vars

src/pages/MRIAnalysis.tsx
  Line 21:10:  'error' is assigned a value but never used  @typescript-eslint/no-unused-vars

src/pages/Permissions.tsx
  Line 2:22:  'Paper' is defined but never used  @typescript-eslint/no-unused-vars

ERROR in [eslint]
src/pages/Dashboard.tsx
  Line 206:16:  'Button' is not defined  react/jsx-no-undef
  Line 207:16:  'Button' is not defined  react/jsx-no-undef

Search for the keywords to learn more about each error.

webpack compiled with 1 error and 1 warning
ERROR in src/pages/Dashboard.tsx:70:11
TS2769: No overload matches this call.
  Overload 1 of 2, '(props: { component: ElementType<any, keyof IntrinsicElements>; } & GridBaseProps & { sx?: SxProps<Theme> | undefined; } & SystemProps<...> & Omit<...>): Element | null', gave the following error.
    Property 'component' is missing in type '{ children: Element; item: true; xs: number; sm: number; md: number; key: number; }' but required in type '{ component: ElementType<any, keyof IntrinsicElements>; }'.
  Overload 2 of 2, '(props: DefaultComponentProps<GridTypeMap<{}, "div">>): Element | null', gave the following error.
    Type '{ children: Element; item: true; xs: number; sm: number; md: number; key: number; }' is not assignable to type 'IntrinsicAttributes & GridBaseProps & { sx?: SxProps<Theme> | undefined; } & SystemProps<Theme> & Omit<...>'.
      Property 'item' does not exist on type 'IntrinsicAttributes & GridBaseProps & { sx?: SxProps<Theme> | undefined; } & SystemProps<Theme> & Omit<...>'.
    68 |       <Grid container spacing={3} sx={{ mb: 4 }}>
    69 |         {statCards.map((card, index) => (
  > 70 |           <Grid item xs={12} sm={6} md={3} key={index}>
       |           ^^^^^^^^^^^^^^^^^^^^^^^^^^^^^^^^^^^^^^^^^^^^^
    71 |             <Card sx={{ borderRadius: 4, boxShadow: '0 10px 30px 0 rgba(19, 91, 236, 0.05)', position: 'relative', overflow: 'hidden' }}>
    72 |               <CardContent>
    73 |                 <Box sx={{ display: 'flex', justifyContent: 'space-between', alignItems: 'flex-start' }}>

ERROR in src/pages/Dashboard.tsx:95:9
TS2769: No overload matches this call.
  Overload 1 of 2, '(props: { component: ElementType<any, keyof IntrinsicElements>; } & GridBaseProps & { sx?: SxProps<Theme> | undefined; } & SystemProps<...> & Omit<...>): Element | null', gave the following error.
    Property 'component' is missing in type '{ children: Element; item: true; xs: number; }' but required in type '{ component: ElementType<any, keyof IntrinsicElements>; }'.
  Overload 2 of 2, '(props: DefaultComponentProps<GridTypeMap<{}, "div">>): Element | null', gave the following error.
    Type '{ children: Element; item: true; xs: number; }' is not assignable to type 'IntrinsicAttributes & GridBaseProps & { sx?: SxProps<Theme> | undefined; } & SystemProps<Theme> & Omit<...>'.
      Property 'item' does not exist on type 'IntrinsicAttributes & GridBaseProps & { sx?: SxProps<Theme> | undefined; } & SystemProps<Theme> & Omit<...>'.
    93 |
    94 |       <Grid container spacing={3} sx={{ mb: 4 }}>
  > 95 |         <Grid item xs={12}>
       |         ^^^^^^^^^^^^^^^^^^^
    96 |           <Paper sx={{ p: 3, borderRadius: 4, boxShadow: '0 10px 30px 0 rgba(0,0,0,0.02)' }}>
    97 |             <Typography variant="h6" sx={{ fontWeight: 'bold', mb: 3 }}>Analysis Trends (7 Days)</Typography>
    98 |             <Box sx={{ height: 300, width: '100%' }}>

ERROR in src/pages/Dashboard.tsx:121:9
TS2769: No overload matches this call.
  Overload 1 of 2, '(props: { component: ElementType<any, keyof IntrinsicElements>; } & GridBaseProps & { sx?: SxProps<Theme> | undefined; } & SystemProps<...> & Omit<...>): Element | null', gave the following error.
    Property 'component' is missing in type '{ children: Element; item: true; xs: number; md: number; }' but required in type '{ component: ElementType<any, keyof IntrinsicElements>; }'.
  Overload 2 of 2, '(props: DefaultComponentProps<GridTypeMap<{}, "div">>): Element | null', gave the following error.
    Type '{ children: Element; item: true; xs: number; md: number; }' is not assignable to type 'IntrinsicAttributes & GridBaseProps & { sx?: SxProps<Theme> | undefined; } & SystemProps<Theme> & Omit<...>'.
      Property 'item' does not exist on type 'IntrinsicAttributes & GridBaseProps & { sx?: SxProps<Theme> | undefined; } & SystemProps<Theme> & Omit<...>'.
    119 |
    120 |       <Grid container spacing={3}>
  > 121 |         <Grid item xs={12} md={8}>
        |         ^^^^^^^^^^^^^^^^^^^^^^^^^^
    122 |           <Paper sx={{ p: 3, borderRadius: 4, height: '100%' }}>
    123 |             <Box sx={{ display: 'flex', justifyContent: 'space-between', alignItems: 'center', mb: 3 }}>
    124 |               <Typography variant="h6" sx={{ fontWeight: 'bold' }}>Recent Analysis</Typography>

ERROR in src/pages/Dashboard.tsx:177:9
TS2769: No overload matches this call.
  Overload 1 of 2, '(props: { component: ElementType<any, keyof IntrinsicElements>; } & GridBaseProps & { sx?: SxProps<Theme> | undefined; } & SystemProps<...> & Omit<...>): Element | null', gave the following error.
    Property 'component' is missing in type '{ children: Element; item: true; xs: number; md: number; }' but required in type '{ component: ElementType<any, keyof IntrinsicElements>; }'.
  Overload 2 of 2, '(props: DefaultComponentProps<GridTypeMap<{}, "div">>): Element | null', gave the following error.
    Type '{ children: Element; item: true; xs: number; md: number; }' is not assignable to type 'IntrinsicAttributes & GridBaseProps & { sx?: SxProps<Theme> | undefined; } & SystemProps<Theme> & Omit<...>'.
      Property 'item' does not exist on type 'IntrinsicAttributes & GridBaseProps & { sx?: SxProps<Theme> | undefined; } & SystemProps<Theme> & Omit<...>'.
    175 |           </Paper>
    176 |         </Grid>
  > 177 |         <Grid item xs={12} md={4}>
        |         ^^^^^^^^^^^^^^^^^^^^^^^^^^
    178 |           <Paper sx={{ p: 3, borderRadius: 4, height: '100%' }}>
    179 |             <Typography variant="h6" sx={{ fontWeight: 'bold', mb: 3 }}>Model Health</Typography>
    180 |             <Box sx={{ mb: 3 }}>

ERROR in src/pages/Dashboard.tsx:206:16
TS2304: Cannot find name 'Button'.
    204 |             <Typography variant="subtitle2" sx={{ fontWeight: 'bold', mb: 2 }}>Quick Actions</Typography>
    205 |             <Box sx={{ display: 'flex', gap: 1 }}>
  > 206 |               <Button variant="outlined" fullWidth size="small" startIcon={<PsychologyIcon />}>New Scan</Button>
        |                ^^^^^^
    207 |               <Button variant="outlined" fullWidth size="small" startIcon={<PeopleIcon />}>Records</Button>
    208 |             </Box>
    209 |           </Paper>

ERROR in src/pages/Dashboard.tsx:206:106
TS2304: Cannot find name 'Button'.
    204 |             <Typography variant="subtitle2" sx={{ fontWeight: 'bold', mb: 2 }}>Quick Actions</Typography>
    205 |             <Box sx={{ display: 'flex', gap: 1 }}>
  > 206 |               <Button variant="outlined" fullWidth size="small" startIcon={<PsychologyIcon />}>New Scan</Button>
        |                                                                                                          ^^^^^^
    207 |               <Button variant="outlined" fullWidth size="small" startIcon={<PeopleIcon />}>Records</Button>
    208 |             </Box>
    209 |           </Paper>

ERROR in src/pages/Dashboard.tsx:207:16
TS2304: Cannot find name 'Button'.
    205 |             <Box sx={{ display: 'flex', gap: 1 }}>
    206 |               <Button variant="outlined" fullWidth size="small" startIcon={<PsychologyIcon />}>New Scan</Button>
  > 207 |               <Button variant="outlined" fullWidth size="small" startIcon={<PeopleIcon />}>Records</Button>
        |                ^^^^^^
    208 |             </Box>
    209 |           </Paper>
    210 |         </Grid>

ERROR in src/pages/Dashboard.tsx:207:101
TS2304: Cannot find name 'Button'.
    205 |             <Box sx={{ display: 'flex', gap: 1 }}>
    206 |               <Button variant="outlined" fullWidth size="small" startIcon={<PsychologyIcon />}>New Scan</Button>
  > 207 |               <Button variant="outlined" fullWidth size="small" startIcon={<PeopleIcon />}>Records</Button>
        |                                                                                                     ^^^^^^
    208 |             </Box>
    209 |           </Paper>
    210 |         </Grid>

ERROR in src/pages/MRIAnalysis.tsx:99:9
TS2769: No overload matches this call.
  Overload 1 of 2, '(props: { component: ElementType<any, keyof IntrinsicElements>; } & GridBaseProps & { sx?: SxProps<Theme> | undefined; } & SystemProps<...> & Omit<...>): Element | null', gave the following error.
    Property 'component' is missing in type '{ children: (false | Element | null)[]; item: true; xs: number; md: number; }' but required in type '{ component: ElementType<any, keyof IntrinsicElements>; }'.
  Overload 2 of 2, '(props: DefaultComponentProps<GridTypeMap<{}, "div">>): Element | null', gave the following error.
    Type '{ children: (false | Element | null)[]; item: true; xs: number; md: number; }' is not assignable to type 'IntrinsicAttributes & GridBaseProps & { sx?: SxProps<Theme> | undefined; } & SystemProps<Theme> & Omit<...>'.
      Property 'item' does not exist on type 'IntrinsicAttributes & GridBaseProps & { sx?: SxProps<Theme> | undefined; } & SystemProps<Theme> & Omit<...>'.
     97 |
     98 |       <Grid container spacing={4}>
  >  99 |         <Grid item xs={12} md={7}>
        |         ^^^^^^^^^^^^^^^^^^^^^^^^^^
    100 |           <Paper sx={{ p: 2, mb: 3, borderRadius: 3, display: 'flex', gap: 2, alignItems: 'center' }}>
    101 |             <FormControl sx={{ minWidth: 300 }} size="small">
    102 |               <InputLabel>Select Patient Record</InputLabel>

ERROR in src/pages/MRIAnalysis.tsx:180:9
TS2769: No overload matches this call.
  Overload 1 of 2, '(props: { component: ElementType<any, keyof IntrinsicElements>; } & GridBaseProps & { sx?: SxProps<Theme> | undefined; } & SystemProps<...> & Omit<...>): Element | null', gave the following error.
    Property 'component' is missing in type '{ children: Element; item: true; xs: number; md: number; }' but required in type '{ component: ElementType<any, keyof IntrinsicElements>; }'.
  Overload 2 of 2, '(props: DefaultComponentProps<GridTypeMap<{}, "div">>): Element | null', gave the following error.
    Type '{ children: Element; item: true; xs: number; md: number; }' is not assignable to type 'IntrinsicAttributes & GridBaseProps & { sx?: SxProps<Theme> | undefined; } & SystemProps<Theme> & Omit<...>'.
      Property 'item' does not exist on type 'IntrinsicAttributes & GridBaseProps & { sx?: SxProps<Theme> | undefined; } & SystemProps<Theme> & Omit<...>'.
    178 |         </Grid>
    179 |
  > 180 |         <Grid item xs={12} md={5}>
        |         ^^^^^^^^^^^^^^^^^^^^^^^^^^
    181 |           <Card sx={{ borderRadius: 4, height: '100%', boxShadow: '0 4px 20px rgba(0,0,0,0.05)' }}>
    182 |             <Box sx={{ borderBottom: 1, borderColor: 'divider' }}>
    183 |               <Tabs value={activeTab} onChange={(_, v) => setActiveTab(v)} aria-label="analysis tabs">

ERROR in src/pages/MRIAnalysis.tsx:260:21
TS2769: No overload matches this call.
  Overload 1 of 2, '(props: { component: ElementType<any, keyof IntrinsicElements>; } & GridBaseProps & { sx?: SxProps<Theme> | undefined; } & SystemProps<...> & Omit<...>): Element | null', gave the following error.
    Property 'component' is missing in type '{ children: Element[]; item: true; xs: number; }' but required in type '{ component: ElementType<any, keyof IntrinsicElements>; }'.
  Overload 2 of 2, '(props: DefaultComponentProps<GridTypeMap<{}, "div">>): Element | null', gave the following error.
    Type '{ children: Element[]; item: true; xs: number; }' is not assignable to type 'IntrinsicAttributes & GridBaseProps & { sx?: SxProps<Theme> | undefined; } & SystemProps<Theme> & Omit<...>'.
      Property 'item' does not exist on type 'IntrinsicAttributes & GridBaseProps & { sx?: SxProps<Theme> | undefined; } & SystemProps<Theme> & Omit<...>'.
    258 |                   <Typography variant="h6" sx={{ fontWeight: 'bold', mb: 2 }}>Model Metadata</Typography>
    259 |                   <Grid container spacing={2}>
  > 260 |                     <Grid item xs={6}>
        |                     ^^^^^^^^^^^^^^^^^^
    261 |                       <Typography variant="caption" color="textSecondary">Backbone Architecture</Typography>
    262 |                       <Typography variant="body2" sx={{ fontWeight: 600 }}>EfficientNet-B3</Typography>
    263 |                     </Grid>

ERROR in src/pages/MRIAnalysis.tsx:264:21
TS2769: No overload matches this call.
  Overload 1 of 2, '(props: { component: ElementType<any, keyof IntrinsicElements>; } & GridBaseProps & { sx?: SxProps<Theme> | undefined; } & SystemProps<...> & Omit<...>): Element | null', gave the following error.
    Property 'component' is missing in type '{ children: Element[]; item: true; xs: number; }' but required in type '{ component: ElementType<any, keyof IntrinsicElements>; }'.
  Overload 2 of 2, '(props: DefaultComponentProps<GridTypeMap<{}, "div">>): Element | null', gave the following error.
    Type '{ children: Element[]; item: true; xs: number; }' is not assignable to type 'IntrinsicAttributes & GridBaseProps & { sx?: SxProps<Theme> | undefined; } & SystemProps<Theme> & Omit<...>'.
      Property 'item' does not exist on type 'IntrinsicAttributes & GridBaseProps & { sx?: SxProps<Theme> | undefined; } & SystemProps<Theme> & Omit<...>'.
    262 |                       <Typography variant="body2" sx={{ fontWeight: 600 }}>EfficientNet-B3</Typography>
    263 |                     </Grid>
  > 264 |                     <Grid item xs={6}>
        |                     ^^^^^^^^^^^^^^^^^^
    265 |                       <Typography variant="caption" color="textSecondary">Input Dimensions</Typography>
    266 |                       <Typography variant="body2" sx={{ fontWeight: 600 }}>224 x 224 x 3</Typography>
    267 |                     </Grid>

ERROR in src/pages/MRIAnalysis.tsx:268:21
TS2769: No overload matches this call.
  Overload 1 of 2, '(props: { component: ElementType<any, keyof IntrinsicElements>; } & GridBaseProps & { sx?: SxProps<Theme> | undefined; } & SystemProps<...> & Omit<...>): Element | null', gave the following error.
    Property 'component' is missing in type '{ children: Element[]; item: true; xs: number; }' but required in type '{ component: ElementType<any, keyof IntrinsicElements>; }'.
  Overload 2 of 2, '(props: DefaultComponentProps<GridTypeMap<{}, "div">>): Element | null', gave the following error.
    Type '{ children: Element[]; item: true; xs: number; }' is not assignable to type 'IntrinsicAttributes & GridBaseProps & { sx?: SxProps<Theme> | undefined; } & SystemProps<Theme> & Omit<...>'.
      Property 'item' does not exist on type 'IntrinsicAttributes & GridBaseProps & { sx?: SxProps<Theme> | undefined; } & SystemProps<Theme> & Omit<...>'.
    266 |                       <Typography variant="body2" sx={{ fontWeight: 600 }}>224 x 224 x 3</Typography>
    267 |                     </Grid>
  > 268 |                     <Grid item xs={6}>
        |                     ^^^^^^^^^^^^^^^^^^
    269 |                       <Typography variant="caption" color="textSecondary">Pre-processing</Typography>
    270 |                       <Typography variant="body2" sx={{ fontWeight: 600 }}>Z-Score Norm</Typography>
    271 |                     </Grid>

ERROR in src/pages/MRIAnalysis.tsx:272:21
TS2769: No overload matches this call.
  Overload 1 of 2, '(props: { component: ElementType<any, keyof IntrinsicElements>; } & GridBaseProps & { sx?: SxProps<Theme> | undefined; } & SystemProps<...> & Omit<...>): Element | null', gave the following error.
    Property 'component' is missing in type '{ children: Element[]; item: true; xs: number; }' but required in type '{ component: ElementType<any, keyof IntrinsicElements>; }'.
  Overload 2 of 2, '(props: DefaultComponentProps<GridTypeMap<{}, "div">>): Element | null', gave the following error.
    Type '{ children: Element[]; item: true; xs: number; }' is not assignable to type 'IntrinsicAttributes & GridBaseProps & { sx?: SxProps<Theme> | undefined; } & SystemProps<Theme> & Omit<...>'.
      Property 'item' does not exist on type 'IntrinsicAttributes & GridBaseProps & { sx?: SxProps<Theme> | undefined; } & SystemProps<Theme> & Omit<...>'.
    270 |                       <Typography variant="body2" sx={{ fontWeight: 600 }}>Z-Score Norm</Typography>
    271 |                     </Grid>
  > 272 |                     <Grid item xs={6}>
        |                     ^^^^^^^^^^^^^^^^^^
    273 |                       <Typography variant="caption" color="textSecondary">Augmentation</Typography>
    274 |                       <Typography variant="body2" sx={{ fontWeight: 600 }}>Enabled (Albumentations)</Typography>
    275 |                     </Grid>

ERROR in src/pages/Patients.tsx:154:13
TS2769: No overload matches this call.
  Overload 1 of 2, '(props: { component: ElementType<any, keyof IntrinsicElements>; } & GridBaseProps & { sx?: SxProps<Theme> | undefined; } & SystemProps<...> & Omit<...>): Element | null', gave the following error.
    Property 'component' is missing in type '{ children: Element; item: true; xs: number; }' but required in type '{ component: ElementType<any, keyof IntrinsicElements>; }'.
  Overload 2 of 2, '(props: DefaultComponentProps<GridTypeMap<{}, "div">>): Element | null', gave the following error.
    Type '{ children: Element; item: true; xs: number; }' is not assignable to type 'IntrinsicAttributes & GridBaseProps & { sx?: SxProps<Theme> | undefined; } & SystemProps<Theme> & Omit<...>'.
      Property 'item' does not exist on type 'IntrinsicAttributes & GridBaseProps & { sx?: SxProps<Theme> | undefined; } & SystemProps<Theme> & Omit<...>'.
    152 |         <DialogContent>
    153 |           <Grid container spacing={2} sx={{ mt: 1 }}>
  > 154 |             <Grid item xs={12}>
        |             ^^^^^^^^^^^^^^^^^^^
    155 |               <TextField
    156 |                 label="Nama Lengkap"
    157 |                 fullWidth

ERROR in src/pages/Patients.tsx:162:13
TS2769: No overload matches this call.
  Overload 1 of 2, '(props: { component: ElementType<any, keyof IntrinsicElements>; } & GridBaseProps & { sx?: SxProps<Theme> | undefined; } & SystemProps<...> & Omit<...>): Element | null', gave the following error.
    Property 'component' is missing in type '{ children: Element; item: true; xs: number; sm: number; }' but required in type '{ component: ElementType<any, keyof IntrinsicElements>; }'.
  Overload 2 of 2, '(props: DefaultComponentProps<GridTypeMap<{}, "div">>): Element | null', gave the following error.
    Type '{ children: Element; item: true; xs: number; sm: number; }' is not assignable to type 'IntrinsicAttributes & GridBaseProps & { sx?: SxProps<Theme> | undefined; } & SystemProps<Theme> & Omit<...>'.
      Property 'item' does not exist on type 'IntrinsicAttributes & GridBaseProps & { sx?: SxProps<Theme> | undefined; } & SystemProps<Theme> & Omit<...>'.
    160 |               />
    161 |             </Grid>
  > 162 |             <Grid item xs={12} sm={6}>
        |             ^^^^^^^^^^^^^^^^^^^^^^^^^^
    163 |               <TextField
    164 |                 label="NIK"
    165 |                 fullWidth

ERROR in src/pages/Patients.tsx:170:13
TS2769: No overload matches this call.
  Overload 1 of 2, '(props: { component: ElementType<any, keyof IntrinsicElements>; } & GridBaseProps & { sx?: SxProps<Theme> | undefined; } & SystemProps<...> & Omit<...>): Element | null', gave the following error.
    Property 'component' is missing in type '{ children: Element; item: true; xs: number; sm: number; }' but required in type '{ component: ElementType<any, keyof IntrinsicElements>; }'.
  Overload 2 of 2, '(props: DefaultComponentProps<GridTypeMap<{}, "div">>): Element | null', gave the following error.
    Type '{ children: Element; item: true; xs: number; sm: number; }' is not assignable to type 'IntrinsicAttributes & GridBaseProps & { sx?: SxProps<Theme> | undefined; } & SystemProps<Theme> & Omit<...>'.
      Property 'item' does not exist on type 'IntrinsicAttributes & GridBaseProps & { sx?: SxProps<Theme> | undefined; } & SystemProps<Theme> & Omit<...>'.
    168 |               />
    169 |             </Grid>
  > 170 |             <Grid item xs={12} sm={6}>
        |             ^^^^^^^^^^^^^^^^^^^^^^^^^^
    171 |               <TextField
    172 |                 select
    173 |                 label="Jenis Kelamin"

ERROR in src/pages/Patients.tsx:182:13
TS2769: No overload matches this call.
  Overload 1 of 2, '(props: { component: ElementType<any, keyof IntrinsicElements>; } & GridBaseProps & { sx?: SxProps<Theme> | undefined; } & SystemProps<...> & Omit<...>): Element | null', gave the following error.
    Property 'component' is missing in type '{ children: Element; item: true; xs: number; }' but required in type '{ component: ElementType<any, keyof IntrinsicElements>; }'.
  Overload 2 of 2, '(props: DefaultComponentProps<GridTypeMap<{}, "div">>): Element | null', gave the following error.
    Type '{ children: Element; item: true; xs: number; }' is not assignable to type 'IntrinsicAttributes & GridBaseProps & { sx?: SxProps<Theme> | undefined; } & SystemProps<Theme> & Omit<...>'.
      Property 'item' does not exist on type 'IntrinsicAttributes & GridBaseProps & { sx?: SxProps<Theme> | undefined; } & SystemProps<Theme> & Omit<...>'.
    180 |               </TextField>
    181 |             </Grid>
  > 182 |             <Grid item xs={12}>
        |             ^^^^^^^^^^^^^^^^^^^
    183 |               <TextField
    184 |                 label="Tanggal Lahir"
    185 |                 type="date"

ERROR in src/pages/Permissions.tsx:37:11
TS2769: No overload matches this call.
  Overload 1 of 2, '(props: { component: ElementType<any, keyof IntrinsicElements>; } & GridBaseProps & { sx?: SxProps<Theme> | undefined; } & SystemProps<...> & Omit<...>): Element | null', gave the following error.
    Property 'component' is missing in type '{ children: Element; item: true; xs: number; md: number; key: string; }' but required in type '{ component: ElementType<any, keyof IntrinsicElements>; }'.
  Overload 2 of 2, '(props: DefaultComponentProps<GridTypeMap<{}, "div">>): Element | null', gave the following error.
    Type '{ children: Element; item: true; xs: number; md: number; key: string; }' is not assignable to type 'IntrinsicAttributes & GridBaseProps & { sx?: SxProps<Theme> | undefined; } & SystemProps<Theme> & Omit<...>'.
      Property 'item' does not exist on type 'IntrinsicAttributes & GridBaseProps & { sx?: SxProps<Theme> | undefined; } & SystemProps<Theme> & Omit<...>'.
    35 |       <Grid container spacing={3}>
    36 |         {permissionGroups.map((group) => (
  > 37 |           <Grid item xs={12} md={6} key={group.title}>
       |           ^^^^^^^^^^^^^^^^^^^^^^^^^^^^^^^^^^^^^^^^^^^^
    38 |             <Card sx={{ borderRadius: 3, height: '100%' }}>
    39 |               <CardContent>
    40 |                 <Typography variant="h6" gutterBottom sx={{ fontWeight: 'bold', borderBottom: '2px solid', borderColor: 'primary.main', pb: 1, mb: 2 }}>

ERROR in src/pages/Settings.tsx:10:9
TS2769: No overload matches this call.
  Overload 1 of 2, '(props: { component: ElementType<any, keyof IntrinsicElements>; } & GridBaseProps & { sx?: SxProps<Theme> | undefined; } & SystemProps<...> & Omit<...>): Element | null', gave the following error.
    Property 'component' is missing in type '{ children: Element; item: true; xs: number; md: number; }' but required in type '{ component: ElementType<any, keyof IntrinsicElements>; }'.
  Overload 2 of 2, '(props: DefaultComponentProps<GridTypeMap<{}, "div">>): Element | null', gave the following error.
    Type '{ children: Element; item: true; xs: number; md: number; }' is not assignable to type 'IntrinsicAttributes & GridBaseProps & { sx?: SxProps<Theme> | undefined; } & SystemProps<Theme> & Omit<...>'.
      Property 'item' does not exist on type 'IntrinsicAttributes & GridBaseProps & { sx?: SxProps<Theme> | undefined; } & SystemProps<Theme> & Omit<...>'.
     8 |
     9 |       <Grid container spacing={3}>
  > 10 |         <Grid item xs={12} md={6}>
       |         ^^^^^^^^^^^^^^^^^^^^^^^^^^
    11 |           <Paper sx={{ p: 3, borderRadius: 3 }}>
    12 |             <Typography variant="h6" gutterBottom sx={{ fontWeight: 'bold' }}>Profile Information</Typography>
    13 |             <Box sx={{ mt: 2, display: 'flex', flexDirection: 'column', gap: 2 }}>

ERROR in src/pages/Settings.tsx:22:9
TS2769: No overload matches this call.
  Overload 1 of 2, '(props: { component: ElementType<any, keyof IntrinsicElements>; } & GridBaseProps & { sx?: SxProps<Theme> | undefined; } & SystemProps<...> & Omit<...>): Element | null', gave the following error.
    Property 'component' is missing in type '{ children: Element; item: true; xs: number; md: number; }' but required in type '{ component: ElementType<any, keyof IntrinsicElements>; }'.
  Overload 2 of 2, '(props: DefaultComponentProps<GridTypeMap<{}, "div">>): Element | null', gave the following error.
    Type '{ children: Element; item: true; xs: number; md: number; }' is not assignable to type 'IntrinsicAttributes & GridBaseProps & { sx?: SxProps<Theme> | undefined; } & SystemProps<Theme> & Omit<...>'.
      Property 'item' does not exist on type 'IntrinsicAttributes & GridBaseProps & { sx?: SxProps<Theme> | undefined; } & SystemProps<Theme> & Omit<...>'.
    20 |         </Grid>
    21 |
  > 22 |         <Grid item xs={12} md={6}>
       |         ^^^^^^^^^^^^^^^^^^^^^^^^^^
    23 |           <Paper sx={{ p: 3, borderRadius: 3 }}>
    24 |             <Typography variant="h6" gutterBottom sx={{ fontWeight: 'bold' }}>System Preferences</Typography>
    25 |             <Box sx={{ mt: 2 }}>

Compiling...
Compiled with warnings.

[eslint]
src/components/layout/Sidebar.tsx
  Line 11:15:  'BarChartIcon' is defined but never used  @typescript-eslint/no-unused-vars

src/pages/ActivityLogs.tsx
  Line 6:24:  'AssignmentIcon' is defined but never used  @typescript-eslint/no-unused-vars

src/pages/MRIAnalysis.tsx
  Line 21:10:  'error' is assigned a value but never used  @typescript-eslint/no-unused-vars

src/pages/Patients.tsx
  Line 6:52:  'Grid' is defined but never used  @typescript-eslint/no-unused-vars

src/pages/Permissions.tsx
  Line 2:22:  'Paper' is defined but never used  @typescript-eslint/no-unused-vars

Search for the keywords to learn more about each warning.
To ignore, add // eslint-disable-next-line to the line before.

WARNING in [eslint]
src/components/layout/Sidebar.tsx
  Line 11:15:  'BarChartIcon' is defined but never used  @typescript-eslint/no-unused-vars

src/pages/ActivityLogs.tsx
  Line 6:24:  'AssignmentIcon' is defined but never used  @typescript-eslint/no-unused-vars

src/pages/MRIAnalysis.tsx
  Line 21:10:  'error' is assigned a value but never used  @typescript-eslint/no-unused-vars

src/pages/Patients.tsx
  Line 6:52:  'Grid' is defined but never used  @typescript-eslint/no-unused-vars

src/pages/Permissions.tsx
  Line 2:22:  'Paper' is defined but never used  @typescript-eslint/no-unused-vars

webpack compiled with 1 warning
No issues found.
Compiling...
Compiled with warnings.

[eslint]
src/components/layout/Sidebar.tsx
  Line 11:15:  'BarChartIcon' is defined but never used  @typescript-eslint/no-unused-vars

src/pages/ActivityLogs.tsx
  Line 6:24:  'AssignmentIcon' is defined but never used  @typescript-eslint/no-unused-vars

src/pages/MRIAnalysis.tsx
  Line 21:10:  'error' is assigned a value but never used  @typescript-eslint/no-unused-vars

src/pages/Patients.tsx
  Line 6:52:  'Grid' is defined but never used  @typescript-eslint/no-unused-vars

src/pages/Permissions.tsx
  Line 2:22:  'Paper' is defined but never used  @typescript-eslint/no-unused-vars

Search for the keywords to learn more about each warning.
To ignore, add // eslint-disable-next-line to the line before.

WARNING in [eslint]
src/components/layout/Sidebar.tsx
  Line 11:15:  'BarChartIcon' is defined but never used  @typescript-eslint/no-unused-vars

src/pages/ActivityLogs.tsx
  Line 6:24:  'AssignmentIcon' is defined but never used  @typescript-eslint/no-unused-vars

src/pages/MRIAnalysis.tsx
  Line 21:10:  'error' is assigned a value but never used  @typescript-eslint/no-unused-vars

src/pages/Patients.tsx
  Line 6:52:  'Grid' is defined but never used  @typescript-eslint/no-unused-vars

src/pages/Permissions.tsx
  Line 2:22:  'Paper' is defined but never used  @typescript-eslint/no-unused-vars

webpack compiled with 1 warning
ERROR in src/pages/Users.tsx:168:13
TS2769: No overload matches this call.
  Overload 1 of 2, '(props: { component: ElementType<any, keyof IntrinsicElements>; } & GridBaseProps & { sx?: SxProps<Theme> | undefined; } & SystemProps<...> & Omit<...>): Element | null', gave the following error.
    Property 'component' is missing in type '{ children: Element; item: true; xs: number; }' but required in type '{ component: ElementType<any, keyof IntrinsicElements>; }'.
  Overload 2 of 2, '(props: DefaultComponentProps<GridTypeMap<{}, "div">>): Element | null', gave the following error.
    Type '{ children: Element; item: true; xs: number; }' is not assignable to type 'IntrinsicAttributes & GridBaseProps & { sx?: SxProps<Theme> | undefined; } & SystemProps<Theme> & Omit<...>'.
      Property 'item' does not exist on type 'IntrinsicAttributes & GridBaseProps & { sx?: SxProps<Theme> | undefined; } & SystemProps<Theme> & Omit<...>'.
    166 |           {error && <Alert severity="error" sx={{ mb: 2 }}>{error}</Alert>}
    167 |           <Grid container spacing={2} sx={{ mt: 1 }}>
  > 168 |             <Grid item xs={12}>
        |             ^^^^^^^^^^^^^^^^^^^
    169 |               <TextField
    170 |                 fullWidth
    171 |                 label="Nama Lengkap"

ERROR in src/pages/Users.tsx:176:13
TS2769: No overload matches this call.
  Overload 1 of 2, '(props: { component: ElementType<any, keyof IntrinsicElements>; } & GridBaseProps & { sx?: SxProps<Theme> | undefined; } & SystemProps<...> & Omit<...>): Element | null', gave the following error.
    Property 'component' is missing in type '{ children: Element; item: true; xs: number; }' but required in type '{ component: ElementType<any, keyof IntrinsicElements>; }'.
  Overload 2 of 2, '(props: DefaultComponentProps<GridTypeMap<{}, "div">>): Element | null', gave the following error.
    Type '{ children: Element; item: true; xs: number; }' is not assignable to type 'IntrinsicAttributes & GridBaseProps & { sx?: SxProps<Theme> | undefined; } & SystemProps<Theme> & Omit<...>'.
      Property 'item' does not exist on type 'IntrinsicAttributes & GridBaseProps & { sx?: SxProps<Theme> | undefined; } & SystemProps<Theme> & Omit<...>'.
    174 |               />
    175 |             </Grid>
  > 176 |             <Grid item xs={12}>
        |             ^^^^^^^^^^^^^^^^^^^
    177 |               <TextField
    178 |                 fullWidth
    179 |                 label="Email"

ERROR in src/pages/Users.tsx:185:13
TS2769: No overload matches this call.
  Overload 1 of 2, '(props: { component: ElementType<any, keyof IntrinsicElements>; } & GridBaseProps & { sx?: SxProps<Theme> | undefined; } & SystemProps<...> & Omit<...>): Element | null', gave the following error.
    Property 'component' is missing in type '{ children: Element; item: true; xs: number; }' but required in type '{ component: ElementType<any, keyof IntrinsicElements>; }'.
  Overload 2 of 2, '(props: DefaultComponentProps<GridTypeMap<{}, "div">>): Element | null', gave the following error.
    Type '{ children: Element; item: true; xs: number; }' is not assignable to type 'IntrinsicAttributes & GridBaseProps & { sx?: SxProps<Theme> | undefined; } & SystemProps<Theme> & Omit<...>'.
      Property 'item' does not exist on type 'IntrinsicAttributes & GridBaseProps & { sx?: SxProps<Theme> | undefined; } & SystemProps<Theme> & Omit<...>'.
    183 |               />
    184 |             </Grid>
  > 185 |             <Grid item xs={12}>
        |             ^^^^^^^^^^^^^^^^^^^
    186 |               <TextField
    187 |                 fullWidth
    188 |                 label="Password"

ERROR in src/pages/Users.tsx:194:13
TS2769: No overload matches this call.
  Overload 1 of 2, '(props: { component: ElementType<any, keyof IntrinsicElements>; } & GridBaseProps & { sx?: SxProps<Theme> | undefined; } & SystemProps<...> & Omit<...>): Element | null', gave the following error.
    Property 'component' is missing in type '{ children: Element; item: true; xs: number; }' but required in type '{ component: ElementType<any, keyof IntrinsicElements>; }'.
  Overload 2 of 2, '(props: DefaultComponentProps<GridTypeMap<{}, "div">>): Element | null', gave the following error.
    Type '{ children: Element; item: true; xs: number; }' is not assignable to type 'IntrinsicAttributes & GridBaseProps & { sx?: SxProps<Theme> | undefined; } & SystemProps<Theme> & Omit<...>'.
      Property 'item' does not exist on type 'IntrinsicAttributes & GridBaseProps & { sx?: SxProps<Theme> | undefined; } & SystemProps<Theme> & Omit<...>'.
    192 |               />
    193 |             </Grid>
  > 194 |             <Grid item xs={12}>
        |             ^^^^^^^^^^^^^^^^^^^
    195 |               <TextField
    196 |                 fullWidth
    197 |                 select

Compiling...
Compiled with warnings.

[eslint]
src/components/layout/Sidebar.tsx
  Line 11:15:  'BarChartIcon' is defined but never used  @typescript-eslint/no-unused-vars

src/pages/ActivityLogs.tsx
  Line 6:24:  'AssignmentIcon' is defined but never used  @typescript-eslint/no-unused-vars

src/pages/MRIAnalysis.tsx
  Line 21:10:  'error' is assigned a value but never used  @typescript-eslint/no-unused-vars

src/pages/Patients.tsx
  Line 6:52:  'Grid' is defined but never used  @typescript-eslint/no-unused-vars

src/pages/Permissions.tsx
  Line 2:22:  'Paper' is defined but never used  @typescript-eslint/no-unused-vars

src/pages/Users.tsx
  Line 22:3:  'Card' is defined but never used  @typescript-eslint/no-unused-vars

Search for the keywords to learn more about each warning.
To ignore, add // eslint-disable-next-line to the line before.

WARNING in [eslint]
src/components/layout/Sidebar.tsx
  Line 11:15:  'BarChartIcon' is defined but never used  @typescript-eslint/no-unused-vars

src/pages/ActivityLogs.tsx
  Line 6:24:  'AssignmentIcon' is defined but never used  @typescript-eslint/no-unused-vars

src/pages/MRIAnalysis.tsx
  Line 21:10:  'error' is assigned a value but never used  @typescript-eslint/no-unused-vars

src/pages/Patients.tsx
  Line 6:52:  'Grid' is defined but never used  @typescript-eslint/no-unused-vars

src/pages/Permissions.tsx
  Line 2:22:  'Paper' is defined but never used  @typescript-eslint/no-unused-vars

src/pages/Users.tsx
  Line 22:3:  'Card' is defined but never used  @typescript-eslint/no-unused-vars

webpack compiled with 1 warning
ERROR in src/pages/Users.tsx:168:13
TS2769: No overload matches this call.
  Overload 1 of 2, '(props: { component: ElementType<any, keyof IntrinsicElements>; } & GridBaseProps & { sx?: SxProps<Theme> | undefined; } & SystemProps<...> & Omit<...>): Element | null', gave the following error.
    Property 'component' is missing in type '{ children: Element; item: true; xs: number; }' but required in type '{ component: ElementType<any, keyof IntrinsicElements>; }'.
  Overload 2 of 2, '(props: DefaultComponentProps<GridTypeMap<{}, "div">>): Element | null', gave the following error.
    Type '{ children: Element; item: true; xs: number; }' is not assignable to type 'IntrinsicAttributes & GridBaseProps & { sx?: SxProps<Theme> | undefined; } & SystemProps<Theme> & Omit<...>'.
      Property 'item' does not exist on type 'IntrinsicAttributes & GridBaseProps & { sx?: SxProps<Theme> | undefined; } & SystemProps<Theme> & Omit<...>'.
    166 |           {error && <Alert severity="error" sx={{ mb: 2 }}>{error}</Alert>}
    167 |           <Grid container spacing={2} sx={{ mt: 1 }}>
  > 168 |             <Grid item xs={12}>
        |             ^^^^^^^^^^^^^^^^^^^
    169 |               <TextField
    170 |                 fullWidth
    171 |                 label="Nama Lengkap"

ERROR in src/pages/Users.tsx:176:13
TS2769: No overload matches this call.
  Overload 1 of 2, '(props: { component: ElementType<any, keyof IntrinsicElements>; } & GridBaseProps & { sx?: SxProps<Theme> | undefined; } & SystemProps<...> & Omit<...>): Element | null', gave the following error.
    Property 'component' is missing in type '{ children: Element; item: true; xs: number; }' but required in type '{ component: ElementType<any, keyof IntrinsicElements>; }'.
  Overload 2 of 2, '(props: DefaultComponentProps<GridTypeMap<{}, "div">>): Element | null', gave the following error.
    Type '{ children: Element; item: true; xs: number; }' is not assignable to type 'IntrinsicAttributes & GridBaseProps & { sx?: SxProps<Theme> | undefined; } & SystemProps<Theme> & Omit<...>'.
      Property 'item' does not exist on type 'IntrinsicAttributes & GridBaseProps & { sx?: SxProps<Theme> | undefined; } & SystemProps<Theme> & Omit<...>'.
    174 |               />
    175 |             </Grid>
  > 176 |             <Grid item xs={12}>
        |             ^^^^^^^^^^^^^^^^^^^
    177 |               <TextField
    178 |                 fullWidth
    179 |                 label="Email"

ERROR in src/pages/Users.tsx:185:13
TS2769: No overload matches this call.
  Overload 1 of 2, '(props: { component: ElementType<any, keyof IntrinsicElements>; } & GridBaseProps & { sx?: SxProps<Theme> | undefined; } & SystemProps<...> & Omit<...>): Element | null', gave the following error.
    Property 'component' is missing in type '{ children: Element; item: true; xs: number; }' but required in type '{ component: ElementType<any, keyof IntrinsicElements>; }'.
  Overload 2 of 2, '(props: DefaultComponentProps<GridTypeMap<{}, "div">>): Element | null', gave the following error.
    Type '{ children: Element; item: true; xs: number; }' is not assignable to type 'IntrinsicAttributes & GridBaseProps & { sx?: SxProps<Theme> | undefined; } & SystemProps<Theme> & Omit<...>'.
      Property 'item' does not exist on type 'IntrinsicAttributes & GridBaseProps & { sx?: SxProps<Theme> | undefined; } & SystemProps<Theme> & Omit<...>'.
    183 |               />
    184 |             </Grid>
  > 185 |             <Grid item xs={12}>
        |             ^^^^^^^^^^^^^^^^^^^
    186 |               <TextField
    187 |                 fullWidth
    188 |                 label="Password"

ERROR in src/pages/Users.tsx:194:13
TS2769: No overload matches this call.
  Overload 1 of 2, '(props: { component: ElementType<any, keyof IntrinsicElements>; } & GridBaseProps & { sx?: SxProps<Theme> | undefined; } & SystemProps<...> & Omit<...>): Element | null', gave the following error.
    Property 'component' is missing in type '{ children: Element; item: true; xs: number; }' but required in type '{ component: ElementType<any, keyof IntrinsicElements>; }'.
  Overload 2 of 2, '(props: DefaultComponentProps<GridTypeMap<{}, "div">>): Element | null', gave the following error.
    Type '{ children: Element; item: true; xs: number; }' is not assignable to type 'IntrinsicAttributes & GridBaseProps & { sx?: SxProps<Theme> | undefined; } & SystemProps<Theme> & Omit<...>'.
      Property 'item' does not exist on type 'IntrinsicAttributes & GridBaseProps & { sx?: SxProps<Theme> | undefined; } & SystemProps<Theme> & Omit<...>'.
    192 |               />
    193 |             </Grid>
  > 194 |             <Grid item xs={12}>
        |             ^^^^^^^^^^^^^^^^^^^
    195 |               <TextField
    196 |                 fullWidth
    197 |                 select

Compiling...
Compiled with warnings.

[eslint]
src/components/layout/Sidebar.tsx
  Line 11:15:  'BarChartIcon' is defined but never used  @typescript-eslint/no-unused-vars

src/pages/ActivityLogs.tsx
  Line 6:24:  'AssignmentIcon' is defined but never used  @typescript-eslint/no-unused-vars

src/pages/Dashboard.tsx
  Line 4:26:   'Paper' is defined but never used                  @typescript-eslint/no-unused-vars
  Line 11:24:  'FiberManualRecordIcon' is defined but never used  @typescript-eslint/no-unused-vars
  Line 12:15:  'TimelineIcon' is defined but never used           @typescript-eslint/no-unused-vars
  Line 13:12:  'SpeedIcon' is defined but never used              @typescript-eslint/no-unused-vars
  Line 14:14:  'HistoryIcon' is defined but never used            @typescript-eslint/no-unused-vars

src/pages/MRIAnalysis.tsx
  Line 21:10:  'error' is assigned a value but never used  @typescript-eslint/no-unused-vars

src/pages/Patients.tsx
  Line 6:52:  'Grid' is defined but never used  @typescript-eslint/no-unused-vars

src/pages/Permissions.tsx
  Line 2:22:  'Paper' is defined but never used  @typescript-eslint/no-unused-vars

src/pages/Users.tsx
  Line 22:3:  'Card' is defined but never used  @typescript-eslint/no-unused-vars

Search for the keywords to learn more about each warning.
To ignore, add // eslint-disable-next-line to the line before.

WARNING in [eslint]
src/components/layout/Sidebar.tsx
  Line 11:15:  'BarChartIcon' is defined but never used  @typescript-eslint/no-unused-vars

src/pages/ActivityLogs.tsx
  Line 6:24:  'AssignmentIcon' is defined but never used  @typescript-eslint/no-unused-vars

src/pages/Dashboard.tsx
  Line 4:26:   'Paper' is defined but never used                  @typescript-eslint/no-unused-vars
  Line 11:24:  'FiberManualRecordIcon' is defined but never used  @typescript-eslint/no-unused-vars
  Line 12:15:  'TimelineIcon' is defined but never used           @typescript-eslint/no-unused-vars
  Line 13:12:  'SpeedIcon' is defined but never used              @typescript-eslint/no-unused-vars
  Line 14:14:  'HistoryIcon' is defined but never used            @typescript-eslint/no-unused-vars

src/pages/MRIAnalysis.tsx
  Line 21:10:  'error' is assigned a value but never used  @typescript-eslint/no-unused-vars

src/pages/Patients.tsx
  Line 6:52:  'Grid' is defined but never used  @typescript-eslint/no-unused-vars

src/pages/Permissions.tsx
  Line 2:22:  'Paper' is defined but never used  @typescript-eslint/no-unused-vars

src/pages/Users.tsx
  Line 22:3:  'Card' is defined but never used  @typescript-eslint/no-unused-vars

webpack compiled with 1 warning
ERROR in src/pages/Users.tsx:168:13
TS2769: No overload matches this call.
  Overload 1 of 2, '(props: { component: ElementType<any, keyof IntrinsicElements>; } & GridBaseProps & { sx?: SxProps<Theme> | undefined; } & SystemProps<...> & Omit<...>): Element | null', gave the following error.
    Property 'component' is missing in type '{ children: Element; item: true; xs: number; }' but required in type '{ component: ElementType<any, keyof IntrinsicElements>; }'.
  Overload 2 of 2, '(props: DefaultComponentProps<GridTypeMap<{}, "div">>): Element | null', gave the following error.
    Type '{ children: Element; item: true; xs: number; }' is not assignable to type 'IntrinsicAttributes & GridBaseProps & { sx?: SxProps<Theme> | undefined; } & SystemProps<Theme> & Omit<...>'.
      Property 'item' does not exist on type 'IntrinsicAttributes & GridBaseProps & { sx?: SxProps<Theme> | undefined; } & SystemProps<Theme> & Omit<...>'.
    166 |           {error && <Alert severity="error" sx={{ mb: 2 }}>{error}</Alert>}
    167 |           <Grid container spacing={2} sx={{ mt: 1 }}>
  > 168 |             <Grid item xs={12}>
        |             ^^^^^^^^^^^^^^^^^^^
    169 |               <TextField
    170 |                 fullWidth
    171 |                 label="Nama Lengkap"

ERROR in src/pages/Users.tsx:176:13
TS2769: No overload matches this call.
  Overload 1 of 2, '(props: { component: ElementType<any, keyof IntrinsicElements>; } & GridBaseProps & { sx?: SxProps<Theme> | undefined; } & SystemProps<...> & Omit<...>): Element | null', gave the following error.
    Property 'component' is missing in type '{ children: Element; item: true; xs: number; }' but required in type '{ component: ElementType<any, keyof IntrinsicElements>; }'.
  Overload 2 of 2, '(props: DefaultComponentProps<GridTypeMap<{}, "div">>): Element | null', gave the following error.
    Type '{ children: Element; item: true; xs: number; }' is not assignable to type 'IntrinsicAttributes & GridBaseProps & { sx?: SxProps<Theme> | undefined; } & SystemProps<Theme> & Omit<...>'.
      Property 'item' does not exist on type 'IntrinsicAttributes & GridBaseProps & { sx?: SxProps<Theme> | undefined; } & SystemProps<Theme> & Omit<...>'.
    174 |               />
    175 |             </Grid>
  > 176 |             <Grid item xs={12}>
        |             ^^^^^^^^^^^^^^^^^^^
    177 |               <TextField
    178 |                 fullWidth
    179 |                 label="Email"

ERROR in src/pages/Users.tsx:185:13
TS2769: No overload matches this call.
  Overload 1 of 2, '(props: { component: ElementType<any, keyof IntrinsicElements>; } & GridBaseProps & { sx?: SxProps<Theme> | undefined; } & SystemProps<...> & Omit<...>): Element | null', gave the following error.
    Property 'component' is missing in type '{ children: Element; item: true; xs: number; }' but required in type '{ component: ElementType<any, keyof IntrinsicElements>; }'.
  Overload 2 of 2, '(props: DefaultComponentProps<GridTypeMap<{}, "div">>): Element | null', gave the following error.
    Type '{ children: Element; item: true; xs: number; }' is not assignable to type 'IntrinsicAttributes & GridBaseProps & { sx?: SxProps<Theme> | undefined; } & SystemProps<Theme> & Omit<...>'.
      Property 'item' does not exist on type 'IntrinsicAttributes & GridBaseProps & { sx?: SxProps<Theme> | undefined; } & SystemProps<Theme> & Omit<...>'.
    183 |               />
    184 |             </Grid>
  > 185 |             <Grid item xs={12}>
        |             ^^^^^^^^^^^^^^^^^^^
    186 |               <TextField
    187 |                 fullWidth
    188 |                 label="Password"

ERROR in src/pages/Users.tsx:194:13
TS2769: No overload matches this call.
  Overload 1 of 2, '(props: { component: ElementType<any, keyof IntrinsicElements>; } & GridBaseProps & { sx?: SxProps<Theme> | undefined; } & SystemProps<...> & Omit<...>): Element | null', gave the following error.
    Property 'component' is missing in type '{ children: Element; item: true; xs: number; }' but required in type '{ component: ElementType<any, keyof IntrinsicElements>; }'.
  Overload 2 of 2, '(props: DefaultComponentProps<GridTypeMap<{}, "div">>): Element | null', gave the following error.
    Type '{ children: Element; item: true; xs: number; }' is not assignable to type 'IntrinsicAttributes & GridBaseProps & { sx?: SxProps<Theme> | undefined; } & SystemProps<Theme> & Omit<...>'.
      Property 'item' does not exist on type 'IntrinsicAttributes & GridBaseProps & { sx?: SxProps<Theme> | undefined; } & SystemProps<Theme> & Omit<...>'.
    192 |               />
    193 |             </Grid>
  > 194 |             <Grid item xs={12}>
        |             ^^^^^^^^^^^^^^^^^^^
    195 |               <TextField
    196 |                 fullWidth
    197 |                 select

Compiling...
Compiled with warnings.

[eslint]
src/components/layout/Sidebar.tsx
  Line 11:15:  'BarChartIcon' is defined but never used  @typescript-eslint/no-unused-vars

src/pages/ActivityLogs.tsx
  Line 6:24:  'AssignmentIcon' is defined but never used  @typescript-eslint/no-unused-vars

src/pages/Dashboard.tsx
  Line 4:26:   'Paper' is defined but never used                  @typescript-eslint/no-unused-vars
  Line 11:24:  'FiberManualRecordIcon' is defined but never used  @typescript-eslint/no-unused-vars
  Line 12:15:  'TimelineIcon' is defined but never used           @typescript-eslint/no-unused-vars
  Line 13:12:  'SpeedIcon' is defined but never used              @typescript-eslint/no-unused-vars
  Line 14:14:  'HistoryIcon' is defined but never used            @typescript-eslint/no-unused-vars

src/pages/MRIAnalysis.tsx
  Line 4:28:   'Chip' is defined but never used      @typescript-eslint/no-unused-vars
  Line 11:11:  'InfoIcon' is defined but never used  @typescript-eslint/no-unused-vars

src/pages/Patients.tsx
  Line 6:52:  'Grid' is defined but never used  @typescript-eslint/no-unused-vars

src/pages/Permissions.tsx
  Line 2:22:  'Paper' is defined but never used  @typescript-eslint/no-unused-vars

src/pages/Users.tsx
  Line 22:3:  'Card' is defined but never used  @typescript-eslint/no-unused-vars

Search for the keywords to learn more about each warning.
To ignore, add // eslint-disable-next-line to the line before.

WARNING in [eslint]
src/components/layout/Sidebar.tsx
  Line 11:15:  'BarChartIcon' is defined but never used  @typescript-eslint/no-unused-vars

src/pages/ActivityLogs.tsx
  Line 6:24:  'AssignmentIcon' is defined but never used  @typescript-eslint/no-unused-vars

src/pages/Dashboard.tsx
  Line 4:26:   'Paper' is defined but never used                  @typescript-eslint/no-unused-vars
  Line 11:24:  'FiberManualRecordIcon' is defined but never used  @typescript-eslint/no-unused-vars
  Line 12:15:  'TimelineIcon' is defined but never used           @typescript-eslint/no-unused-vars
  Line 13:12:  'SpeedIcon' is defined but never used              @typescript-eslint/no-unused-vars
  Line 14:14:  'HistoryIcon' is defined but never used            @typescript-eslint/no-unused-vars

src/pages/MRIAnalysis.tsx
  Line 4:28:   'Chip' is defined but never used      @typescript-eslint/no-unused-vars
  Line 11:11:  'InfoIcon' is defined but never used  @typescript-eslint/no-unused-vars

src/pages/Patients.tsx
  Line 6:52:  'Grid' is defined but never used  @typescript-eslint/no-unused-vars

src/pages/Permissions.tsx
  Line 2:22:  'Paper' is defined but never used  @typescript-eslint/no-unused-vars

src/pages/Users.tsx
  Line 22:3:  'Card' is defined but never used  @typescript-eslint/no-unused-vars

webpack compiled with 1 warning
ERROR in src/pages/Users.tsx:168:13
TS2769: No overload matches this call.
  Overload 1 of 2, '(props: { component: ElementType<any, keyof IntrinsicElements>; } & GridBaseProps & { sx?: SxProps<Theme> | undefined; } & SystemProps<...> & Omit<...>): Element | null', gave the following error.
    Property 'component' is missing in type '{ children: Element; item: true; xs: number; }' but required in type '{ component: ElementType<any, keyof IntrinsicElements>; }'.
  Overload 2 of 2, '(props: DefaultComponentProps<GridTypeMap<{}, "div">>): Element | null', gave the following error.
    Type '{ children: Element; item: true; xs: number; }' is not assignable to type 'IntrinsicAttributes & GridBaseProps & { sx?: SxProps<Theme> | undefined; } & SystemProps<Theme> & Omit<...>'.
      Property 'item' does not exist on type 'IntrinsicAttributes & GridBaseProps & { sx?: SxProps<Theme> | undefined; } & SystemProps<Theme> & Omit<...>'.
    166 |           {error && <Alert severity="error" sx={{ mb: 2 }}>{error}</Alert>}
    167 |           <Grid container spacing={2} sx={{ mt: 1 }}>
  > 168 |             <Grid item xs={12}>
        |             ^^^^^^^^^^^^^^^^^^^
    169 |               <TextField
    170 |                 fullWidth
    171 |                 label="Nama Lengkap"

ERROR in src/pages/Users.tsx:176:13
TS2769: No overload matches this call.
  Overload 1 of 2, '(props: { component: ElementType<any, keyof IntrinsicElements>; } & GridBaseProps & { sx?: SxProps<Theme> | undefined; } & SystemProps<...> & Omit<...>): Element | null', gave the following error.
    Property 'component' is missing in type '{ children: Element; item: true; xs: number; }' but required in type '{ component: ElementType<any, keyof IntrinsicElements>; }'.
  Overload 2 of 2, '(props: DefaultComponentProps<GridTypeMap<{}, "div">>): Element | null', gave the following error.
    Type '{ children: Element; item: true; xs: number; }' is not assignable to type 'IntrinsicAttributes & GridBaseProps & { sx?: SxProps<Theme> | undefined; } & SystemProps<Theme> & Omit<...>'.
      Property 'item' does not exist on type 'IntrinsicAttributes & GridBaseProps & { sx?: SxProps<Theme> | undefined; } & SystemProps<Theme> & Omit<...>'.
    174 |               />
    175 |             </Grid>
  > 176 |             <Grid item xs={12}>
        |             ^^^^^^^^^^^^^^^^^^^
    177 |               <TextField
    178 |                 fullWidth
    179 |                 label="Email"

ERROR in src/pages/Users.tsx:185:13
TS2769: No overload matches this call.
  Overload 1 of 2, '(props: { component: ElementType<any, keyof IntrinsicElements>; } & GridBaseProps & { sx?: SxProps<Theme> | undefined; } & SystemProps<...> & Omit<...>): Element | null', gave the following error.
    Property 'component' is missing in type '{ children: Element; item: true; xs: number; }' but required in type '{ component: ElementType<any, keyof IntrinsicElements>; }'.
  Overload 2 of 2, '(props: DefaultComponentProps<GridTypeMap<{}, "div">>): Element | null', gave the following error.
    Type '{ children: Element; item: true; xs: number; }' is not assignable to type 'IntrinsicAttributes & GridBaseProps & { sx?: SxProps<Theme> | undefined; } & SystemProps<Theme> & Omit<...>'.
      Property 'item' does not exist on type 'IntrinsicAttributes & GridBaseProps & { sx?: SxProps<Theme> | undefined; } & SystemProps<Theme> & Omit<...>'.
    183 |               />
    184 |             </Grid>
  > 185 |             <Grid item xs={12}>
        |             ^^^^^^^^^^^^^^^^^^^
    186 |               <TextField
    187 |                 fullWidth
    188 |                 label="Password"

ERROR in src/pages/Users.tsx:194:13
TS2769: No overload matches this call.
  Overload 1 of 2, '(props: { component: ElementType<any, keyof IntrinsicElements>; } & GridBaseProps & { sx?: SxProps<Theme> | undefined; } & SystemProps<...> & Omit<...>): Element | null', gave the following error.
    Property 'component' is missing in type '{ children: Element; item: true; xs: number; }' but required in type '{ component: ElementType<any, keyof IntrinsicElements>; }'.
  Overload 2 of 2, '(props: DefaultComponentProps<GridTypeMap<{}, "div">>): Element | null', gave the following error.
    Type '{ children: Element; item: true; xs: number; }' is not assignable to type 'IntrinsicAttributes & GridBaseProps & { sx?: SxProps<Theme> | undefined; } & SystemProps<Theme> & Omit<...>'.
      Property 'item' does not exist on type 'IntrinsicAttributes & GridBaseProps & { sx?: SxProps<Theme> | undefined; } & SystemProps<Theme> & Omit<...>'.
    192 |               />
    193 |             </Grid>
  > 194 |             <Grid item xs={12}>
        |             ^^^^^^^^^^^^^^^^^^^
    195 |               <TextField
    196 |                 fullWidth
    197 |                 select

Compiling...
Compiled with warnings.

[eslint]
src/components/layout/Sidebar.tsx
  Line 11:15:  'BarChartIcon' is defined but never used  @typescript-eslint/no-unused-vars

src/pages/ActivityLogs.tsx
  Line 6:24:  'AssignmentIcon' is defined but never used  @typescript-eslint/no-unused-vars

src/pages/Dashboard.tsx
  Line 4:26:   'Paper' is defined but never used                  @typescript-eslint/no-unused-vars
  Line 11:24:  'FiberManualRecordIcon' is defined but never used  @typescript-eslint/no-unused-vars
  Line 12:15:  'TimelineIcon' is defined but never used           @typescript-eslint/no-unused-vars
  Line 13:12:  'SpeedIcon' is defined but never used              @typescript-eslint/no-unused-vars
  Line 14:14:  'HistoryIcon' is defined but never used            @typescript-eslint/no-unused-vars

src/pages/MRIAnalysis.tsx
  Line 4:28:   'Chip' is defined but never used      @typescript-eslint/no-unused-vars
  Line 11:11:  'InfoIcon' is defined but never used  @typescript-eslint/no-unused-vars

src/pages/Patients.tsx
  Line 6:52:  'Grid' is defined but never used  @typescript-eslint/no-unused-vars

src/pages/Permissions.tsx
  Line 2:22:  'Paper' is defined but never used  @typescript-eslint/no-unused-vars

src/pages/Users.tsx
  Line 22:3:  'Card' is defined but never used  @typescript-eslint/no-unused-vars

Search for the keywords to learn more about each warning.
To ignore, add // eslint-disable-next-line to the line before.

WARNING in [eslint]
src/components/layout/Sidebar.tsx
  Line 11:15:  'BarChartIcon' is defined but never used  @typescript-eslint/no-unused-vars

src/pages/ActivityLogs.tsx
  Line 6:24:  'AssignmentIcon' is defined but never used  @typescript-eslint/no-unused-vars

src/pages/Dashboard.tsx
  Line 4:26:   'Paper' is defined but never used                  @typescript-eslint/no-unused-vars
  Line 11:24:  'FiberManualRecordIcon' is defined but never used  @typescript-eslint/no-unused-vars
  Line 12:15:  'TimelineIcon' is defined but never used           @typescript-eslint/no-unused-vars
  Line 13:12:  'SpeedIcon' is defined but never used              @typescript-eslint/no-unused-vars
  Line 14:14:  'HistoryIcon' is defined but never used            @typescript-eslint/no-unused-vars

src/pages/MRIAnalysis.tsx
  Line 4:28:   'Chip' is defined but never used      @typescript-eslint/no-unused-vars
  Line 11:11:  'InfoIcon' is defined but never used  @typescript-eslint/no-unused-vars

src/pages/Patients.tsx
  Line 6:52:  'Grid' is defined but never used  @typescript-eslint/no-unused-vars

src/pages/Permissions.tsx
  Line 2:22:  'Paper' is defined but never used  @typescript-eslint/no-unused-vars

src/pages/Users.tsx
  Line 22:3:  'Card' is defined but never used  @typescript-eslint/no-unused-vars

webpack compiled with 1 warning
ERROR in src/pages/Monitoring.tsx
TS1127: Invalid character.

ERROR in src/pages/Monitoring.tsx
TS1160: Unterminated template literal.

ERROR in src/pages/Monitoring.tsx:44:19
TS2349: This expression is not callable.
  Type '{ time: any; }' has no call signatures.
    42 |       const data = [];
    43 |       for (let i = 0; i < 20; i++) {
  > 44 |         data.push({
       |                   ^
  > 45 |           time: \`12:\${i < 10 ? '0' + i : i}\`,
       | ^^^^^^^^^^^^^^^^^^
    46 |           cpu: Math.floor(Math.random() * 30) + 20,
    47 |           memory: Math.floor(Math.random() * 20) + 40,
    48 |         });

ERROR in src/pages/Monitoring.tsx:45:18
TS1136: Property assignment expected.
     43 |       for (let i = 0; i < 20; i++) {
     44 |         data.push({
  >  45 |           time: \`12:\${i < 10 ? '0' + i : i}\`,
        |                  ^^^^^^^^^^^^^^^^^^^^^^^^^^^^^^^
  >  46 |           cpu: Math.floor(Math.random() * 30) + 20,
        | ^^^^^^^^^^^^^^^^^^^^^^^^^^^^^^^^^^^^^^^^^^^^^^^^^^^
  >  47 |           memory: Math.floor(Math.random() * 20) + 40,
        | ^^^^^^^^^^^^^^^^^^^^^^^^^^^^^^^^^^^^^^^^^^^^^^^^^^^
  >  48 |         });
        | ^^^^^^^^^^^^^^^^^^^^^^^^^^^^^^^^^^^^^^^^^^^^^^^^^^^
  >  49 |       }
        | ^^^^^^^^^^^^^^^^^^^^^^^^^^^^^^^^^^^^^^^^^^^^^^^^^^^
  >  50 |       setMetrics(data);
        | ^^^^^^^^^^^^^^^^^^^^^^^^^^^^^^^^^^^^^^^^^^^^^^^^^^^
  >  51 |     };
        | ^^^^^^^^^^^^^^^^^^^^^^^^^^^^^^^^^^^^^^^^^^^^^^^^^^^
  >  52 |     generateData();
        | ^^^^^^^^^^^^^^^^^^^^^^^^^^^^^^^^^^^^^^^^^^^^^^^^^^^
  >  53 |     const interval = setInterval(() => {
        | ^^^^^^^^^^^^^^^^^^^^^^^^^^^^^^^^^^^^^^^^^^^^^^^^^^^
  >  54 |       setMetrics(prev => {
        | ^^^^^^^^^^^^^^^^^^^^^^^^^^^^^^^^^^^^^^^^^^^^^^^^^^^
  >  55 |         const newEntry = {
        | ^^^^^^^^^^^^^^^^^^^^^^^^^^^^^^^^^^^^^^^^^^^^^^^^^^^
  >  56 |           time: new Date().toLocaleTimeString([], { hour: '2-digit', minute: '2-digit', second: '2-digit' }),
        | ^^^^^^^^^^^^^^^^^^^^^^^^^^^^^^^^^^^^^^^^^^^^^^^^^^^
  >  57 |           cpu: Math.floor(Math.random() * 30) + 20,
        | ^^^^^^^^^^^^^^^^^^^^^^^^^^^^^^^^^^^^^^^^^^^^^^^^^^^
  >  58 |           memory: Math.floor(Math.random() * 20) + 40,
        | ^^^^^^^^^^^^^^^^^^^^^^^^^^^^^^^^^^^^^^^^^^^^^^^^^^^
  >  59 |         };
        | ^^^^^^^^^^^^^^^^^^^^^^^^^^^^^^^^^^^^^^^^^^^^^^^^^^^
  >  60 |         return [...prev.slice(1), newEntry];
        | ^^^^^^^^^^^^^^^^^^^^^^^^^^^^^^^^^^^^^^^^^^^^^^^^^^^
  >  61 |       });
        | ^^^^^^^^^^^^^^^^^^^^^^^^^^^^^^^^^^^^^^^^^^^^^^^^^^^
  >  62 |     }, 3000);
        | ^^^^^^^^^^^^^^^^^^^^^^^^^^^^^^^^^^^^^^^^^^^^^^^^^^^
  >  63 |     return () => clearInterval(interval);
        | ^^^^^^^^^^^^^^^^^^^^^^^^^^^^^^^^^^^^^^^^^^^^^^^^^^^
  >  64 |   }, []);
        | ^^^^^^^^^^^^^^^^^^^^^^^^^^^^^^^^^^^^^^^^^^^^^^^^^^^
  >  65 |
        | ^^^^^^^^^^^^^^^^^^^^^^^^^^^^^^^^^^^^^^^^^^^^^^^^^^^
  >  66 |   const services = [
        | ^^^^^^^^^^^^^^^^^^^^^^^^^^^^^^^^^^^^^^^^^^^^^^^^^^^
  >  67 |     { name: 'API Gateway', status: 'Healthy', uptime: '14d 2h', load: 15 },
        | ^^^^^^^^^^^^^^^^^^^^^^^^^^^^^^^^^^^^^^^^^^^^^^^^^^^
  >  68 |     { name: 'ML Inference', status: 'Healthy', uptime: '14d 2h', load: 68 },
        | ^^^^^^^^^^^^^^^^^^^^^^^^^^^^^^^^^^^^^^^^^^^^^^^^^^^
  >  69 |     { name: 'PostgreSQL', status: 'Healthy', uptime: '45d 8h', load: 8 },
        | ^^^^^^^^^^^^^^^^^^^^^^^^^^^^^^^^^^^^^^^^^^^^^^^^^^^
  >  70 |     { name: 'Redis Cache', status: 'Healthy', uptime: '120d 5h', load: 2 },
        | ^^^^^^^^^^^^^^^^^^^^^^^^^^^^^^^^^^^^^^^^^^^^^^^^^^^
  >  71 |   ];
        | ^^^^^^^^^^^^^^^^^^^^^^^^^^^^^^^^^^^^^^^^^^^^^^^^^^^
  >  72 |
        | ^^^^^^^^^^^^^^^^^^^^^^^^^^^^^^^^^^^^^^^^^^^^^^^^^^^
  >  73 |   return (
        | ^^^^^^^^^^^^^^^^^^^^^^^^^^^^^^^^^^^^^^^^^^^^^^^^^^^
  >  74 |     <Box>
        | ^^^^^^^^^^^^^^^^^^^^^^^^^^^^^^^^^^^^^^^^^^^^^^^^^^^
  >  75 |       <Box mb={4}>
        | ^^^^^^^^^^^^^^^^^^^^^^^^^^^^^^^^^^^^^^^^^^^^^^^^^^^
  >  76 |         <Typography variant="h4" fontWeight="bold">System Monitoring</Typography>
        | ^^^^^^^^^^^^^^^^^^^^^^^^^^^^^^^^^^^^^^^^^^^^^^^^^^^
  >  77 |         <Typography variant="body2" color="text.secondary">Real-time health status of Bumame AI infrastructure.</Typography>
        | ^^^^^^^^^^^^^^^^^^^^^^^^^^^^^^^^^^^^^^^^^^^^^^^^^^^
  >  78 |       </Box>
        | ^^^^^^^^^^^^^^^^^^^^^^^^^^^^^^^^^^^^^^^^^^^^^^^^^^^
  >  79 |
        | ^^^^^^^^^^^^^^^^^^^^^^^^^^^^^^^^^^^^^^^^^^^^^^^^^^^
  >  80 |       {/* Top Cards */}
        | ^^^^^^^^^^^^^^^^^^^^^^^^^^^^^^^^^^^^^^^^^^^^^^^^^^^
  >  81 |       <Grid container spacing={3} mb={4}>
        | ^^^^^^^^^^^^^^^^^^^^^^^^^^^^^^^^^^^^^^^^^^^^^^^^^^^
  >  82 |         <Grid size={{ xs: 12, sm: 6, lg: 3 }}>
        | ^^^^^^^^^^^^^^^^^^^^^^^^^^^^^^^^^^^^^^^^^^^^^^^^^^^
  >  83 |           <Card sx={{ borderRadius: 4, bgcolor: '#135bec', color: 'white' }}>
        | ^^^^^^^^^^^^^^^^^^^^^^^^^^^^^^^^^^^^^^^^^^^^^^^^^^^
  >  84 |             <CardContent>
        | ^^^^^^^^^^^^^^^^^^^^^^^^^^^^^^^^^^^^^^^^^^^^^^^^^^^
  >  85 |               <Stack direction="row" justifyContent="space-between" mb={2}>
        | ^^^^^^^^^^^^^^^^^^^^^^^^^^^^^^^^^^^^^^^^^^^^^^^^^^^
  >  86 |                 <Typography variant="subtitle2">System Uptime</Typography>
        | ^^^^^^^^^^^^^^^^^^^^^^^^^^^^^^^^^^^^^^^^^^^^^^^^^^^
  >  87 |                 <CloudDoneIcon />
        | ^^^^^^^^^^^^^^^^^^^^^^^^^^^^^^^^^^^^^^^^^^^^^^^^^^^
  >  88 |               </Stack>
        | ^^^^^^^^^^^^^^^^^^^^^^^^^^^^^^^^^^^^^^^^^^^^^^^^^^^
  >  89 |               <Typography variant="h4" fontWeight="bold">99.98%</Typography>
        | ^^^^^^^^^^^^^^^^^^^^^^^^^^^^^^^^^^^^^^^^^^^^^^^^^^^
  >  90 |               <Typography variant="caption">Active for 142 days</Typography>
        | ^^^^^^^^^^^^^^^^^^^^^^^^^^^^^^^^^^^^^^^^^^^^^^^^^^^
  >  91 |             </CardContent>
        | ^^^^^^^^^^^^^^^^^^^^^^^^^^^^^^^^^^^^^^^^^^^^^^^^^^^
  >  92 |           </Card>
        | ^^^^^^^^^^^^^^^^^^^^^^^^^^^^^^^^^^^^^^^^^^^^^^^^^^^
  >  93 |         </Grid>
        | ^^^^^^^^^^^^^^^^^^^^^^^^^^^^^^^^^^^^^^^^^^^^^^^^^^^
  >  94 |         <Grid size={{ xs: 12, sm: 6, lg: 3 }}>
        | ^^^^^^^^^^^^^^^^^^^^^^^^^^^^^^^^^^^^^^^^^^^^^^^^^^^
  >  95 |           <Card sx={{ borderRadius: 4 }}>
        | ^^^^^^^^^^^^^^^^^^^^^^^^^^^^^^^^^^^^^^^^^^^^^^^^^^^
  >  96 |             <CardContent>
        | ^^^^^^^^^^^^^^^^^^^^^^^^^^^^^^^^^^^^^^^^^^^^^^^^^^^
  >  97 |               <Stack direction="row" justifyContent="space-between" mb={2}>
        | ^^^^^^^^^^^^^^^^^^^^^^^^^^^^^^^^^^^^^^^^^^^^^^^^^^^
  >  98 |                 <Typography variant="subtitle2" color="text.secondary">Avg. Latency</Typography>
        | ^^^^^^^^^^^^^^^^^^^^^^^^^^^^^^^^^^^^^^^^^^^^^^^^^^^
  >  99 |                 <FlashOnIcon color="warning" />
        | ^^^^^^^^^^^^^^^^^^^^^^^^^^^^^^^^^^^^^^^^^^^^^^^^^^^
  > 100 |               </Stack>
        | ^^^^^^^^^^^^^^^^^^^^^^^^^^^^^^^^^^^^^^^^^^^^^^^^^^^
  > 101 |               <Typography variant="h4" fontWeight="bold">1.2s</Typography>
        | ^^^^^^^^^^^^^^^^^^^^^^^^^^^^^^^^^^^^^^^^^^^^^^^^^^^
  > 102 |               <Typography variant="caption" color="text.secondary">ML Inference delay</Typography>
        | ^^^^^^^^^^^^^^^^^^^^^^^^^^^^^^^^^^^^^^^^^^^^^^^^^^^
  > 103 |             </CardContent>
        | ^^^^^^^^^^^^^^^^^^^^^^^^^^^^^^^^^^^^^^^^^^^^^^^^^^^
  > 104 |           </Card>
        | ^^^^^^^^^^^^^^^^^^^^^^^^^^^^^^^^^^^^^^^^^^^^^^^^^^^
  > 105 |         </Grid>
        | ^^^^^^^^^^^^^^^^^^^^^^^^^^^^^^^^^^^^^^^^^^^^^^^^^^^
  > 106 |         <Grid size={{ xs: 12, sm: 6, lg: 3 }}>
        | ^^^^^^^^^^^^^^^^^^^^^^^^^^^^^^^^^^^^^^^^^^^^^^^^^^^
  > 107 |           <Card sx={{ borderRadius: 4 }}>
        | ^^^^^^^^^^^^^^^^^^^^^^^^^^^^^^^^^^^^^^^^^^^^^^^^^^^
  > 108 |             <CardContent>
        | ^^^^^^^^^^^^^^^^^^^^^^^^^^^^^^^^^^^^^^^^^^^^^^^^^^^
  > 109 |               <Stack direction="row" justifyContent="space-between" mb={2}>
        | ^^^^^^^^^^^^^^^^^^^^^^^^^^^^^^^^^^^^^^^^^^^^^^^^^^^
  > 110 |                 <Typography variant="subtitle2" color="text.secondary">CPU Usage</Typography>
        | ^^^^^^^^^^^^^^^^^^^^^^^^^^^^^^^^^^^^^^^^^^^^^^^^^^^
  > 111 |                 <MemoryIcon color="primary" />
        | ^^^^^^^^^^^^^^^^^^^^^^^^^^^^^^^^^^^^^^^^^^^^^^^^^^^
  > 112 |               </Stack>
        | ^^^^^^^^^^^^^^^^^^^^^^^^^^^^^^^^^^^^^^^^^^^^^^^^^^^
  > 113 |               <Typography variant="h4" fontWeight="bold">{metrics[metrics.length-1]?.cpu || 0}%</Typography>
        | ^^^^^^^^^^^^^^^^^^^^^^^^^^^^^^^^^^^^^^^^^^^^^^^^^^^
  > 114 |               <Typography variant="caption" color="text.secondary">Cluster average</Typography>
        | ^^^^^^^^^^^^^^^^^^^^^^^^^^^^^^^^^^^^^^^^^^^^^^^^^^^
  > 115 |             </CardContent>
        | ^^^^^^^^^^^^^^^^^^^^^^^^^^^^^^^^^^^^^^^^^^^^^^^^^^^
  > 116 |           </Card>
        | ^^^^^^^^^^^^^^^^^^^^^^^^^^^^^^^^^^^^^^^^^^^^^^^^^^^
  > 117 |         </Grid>
        | ^^^^^^^^^^^^^^^^^^^^^^^^^^^^^^^^^^^^^^^^^^^^^^^^^^^
  > 118 |         <Grid size={{ xs: 12, sm: 6, lg: 3 }}>
        | ^^^^^^^^^^^^^^^^^^^^^^^^^^^^^^^^^^^^^^^^^^^^^^^^^^^
  > 119 |           <Card sx={{ borderRadius: 4 }}>
        | ^^^^^^^^^^^^^^^^^^^^^^^^^^^^^^^^^^^^^^^^^^^^^^^^^^^
  > 120 |             <CardContent>
        | ^^^^^^^^^^^^^^^^^^^^^^^^^^^^^^^^^^^^^^^^^^^^^^^^^^^
  > 121 |               <Stack direction="row" justifyContent="space-between" mb={2}>
        | ^^^^^^^^^^^^^^^^^^^^^^^^^^^^^^^^^^^^^^^^^^^^^^^^^^^
  > 122 |                 <Typography variant="subtitle2" color="text.secondary">Disk Ops</Typography>
        | ^^^^^^^^^^^^^^^^^^^^^^^^^^^^^^^^^^^^^^^^^^^^^^^^^^^
  > 123 |                 <StorageIcon color="info" />
        | ^^^^^^^^^^^^^^^^^^^^^^^^^^^^^^^^^^^^^^^^^^^^^^^^^^^
  > 124 |               </Stack>
        | ^^^^^^^^^^^^^^^^^^^^^^^^^^^^^^^^^^^^^^^^^^^^^^^^^^^
  > 125 |               <Typography variant="h4" fontWeight="bold">42MB/s</Typography>
        | ^^^^^^^^^^^^^^^^^^^^^^^^^^^^^^^^^^^^^^^^^^^^^^^^^^^
  > 126 |               <Typography variant="caption" color="text.secondary">Object storage throughput</Typography>
        | ^^^^^^^^^^^^^^^^^^^^^^^^^^^^^^^^^^^^^^^^^^^^^^^^^^^
  > 127 |             </CardContent>
        | ^^^^^^^^^^^^^^^^^^^^^^^^^^^^^^^^^^^^^^^^^^^^^^^^^^^
  > 128 |           </Card>
        | ^^^^^^^^^^^^^^^^^^^^^^^^^^^^^^^^^^^^^^^^^^^^^^^^^^^
  > 129 |         </Grid>
        | ^^^^^^^^^^^^^^^^^^^^^^^^^^^^^^^^^^^^^^^^^^^^^^^^^^^
  > 130 |       </Grid>
        | ^^^^^^^^^^^^^^^^^^^^^^^^^^^^^^^^^^^^^^^^^^^^^^^^^^^
  > 131 |
        | ^^^^^^^^^^^^^^^^^^^^^^^^^^^^^^^^^^^^^^^^^^^^^^^^^^^
  > 132 |       <Grid container spacing={3}>
        | ^^^^^^^^^^^^^^^^^^^^^^^^^^^^^^^^^^^^^^^^^^^^^^^^^^^
  > 133 |         {/* Resource Chart */}
        | ^^^^^^^^^^^^^^^^^^^^^^^^^^^^^^^^^^^^^^^^^^^^^^^^^^^
  > 134 |         <Grid size={{ xs: 12, lg: 8 }}>
        | ^^^^^^^^^^^^^^^^^^^^^^^^^^^^^^^^^^^^^^^^^^^^^^^^^^^
  > 135 |           <Card sx={{ borderRadius: 4, mb: 3 }}>
        | ^^^^^^^^^^^^^^^^^^^^^^^^^^^^^^^^^^^^^^^^^^^^^^^^^^^
  > 136 |             <CardContent>
        | ^^^^^^^^^^^^^^^^^^^^^^^^^^^^^^^^^^^^^^^^^^^^^^^^^^^
  > 137 |               <Typography variant="h6" fontWeight="bold" gutterBottom>Resource Performance (Cluster)</Typography>
        | ^^^^^^^^^^^^^^^^^^^^^^^^^^^^^^^^^^^^^^^^^^^^^^^^^^^
  > 138 |               <Box height={350} mt={2}>
        | ^^^^^^^^^^^^^^^^^^^^^^^^^^^^^^^^^^^^^^^^^^^^^^^^^^^
  > 139 |                 <ResponsiveContainer width="100%" height="100%">
        | ^^^^^^^^^^^^^^^^^^^^^^^^^^^^^^^^^^^^^^^^^^^^^^^^^^^
  > 140 |                   <AreaChart data={metrics}>
        | ^^^^^^^^^^^^^^^^^^^^^^^^^^^^^^^^^^^^^^^^^^^^^^^^^^^
  > 141 |                     <CartesianGrid strokeDasharray="3 3" vertical={false} />
        | ^^^^^^^^^^^^^^^^^^^^^^^^^^^^^^^^^^^^^^^^^^^^^^^^^^^
  > 142 |                     <XAxis dataKey="time" hide />
        | ^^^^^^^^^^^^^^^^^^^^^^^^^^^^^^^^^^^^^^^^^^^^^^^^^^^
  > 143 |                     <YAxis axisLine={false} tickLine={false} fontSize={12} />
        | ^^^^^^^^^^^^^^^^^^^^^^^^^^^^^^^^^^^^^^^^^^^^^^^^^^^
  > 144 |                     <Tooltip />
        | ^^^^^^^^^^^^^^^^^^^^^^^^^^^^^^^^^^^^^^^^^^^^^^^^^^^
  > 145 |                     <Area type="monotone" dataKey="cpu" stroke="#135bec" fill="#135bec" fillOpacity={0.1} name="CPU %" />
        | ^^^^^^^^^^^^^^^^^^^^^^^^^^^^^^^^^^^^^^^^^^^^^^^^^^^
  > 146 |                     <Area type="monotone" dataKey="memory" stroke="#00c49f" fill="#00c49f" fillOpacity={0.1} name="Memory %" />
        | ^^^^^^^^^^^^^^^^^^^^^^^^^^^^^^^^^^^^^^^^^^^^^^^^^^^
  > 147 |                   </AreaChart>
        | ^^^^^^^^^^^^^^^^^^^^^^^^^^^^^^^^^^^^^^^^^^^^^^^^^^^
  > 148 |                 </ResponsiveContainer>
        | ^^^^^^^^^^^^^^^^^^^^^^^^^^^^^^^^^^^^^^^^^^^^^^^^^^^
  > 149 |               </Box>
        | ^^^^^^^^^^^^^^^^^^^^^^^^^^^^^^^^^^^^^^^^^^^^^^^^^^^
  > 150 |             </CardContent>
        | ^^^^^^^^^^^^^^^^^^^^^^^^^^^^^^^^^^^^^^^^^^^^^^^^^^^
  > 151 |           </Card>
        | ^^^^^^^^^^^^^^^^^^^^^^^^^^^^^^^^^^^^^^^^^^^^^^^^^^^
  > 152 |
        | ^^^^^^^^^^^^^^^^^^^^^^^^^^^^^^^^^^^^^^^^^^^^^^^^^^^
  > 153 |           {/* Service List */}
        | ^^^^^^^^^^^^^^^^^^^^^^^^^^^^^^^^^^^^^^^^^^^^^^^^^^^
  > 154 |           <Card sx={{ borderRadius: 4 }}>
        | ^^^^^^^^^^^^^^^^^^^^^^^^^^^^^^^^^^^^^^^^^^^^^^^^^^^
  > 155 |             <CardContent>
        | ^^^^^^^^^^^^^^^^^^^^^^^^^^^^^^^^^^^^^^^^^^^^^^^^^^^
  > 156 |               <Typography variant="h6" fontWeight="bold" gutterBottom>Layanan Microservices</Typography>
        | ^^^^^^^^^^^^^^^^^^^^^^^^^^^^^^^^^^^^^^^^^^^^^^^^^^^
  > 157 |               <List sx={{ mt: 1 }}>
        | ^^^^^^^^^^^^^^^^^^^^^^^^^^^^^^^^^^^^^^^^^^^^^^^^^^^
  > 158 |                 {services.map((s, i) => (
        | ^^^^^^^^^^^^^^^^^^^^^^^^^^^^^^^^^^^^^^^^^^^^^^^^^^^
  > 159 |                   <React.Fragment key={s.name}>
        | ^^^^^^^^^^^^^^^^^^^^^^^^^^^^^^^^^^^^^^^^^^^^^^^^^^^
  > 160 |                     <ListItem sx={{ py: 1.5 }}>
        | ^^^^^^^^^^^^^^^^^^^^^^^^^^^^^^^^^^^^^^^^^^^^^^^^^^^
  > 161 |                       <ListItemIcon>
        | ^^^^^^^^^^^^^^^^^^^^^^^^^^^^^^^^^^^^^^^^^^^^^^^^^^^
  > 162 |                         <CheckCircleIcon color="success" />
        | ^^^^^^^^^^^^^^^^^^^^^^^^^^^^^^^^^^^^^^^^^^^^^^^^^^^
  > 163 |                       </ListItemIcon>
        | ^^^^^^^^^^^^^^^^^^^^^^^^^^^^^^^^^^^^^^^^^^^^^^^^^^^
  > 164 |                       <ListItemText
        | ^^^^^^^^^^^^^^^^^^^^^^^^^^^^^^^^^^^^^^^^^^^^^^^^^^^
  > 165 |                         primary={s.name}
        | ^^^^^^^^^^^^^^^^^^^^^^^^^^^^^^^^^^^^^^^^^^^^^^^^^^^
  > 166 |                         secondary={\`Uptime: \${s.uptime}\`}
        | ^^^^^^^^^^^^^^^^^^^^^^^^^^^^^^^^^^^^^^^^^^^^^^^^^^^
  > 167 |                         primaryTypographyProps={{ fontWeight: 'bold' }}
        | ^^^^^^^^^^^^^^^^^^^^^^^^^^^^^^^^^^^^^^^^^^^^^^^^^^^
  > 168 |                       />
        | ^^^^^^^^^^^^^^^^^^^^^^^^^^^^^^^^^^^^^^^^^^^^^^^^^^^
  > 169 |                       <Box sx={{ minWidth: 100, textAlign: 'right' }}>
        | ^^^^^^^^^^^^^^^^^^^^^^^^^^^^^^^^^^^^^^^^^^^^^^^^^^^
  > 170 |                         <Typography variant="caption" fontWeight="bold" display="block">Load: {s.load}%</Typography>
        | ^^^^^^^^^^^^^^^^^^^^^^^^^^^^^^^^^^^^^^^^^^^^^^^^^^^
  > 171 |                         <LinearProgress variant="determinate" value={s.load} sx={{ height: 4, borderRadius: 2, mt: 0.5 }} />
        | ^^^^^^^^^^^^^^^^^^^^^^^^^^^^^^^^^^^^^^^^^^^^^^^^^^^
  > 172 |                       </Box>
        | ^^^^^^^^^^^^^^^^^^^^^^^^^^^^^^^^^^^^^^^^^^^^^^^^^^^
  > 173 |                     </ListItem>
        | ^^^^^^^^^^^^^^^^^^^^^^^^^^^^^^^^^^^^^^^^^^^^^^^^^^^
  > 174 |                     {i < services.length - 1 && <Divider />}
        | ^^^^^^^^^^^^^^^^^^^^^^^^^^^^^^^^^^^^^^^^^^^^^^^^^^^
  > 175 |                   </React.Fragment>
        | ^^^^^^^^^^^^^^^^^^^^^^^^^^^^^^^^^^^^^^^^^^^^^^^^^^^
  > 176 |                 ))}
        | ^^^^^^^^^^^^^^^^^^^^^^^^^^^^^^^^^^^^^^^^^^^^^^^^^^^
  > 177 |               </List>
        | ^^^^^^^^^^^^^^^^^^^^^^^^^^^^^^^^^^^^^^^^^^^^^^^^^^^
  > 178 |             </CardContent>
        | ^^^^^^^^^^^^^^^^^^^^^^^^^^^^^^^^^^^^^^^^^^^^^^^^^^^
  > 179 |           </Card>
        | ^^^^^^^^^^^^^^^^^^^^^^^^^^^^^^^^^^^^^^^^^^^^^^^^^^^
  > 180 |         </Grid>
        | ^^^^^^^^^^^^^^^^^^^^^^^^^^^^^^^^^^^^^^^^^^^^^^^^^^^
  > 181 |
        | ^^^^^^^^^^^^^^^^^^^^^^^^^^^^^^^^^^^^^^^^^^^^^^^^^^^
  > 182 |         {/* Incidents & Database */}
        | ^^^^^^^^^^^^^^^^^^^^^^^^^^^^^^^^^^^^^^^^^^^^^^^^^^^
  > 183 |         <Grid size={{ xs: 12, lg: 4 }}>
        | ^^^^^^^^^^^^^^^^^^^^^^^^^^^^^^^^^^^^^^^^^^^^^^^^^^^
  > 184 |           <Stack spacing={3}>
        | ^^^^^^^^^^^^^^^^^^^^^^^^^^^^^^^^^^^^^^^^^^^^^^^^^^^
  > 185 |             <Card sx={{ borderRadius: 4 }}>
        | ^^^^^^^^^^^^^^^^^^^^^^^^^^^^^^^^^^^^^^^^^^^^^^^^^^^
  > 186 |               <CardContent>
        | ^^^^^^^^^^^^^^^^^^^^^^^^^^^^^^^^^^^^^^^^^^^^^^^^^^^
  > 187 |                 <Typography variant="h6" fontWeight="bold" gutterBottom>Recent Incidents</Typography>
        | ^^^^^^^^^^^^^^^^^^^^^^^^^^^^^^^^^^^^^^^^^^^^^^^^^^^
  > 188 |                 <Stack spacing={2} mt={2}>
        | ^^^^^^^^^^^^^^^^^^^^^^^^^^^^^^^^^^^^^^^^^^^^^^^^^^^
  > 189 |                   <Box p={2} bgcolor="#fff1f0" borderRadius={3} border="1px solid #ffccc7">
        | ^^^^^^^^^^^^^^^^^^^^^^^^^^^^^^^^^^^^^^^^^^^^^^^^^^^
  > 190 |                     <Stack direction="row" spacing={1} alignItems="center" mb={1}>
        | ^^^^^^^^^^^^^^^^^^^^^^^^^^^^^^^^^^^^^^^^^^^^^^^^^^^
  > 191 |                       <WarningIcon sx={{ color: '#ff4d4f', fontSize: 20 }} />
        | ^^^^^^^^^^^^^^^^^^^^^^^^^^^^^^^^^^^^^^^^^^^^^^^^^^^
  > 192 |                       <Typography variant="subtitle2" fontWeight="bold" color="#a8071a">Model Latency Spike</Typography>
        | ^^^^^^^^^^^^^^^^^^^^^^^^^^^^^^^^^^^^^^^^^^^^^^^^^^^
  > 193 |                     </Stack>
        | ^^^^^^^^^^^^^^^^^^^^^^^^^^^^^^^^^^^^^^^^^^^^^^^^^^^
  > 194 |                     <Typography variant="caption" color="#cf1322" display="block">
        | ^^^^^^^^^^^^^^^^^^^^^^^^^^^^^^^^^^^^^^^^^^^^^^^^^^^
  > 195 |                       Detected 2.5s latency on ML Inference service. Auto-scaled compute node.
        | ^^^^^^^^^^^^^^^^^^^^^^^^^^^^^^^^^^^^^^^^^^^^^^^^^^^
  > 196 |                     </Typography>
        | ^^^^^^^^^^^^^^^^^^^^^^^^^^^^^^^^^^^^^^^^^^^^^^^^^^^
  > 197 |                     <Typography variant="caption" color="text.secondary">14:22 PM</Typography>
        | ^^^^^^^^^^^^^^^^^^^^^^^^^^^^^^^^^^^^^^^^^^^^^^^^^^^
  > 198 |                   </Box>
        | ^^^^^^^^^^^^^^^^^^^^^^^^^^^^^^^^^^^^^^^^^^^^^^^^^^^
  > 199 |                   <Box p={2} bgcolor="#f6ffed" borderRadius={3} border="1px solid #b7eb8f">
        | ^^^^^^^^^^^^^^^^^^^^^^^^^^^^^^^^^^^^^^^^^^^^^^^^^^^
  > 200 |                     <Stack direction="row" spacing={1} alignItems="center" mb={1}>
        | ^^^^^^^^^^^^^^^^^^^^^^^^^^^^^^^^^^^^^^^^^^^^^^^^^^^
  > 201 |                       <CheckCircleIcon sx={{ color: '#52c41a', fontSize: 20 }} />
        | ^^^^^^^^^^^^^^^^^^^^^^^^^^^^^^^^^^^^^^^^^^^^^^^^^^^
  > 202 |                       <Typography variant="subtitle2" fontWeight="bold" color="#237804">Daily Backup Verified</Typography>
        | ^^^^^^^^^^^^^^^^^^^^^^^^^^^^^^^^^^^^^^^^^^^^^^^^^^^
  > 203 |                     </Stack>
        | ^^^^^^^^^^^^^^^^^^^^^^^^^^^^^^^^^^^^^^^^^^^^^^^^^^^
  > 204 |                     <Typography variant="caption" color="#389e0d" display="block">
        | ^^^^^^^^^^^^^^^^^^^^^^^^^^^^^^^^^^^^^^^^^^^^^^^^^^^
  > 205 |                       Encrypted backup stored in S3 Singapore region.
        | ^^^^^^^^^^^^^^^^^^^^^^^^^^^^^^^^^^^^^^^^^^^^^^^^^^^
  > 206 |                     </Typography>
        | ^^^^^^^^^^^^^^^^^^^^^^^^^^^^^^^^^^^^^^^^^^^^^^^^^^^
  > 207 |                     <Typography variant="caption" color="text.secondary">02:00 AM</Typography>
        | ^^^^^^^^^^^^^^^^^^^^^^^^^^^^^^^^^^^^^^^^^^^^^^^^^^^
  > 208 |                   </Box>
        | ^^^^^^^^^^^^^^^^^^^^^^^^^^^^^^^^^^^^^^^^^^^^^^^^^^^
  > 209 |                 </Stack>
        | ^^^^^^^^^^^^^^^^^^^^^^^^^^^^^^^^^^^^^^^^^^^^^^^^^^^
  > 210 |               </CardContent>
        | ^^^^^^^^^^^^^^^^^^^^^^^^^^^^^^^^^^^^^^^^^^^^^^^^^^^
  > 211 |             </Card>
        | ^^^^^^^^^^^^^^^^^^^^^^^^^^^^^^^^^^^^^^^^^^^^^^^^^^^
  > 212 |
        | ^^^^^^^^^^^^^^^^^^^^^^^^^^^^^^^^^^^^^^^^^^^^^^^^^^^
  > 213 |             <Card sx={{ borderRadius: 4 }}>
        | ^^^^^^^^^^^^^^^^^^^^^^^^^^^^^^^^^^^^^^^^^^^^^^^^^^^
  > 214 |               <CardContent>
        | ^^^^^^^^^^^^^^^^^^^^^^^^^^^^^^^^^^^^^^^^^^^^^^^^^^^
  > 215 |                  <Typography variant="h6" fontWeight="bold" gutterBottom>Data API Health</Typography>
        | ^^^^^^^^^^^^^^^^^^^^^^^^^^^^^^^^^^^^^^^^^^^^^^^^^^^
  > 216 |                  <Stack spacing={2} mt={2}>
        | ^^^^^^^^^^^^^^^^^^^^^^^^^^^^^^^^^^^^^^^^^^^^^^^^^^^
  > 217 |                    <Box>
        | ^^^^^^^^^^^^^^^^^^^^^^^^^^^^^^^^^^^^^^^^^^^^^^^^^^^
  > 218 |                      <Typography variant="caption" color="text.secondary">Query Cache Hit Rate</Typography>
        | ^^^^^^^^^^^^^^^^^^^^^^^^^^^^^^^^^^^^^^^^^^^^^^^^^^^
  > 219 |                      <Typography variant="h5" fontWeight="bold">92%</Typography>
        | ^^^^^^^^^^^^^^^^^^^^^^^^^^^^^^^^^^^^^^^^^^^^^^^^^^^
  > 220 |                    </Box>
        | ^^^^^^^^^^^^^^^^^^^^^^^^^^^^^^^^^^^^^^^^^^^^^^^^^^^
  > 221 |                    <Divider />
        | ^^^^^^^^^^^^^^^^^^^^^^^^^^^^^^^^^^^^^^^^^^^^^^^^^^^
  > 222 |                    <Box>
        | ^^^^^^^^^^^^^^^^^^^^^^^^^^^^^^^^^^^^^^^^^^^^^^^^^^^
  > 223 |                      <Typography variant="caption" color="text.secondary">Active Connections</Typography>
        | ^^^^^^^^^^^^^^^^^^^^^^^^^^^^^^^^^^^^^^^^^^^^^^^^^^^
  > 224 |                      <Typography variant="h5" fontWeight="bold">12 / 100</Typography>
        | ^^^^^^^^^^^^^^^^^^^^^^^^^^^^^^^^^^^^^^^^^^^^^^^^^^^
  > 225 |                    </Box>
        | ^^^^^^^^^^^^^^^^^^^^^^^^^^^^^^^^^^^^^^^^^^^^^^^^^^^
  > 226 |                  </Stack>
        | ^^^^^^^^^^^^^^^^^^^^^^^^^^^^^^^^^^^^^^^^^^^^^^^^^^^
  > 227 |               </CardContent>
        | ^^^^^^^^^^^^^^^^^^^^^^^^^^^^^^^^^^^^^^^^^^^^^^^^^^^
  > 228 |             </Card>
        | ^^^^^^^^^^^^^^^^^^^^^^^^^^^^^^^^^^^^^^^^^^^^^^^^^^^
  > 229 |           </Stack>
        | ^^^^^^^^^^^^^^^^^^^^^^^^^^^^^^^^^^^^^^^^^^^^^^^^^^^
  > 230 |         </Grid>
        | ^^^^^^^^^^^^^^^^^^^^^^^^^^^^^^^^^^^^^^^^^^^^^^^^^^^
  > 231 |       </Grid>
        | ^^^^^^^^^^^^^^^^^^^^^^^^^^^^^^^^^^^^^^^^^^^^^^^^^^^
  > 232 |     </Box>
        | ^^^^^^^^^^^^^^^^^^^^^^^^^^^^^^^^^^^^^^^^^^^^^^^^^^^
  > 233 |   );
        | ^^^^^^^^^^^^^^^^^^^^^^^^^^^^^^^^^^^^^^^^^^^^^^^^^^^
  > 234 | };
        | ^^^^^^^^^^^^^^^^^^^^^^^^^^^^^^^^^^^^^^^^^^^^^^^^^^^
  > 235 |
        | ^^^^^^^^^^^^^^^^^^^^^^^^^^^^^^^^^^^^^^^^^^^^^^^^^^^
  > 236 | export default Monitoring;
        | ^^^^^^^^^^^^^^^^^^^^^^^^^^^^^^^^^^^^^^^^^^^^^^^^^^^
  > 237 |
        | ^

ERROR in src/pages/Users.tsx:168:13
TS2769: No overload matches this call.
  Overload 1 of 2, '(props: { component: ElementType<any, keyof IntrinsicElements>; } & GridBaseProps & { sx?: SxProps<Theme> | undefined; } & SystemProps<...> & Omit<...>): Element | null', gave the following error.
    Property 'component' is missing in type '{ children: Element; item: true; xs: number; }' but required in type '{ component: ElementType<any, keyof IntrinsicElements>; }'.
  Overload 2 of 2, '(props: DefaultComponentProps<GridTypeMap<{}, "div">>): Element | null', gave the following error.
    Type '{ children: Element; item: true; xs: number; }' is not assignable to type 'IntrinsicAttributes & GridBaseProps & { sx?: SxProps<Theme> | undefined; } & SystemProps<Theme> & Omit<...>'.
      Property 'item' does not exist on type 'IntrinsicAttributes & GridBaseProps & { sx?: SxProps<Theme> | undefined; } & SystemProps<Theme> & Omit<...>'.
    166 |           {error && <Alert severity="error" sx={{ mb: 2 }}>{error}</Alert>}
    167 |           <Grid container spacing={2} sx={{ mt: 1 }}>
  > 168 |             <Grid item xs={12}>
        |             ^^^^^^^^^^^^^^^^^^^
    169 |               <TextField
    170 |                 fullWidth
    171 |                 label="Nama Lengkap"

ERROR in src/pages/Users.tsx:176:13
TS2769: No overload matches this call.
  Overload 1 of 2, '(props: { component: ElementType<any, keyof IntrinsicElements>; } & GridBaseProps & { sx?: SxProps<Theme> | undefined; } & SystemProps<...> & Omit<...>): Element | null', gave the following error.
    Property 'component' is missing in type '{ children: Element; item: true; xs: number; }' but required in type '{ component: ElementType<any, keyof IntrinsicElements>; }'.
  Overload 2 of 2, '(props: DefaultComponentProps<GridTypeMap<{}, "div">>): Element | null', gave the following error.
    Type '{ children: Element; item: true; xs: number; }' is not assignable to type 'IntrinsicAttributes & GridBaseProps & { sx?: SxProps<Theme> | undefined; } & SystemProps<Theme> & Omit<...>'.
      Property 'item' does not exist on type 'IntrinsicAttributes & GridBaseProps & { sx?: SxProps<Theme> | undefined; } & SystemProps<Theme> & Omit<...>'.
    174 |               />
    175 |             </Grid>
  > 176 |             <Grid item xs={12}>
        |             ^^^^^^^^^^^^^^^^^^^
    177 |               <TextField
    178 |                 fullWidth
    179 |                 label="Email"

ERROR in src/pages/Users.tsx:185:13
TS2769: No overload matches this call.
  Overload 1 of 2, '(props: { component: ElementType<any, keyof IntrinsicElements>; } & GridBaseProps & { sx?: SxProps<Theme> | undefined; } & SystemProps<...> & Omit<...>): Element | null', gave the following error.
    Property 'component' is missing in type '{ children: Element; item: true; xs: number; }' but required in type '{ component: ElementType<any, keyof IntrinsicElements>; }'.
  Overload 2 of 2, '(props: DefaultComponentProps<GridTypeMap<{}, "div">>): Element | null', gave the following error.
    Type '{ children: Element; item: true; xs: number; }' is not assignable to type 'IntrinsicAttributes & GridBaseProps & { sx?: SxProps<Theme> | undefined; } & SystemProps<Theme> & Omit<...>'.
      Property 'item' does not exist on type 'IntrinsicAttributes & GridBaseProps & { sx?: SxProps<Theme> | undefined; } & SystemProps<Theme> & Omit<...>'.
    183 |               />
    184 |             </Grid>
  > 185 |             <Grid item xs={12}>
        |             ^^^^^^^^^^^^^^^^^^^
    186 |               <TextField
    187 |                 fullWidth
    188 |                 label="Password"

ERROR in src/pages/Users.tsx:194:13
TS2769: No overload matches this call.
  Overload 1 of 2, '(props: { component: ElementType<any, keyof IntrinsicElements>; } & GridBaseProps & { sx?: SxProps<Theme> | undefined; } & SystemProps<...> & Omit<...>): Element | null', gave the following error.
    Property 'component' is missing in type '{ children: Element; item: true; xs: number; }' but required in type '{ component: ElementType<any, keyof IntrinsicElements>; }'.
  Overload 2 of 2, '(props: DefaultComponentProps<GridTypeMap<{}, "div">>): Element | null', gave the following error.
    Type '{ children: Element; item: true; xs: number; }' is not assignable to type 'IntrinsicAttributes & GridBaseProps & { sx?: SxProps<Theme> | undefined; } & SystemProps<Theme> & Omit<...>'.
      Property 'item' does not exist on type 'IntrinsicAttributes & GridBaseProps & { sx?: SxProps<Theme> | undefined; } & SystemProps<Theme> & Omit<...>'.
    192 |               />
    193 |             </Grid>
  > 194 |             <Grid item xs={12}>
        |             ^^^^^^^^^^^^^^^^^^^
    195 |               <TextField
    196 |                 fullWidth
    197 |                 select

Compiling...
Failed to compile.

[eslint]
src/pages/Patients.tsx
  Line 183:18:  'MenuItem' is not defined  react/jsx-no-undef
  Line 184:18:  'MenuItem' is not defined  react/jsx-no-undef

Search for the keywords to learn more about each error.
WARNING in [eslint]
src/components/layout/Sidebar.tsx
  Line 11:15:  'BarChartIcon' is defined but never used  @typescript-eslint/no-unused-vars

src/pages/ActivityLogs.tsx
  Line 6:24:  'AssignmentIcon' is defined but never used  @typescript-eslint/no-unused-vars

src/pages/Dashboard.tsx
  Line 4:26:   'Paper' is defined but never used                  @typescript-eslint/no-unused-vars
  Line 11:24:  'FiberManualRecordIcon' is defined but never used  @typescript-eslint/no-unused-vars
  Line 12:15:  'TimelineIcon' is defined but never used           @typescript-eslint/no-unused-vars
  Line 13:12:  'SpeedIcon' is defined but never used              @typescript-eslint/no-unused-vars
  Line 14:14:  'HistoryIcon' is defined but never used            @typescript-eslint/no-unused-vars

src/pages/MRIAnalysis.tsx
  Line 4:28:   'Chip' is defined but never used      @typescript-eslint/no-unused-vars
  Line 11:11:  'InfoIcon' is defined but never used  @typescript-eslint/no-unused-vars

src/pages/Permissions.tsx
  Line 2:22:  'Paper' is defined but never used  @typescript-eslint/no-unused-vars

src/pages/Users.tsx
  Line 22:3:  'Card' is defined but never used  @typescript-eslint/no-unused-vars

ERROR in [eslint]
src/pages/Patients.tsx
  Line 183:18:  'MenuItem' is not defined  react/jsx-no-undef
  Line 184:18:  'MenuItem' is not defined  react/jsx-no-undef

Search for the keywords to learn more about each error.

webpack compiled with 1 error and 1 warning
ERROR in src/pages/Monitoring.tsx
TS1127: Invalid character.

ERROR in src/pages/Monitoring.tsx
TS1160: Unterminated template literal.

ERROR in src/pages/Monitoring.tsx:44:19
TS2349: This expression is not callable.
  Type '{ time: any; }' has no call signatures.
    42 |       const data = [];
    43 |       for (let i = 0; i < 20; i++) {
  > 44 |         data.push({
       |                   ^
  > 45 |           time: \`12:\${i < 10 ? '0' + i : i}\`,
       | ^^^^^^^^^^^^^^^^^^
    46 |           cpu: Math.floor(Math.random() * 30) + 20,
    47 |           memory: Math.floor(Math.random() * 20) + 40,
    48 |         });

ERROR in src/pages/Monitoring.tsx:45:18
TS1136: Property assignment expected.
     43 |       for (let i = 0; i < 20; i++) {
     44 |         data.push({
  >  45 |           time: \`12:\${i < 10 ? '0' + i : i}\`,
        |                  ^^^^^^^^^^^^^^^^^^^^^^^^^^^^^^^
  >  46 |           cpu: Math.floor(Math.random() * 30) + 20,
        | ^^^^^^^^^^^^^^^^^^^^^^^^^^^^^^^^^^^^^^^^^^^^^^^^^^^
  >  47 |           memory: Math.floor(Math.random() * 20) + 40,
        | ^^^^^^^^^^^^^^^^^^^^^^^^^^^^^^^^^^^^^^^^^^^^^^^^^^^
  >  48 |         });
        | ^^^^^^^^^^^^^^^^^^^^^^^^^^^^^^^^^^^^^^^^^^^^^^^^^^^
  >  49 |       }
        | ^^^^^^^^^^^^^^^^^^^^^^^^^^^^^^^^^^^^^^^^^^^^^^^^^^^
  >  50 |       setMetrics(data);
        | ^^^^^^^^^^^^^^^^^^^^^^^^^^^^^^^^^^^^^^^^^^^^^^^^^^^
  >  51 |     };
        | ^^^^^^^^^^^^^^^^^^^^^^^^^^^^^^^^^^^^^^^^^^^^^^^^^^^
  >  52 |     generateData();
        | ^^^^^^^^^^^^^^^^^^^^^^^^^^^^^^^^^^^^^^^^^^^^^^^^^^^
  >  53 |     const interval = setInterval(() => {
        | ^^^^^^^^^^^^^^^^^^^^^^^^^^^^^^^^^^^^^^^^^^^^^^^^^^^
  >  54 |       setMetrics(prev => {
        | ^^^^^^^^^^^^^^^^^^^^^^^^^^^^^^^^^^^^^^^^^^^^^^^^^^^
  >  55 |         const newEntry = {
        | ^^^^^^^^^^^^^^^^^^^^^^^^^^^^^^^^^^^^^^^^^^^^^^^^^^^
  >  56 |           time: new Date().toLocaleTimeString([], { hour: '2-digit', minute: '2-digit', second: '2-digit' }),
        | ^^^^^^^^^^^^^^^^^^^^^^^^^^^^^^^^^^^^^^^^^^^^^^^^^^^
  >  57 |           cpu: Math.floor(Math.random() * 30) + 20,
        | ^^^^^^^^^^^^^^^^^^^^^^^^^^^^^^^^^^^^^^^^^^^^^^^^^^^
  >  58 |           memory: Math.floor(Math.random() * 20) + 40,
        | ^^^^^^^^^^^^^^^^^^^^^^^^^^^^^^^^^^^^^^^^^^^^^^^^^^^
  >  59 |         };
        | ^^^^^^^^^^^^^^^^^^^^^^^^^^^^^^^^^^^^^^^^^^^^^^^^^^^
  >  60 |         return [...prev.slice(1), newEntry];
        | ^^^^^^^^^^^^^^^^^^^^^^^^^^^^^^^^^^^^^^^^^^^^^^^^^^^
  >  61 |       });
        | ^^^^^^^^^^^^^^^^^^^^^^^^^^^^^^^^^^^^^^^^^^^^^^^^^^^
  >  62 |     }, 3000);
        | ^^^^^^^^^^^^^^^^^^^^^^^^^^^^^^^^^^^^^^^^^^^^^^^^^^^
  >  63 |     return () => clearInterval(interval);
        | ^^^^^^^^^^^^^^^^^^^^^^^^^^^^^^^^^^^^^^^^^^^^^^^^^^^
  >  64 |   }, []);
        | ^^^^^^^^^^^^^^^^^^^^^^^^^^^^^^^^^^^^^^^^^^^^^^^^^^^
  >  65 |
        | ^^^^^^^^^^^^^^^^^^^^^^^^^^^^^^^^^^^^^^^^^^^^^^^^^^^
  >  66 |   const services = [
        | ^^^^^^^^^^^^^^^^^^^^^^^^^^^^^^^^^^^^^^^^^^^^^^^^^^^
  >  67 |     { name: 'API Gateway', status: 'Healthy', uptime: '14d 2h', load: 15 },
        | ^^^^^^^^^^^^^^^^^^^^^^^^^^^^^^^^^^^^^^^^^^^^^^^^^^^
  >  68 |     { name: 'ML Inference', status: 'Healthy', uptime: '14d 2h', load: 68 },
        | ^^^^^^^^^^^^^^^^^^^^^^^^^^^^^^^^^^^^^^^^^^^^^^^^^^^
  >  69 |     { name: 'PostgreSQL', status: 'Healthy', uptime: '45d 8h', load: 8 },
        | ^^^^^^^^^^^^^^^^^^^^^^^^^^^^^^^^^^^^^^^^^^^^^^^^^^^
  >  70 |     { name: 'Redis Cache', status: 'Healthy', uptime: '120d 5h', load: 2 },
        | ^^^^^^^^^^^^^^^^^^^^^^^^^^^^^^^^^^^^^^^^^^^^^^^^^^^
  >  71 |   ];
        | ^^^^^^^^^^^^^^^^^^^^^^^^^^^^^^^^^^^^^^^^^^^^^^^^^^^
  >  72 |
        | ^^^^^^^^^^^^^^^^^^^^^^^^^^^^^^^^^^^^^^^^^^^^^^^^^^^
  >  73 |   return (
        | ^^^^^^^^^^^^^^^^^^^^^^^^^^^^^^^^^^^^^^^^^^^^^^^^^^^
  >  74 |     <Box>
        | ^^^^^^^^^^^^^^^^^^^^^^^^^^^^^^^^^^^^^^^^^^^^^^^^^^^
  >  75 |       <Box mb={4}>
        | ^^^^^^^^^^^^^^^^^^^^^^^^^^^^^^^^^^^^^^^^^^^^^^^^^^^
  >  76 |         <Typography variant="h4" fontWeight="bold">System Monitoring</Typography>
        | ^^^^^^^^^^^^^^^^^^^^^^^^^^^^^^^^^^^^^^^^^^^^^^^^^^^
  >  77 |         <Typography variant="body2" color="text.secondary">Real-time health status of Bumame AI infrastructure.</Typography>
        | ^^^^^^^^^^^^^^^^^^^^^^^^^^^^^^^^^^^^^^^^^^^^^^^^^^^
  >  78 |       </Box>
        | ^^^^^^^^^^^^^^^^^^^^^^^^^^^^^^^^^^^^^^^^^^^^^^^^^^^
  >  79 |
        | ^^^^^^^^^^^^^^^^^^^^^^^^^^^^^^^^^^^^^^^^^^^^^^^^^^^
  >  80 |       {/* Top Cards */}
        | ^^^^^^^^^^^^^^^^^^^^^^^^^^^^^^^^^^^^^^^^^^^^^^^^^^^
  >  81 |       <Grid container spacing={3} mb={4}>
        | ^^^^^^^^^^^^^^^^^^^^^^^^^^^^^^^^^^^^^^^^^^^^^^^^^^^
  >  82 |         <Grid size={{ xs: 12, sm: 6, lg: 3 }}>
        | ^^^^^^^^^^^^^^^^^^^^^^^^^^^^^^^^^^^^^^^^^^^^^^^^^^^
  >  83 |           <Card sx={{ borderRadius: 4, bgcolor: '#135bec', color: 'white' }}>
        | ^^^^^^^^^^^^^^^^^^^^^^^^^^^^^^^^^^^^^^^^^^^^^^^^^^^
  >  84 |             <CardContent>
        | ^^^^^^^^^^^^^^^^^^^^^^^^^^^^^^^^^^^^^^^^^^^^^^^^^^^
  >  85 |               <Stack direction="row" justifyContent="space-between" mb={2}>
        | ^^^^^^^^^^^^^^^^^^^^^^^^^^^^^^^^^^^^^^^^^^^^^^^^^^^
  >  86 |                 <Typography variant="subtitle2">System Uptime</Typography>
        | ^^^^^^^^^^^^^^^^^^^^^^^^^^^^^^^^^^^^^^^^^^^^^^^^^^^
  >  87 |                 <CloudDoneIcon />
        | ^^^^^^^^^^^^^^^^^^^^^^^^^^^^^^^^^^^^^^^^^^^^^^^^^^^
  >  88 |               </Stack>
        | ^^^^^^^^^^^^^^^^^^^^^^^^^^^^^^^^^^^^^^^^^^^^^^^^^^^
  >  89 |               <Typography variant="h4" fontWeight="bold">99.98%</Typography>
        | ^^^^^^^^^^^^^^^^^^^^^^^^^^^^^^^^^^^^^^^^^^^^^^^^^^^
  >  90 |               <Typography variant="caption">Active for 142 days</Typography>
        | ^^^^^^^^^^^^^^^^^^^^^^^^^^^^^^^^^^^^^^^^^^^^^^^^^^^
  >  91 |             </CardContent>
        | ^^^^^^^^^^^^^^^^^^^^^^^^^^^^^^^^^^^^^^^^^^^^^^^^^^^
  >  92 |           </Card>
        | ^^^^^^^^^^^^^^^^^^^^^^^^^^^^^^^^^^^^^^^^^^^^^^^^^^^
  >  93 |         </Grid>
        | ^^^^^^^^^^^^^^^^^^^^^^^^^^^^^^^^^^^^^^^^^^^^^^^^^^^
  >  94 |         <Grid size={{ xs: 12, sm: 6, lg: 3 }}>
        | ^^^^^^^^^^^^^^^^^^^^^^^^^^^^^^^^^^^^^^^^^^^^^^^^^^^
  >  95 |           <Card sx={{ borderRadius: 4 }}>
        | ^^^^^^^^^^^^^^^^^^^^^^^^^^^^^^^^^^^^^^^^^^^^^^^^^^^
  >  96 |             <CardContent>
        | ^^^^^^^^^^^^^^^^^^^^^^^^^^^^^^^^^^^^^^^^^^^^^^^^^^^
  >  97 |               <Stack direction="row" justifyContent="space-between" mb={2}>
        | ^^^^^^^^^^^^^^^^^^^^^^^^^^^^^^^^^^^^^^^^^^^^^^^^^^^
  >  98 |                 <Typography variant="subtitle2" color="text.secondary">Avg. Latency</Typography>
        | ^^^^^^^^^^^^^^^^^^^^^^^^^^^^^^^^^^^^^^^^^^^^^^^^^^^
  >  99 |                 <FlashOnIcon color="warning" />
        | ^^^^^^^^^^^^^^^^^^^^^^^^^^^^^^^^^^^^^^^^^^^^^^^^^^^
  > 100 |               </Stack>
        | ^^^^^^^^^^^^^^^^^^^^^^^^^^^^^^^^^^^^^^^^^^^^^^^^^^^
  > 101 |               <Typography variant="h4" fontWeight="bold">1.2s</Typography>
        | ^^^^^^^^^^^^^^^^^^^^^^^^^^^^^^^^^^^^^^^^^^^^^^^^^^^
  > 102 |               <Typography variant="caption" color="text.secondary">ML Inference delay</Typography>
        | ^^^^^^^^^^^^^^^^^^^^^^^^^^^^^^^^^^^^^^^^^^^^^^^^^^^
  > 103 |             </CardContent>
        | ^^^^^^^^^^^^^^^^^^^^^^^^^^^^^^^^^^^^^^^^^^^^^^^^^^^
  > 104 |           </Card>
        | ^^^^^^^^^^^^^^^^^^^^^^^^^^^^^^^^^^^^^^^^^^^^^^^^^^^
  > 105 |         </Grid>
        | ^^^^^^^^^^^^^^^^^^^^^^^^^^^^^^^^^^^^^^^^^^^^^^^^^^^
  > 106 |         <Grid size={{ xs: 12, sm: 6, lg: 3 }}>
        | ^^^^^^^^^^^^^^^^^^^^^^^^^^^^^^^^^^^^^^^^^^^^^^^^^^^
  > 107 |           <Card sx={{ borderRadius: 4 }}>
        | ^^^^^^^^^^^^^^^^^^^^^^^^^^^^^^^^^^^^^^^^^^^^^^^^^^^
  > 108 |             <CardContent>
        | ^^^^^^^^^^^^^^^^^^^^^^^^^^^^^^^^^^^^^^^^^^^^^^^^^^^
  > 109 |               <Stack direction="row" justifyContent="space-between" mb={2}>
        | ^^^^^^^^^^^^^^^^^^^^^^^^^^^^^^^^^^^^^^^^^^^^^^^^^^^
  > 110 |                 <Typography variant="subtitle2" color="text.secondary">CPU Usage</Typography>
        | ^^^^^^^^^^^^^^^^^^^^^^^^^^^^^^^^^^^^^^^^^^^^^^^^^^^
  > 111 |                 <MemoryIcon color="primary" />
        | ^^^^^^^^^^^^^^^^^^^^^^^^^^^^^^^^^^^^^^^^^^^^^^^^^^^
  > 112 |               </Stack>
        | ^^^^^^^^^^^^^^^^^^^^^^^^^^^^^^^^^^^^^^^^^^^^^^^^^^^
  > 113 |               <Typography variant="h4" fontWeight="bold">{metrics[metrics.length-1]?.cpu || 0}%</Typography>
        | ^^^^^^^^^^^^^^^^^^^^^^^^^^^^^^^^^^^^^^^^^^^^^^^^^^^
  > 114 |               <Typography variant="caption" color="text.secondary">Cluster average</Typography>
        | ^^^^^^^^^^^^^^^^^^^^^^^^^^^^^^^^^^^^^^^^^^^^^^^^^^^
  > 115 |             </CardContent>
        | ^^^^^^^^^^^^^^^^^^^^^^^^^^^^^^^^^^^^^^^^^^^^^^^^^^^
  > 116 |           </Card>
        | ^^^^^^^^^^^^^^^^^^^^^^^^^^^^^^^^^^^^^^^^^^^^^^^^^^^
  > 117 |         </Grid>
        | ^^^^^^^^^^^^^^^^^^^^^^^^^^^^^^^^^^^^^^^^^^^^^^^^^^^
  > 118 |         <Grid size={{ xs: 12, sm: 6, lg: 3 }}>
        | ^^^^^^^^^^^^^^^^^^^^^^^^^^^^^^^^^^^^^^^^^^^^^^^^^^^
  > 119 |           <Card sx={{ borderRadius: 4 }}>
        | ^^^^^^^^^^^^^^^^^^^^^^^^^^^^^^^^^^^^^^^^^^^^^^^^^^^
  > 120 |             <CardContent>
        | ^^^^^^^^^^^^^^^^^^^^^^^^^^^^^^^^^^^^^^^^^^^^^^^^^^^
  > 121 |               <Stack direction="row" justifyContent="space-between" mb={2}>
        | ^^^^^^^^^^^^^^^^^^^^^^^^^^^^^^^^^^^^^^^^^^^^^^^^^^^
  > 122 |                 <Typography variant="subtitle2" color="text.secondary">Disk Ops</Typography>
        | ^^^^^^^^^^^^^^^^^^^^^^^^^^^^^^^^^^^^^^^^^^^^^^^^^^^
  > 123 |                 <StorageIcon color="info" />
        | ^^^^^^^^^^^^^^^^^^^^^^^^^^^^^^^^^^^^^^^^^^^^^^^^^^^
  > 124 |               </Stack>
        | ^^^^^^^^^^^^^^^^^^^^^^^^^^^^^^^^^^^^^^^^^^^^^^^^^^^
  > 125 |               <Typography variant="h4" fontWeight="bold">42MB/s</Typography>
        | ^^^^^^^^^^^^^^^^^^^^^^^^^^^^^^^^^^^^^^^^^^^^^^^^^^^
  > 126 |               <Typography variant="caption" color="text.secondary">Object storage throughput</Typography>
        | ^^^^^^^^^^^^^^^^^^^^^^^^^^^^^^^^^^^^^^^^^^^^^^^^^^^
  > 127 |             </CardContent>
        | ^^^^^^^^^^^^^^^^^^^^^^^^^^^^^^^^^^^^^^^^^^^^^^^^^^^
  > 128 |           </Card>
        | ^^^^^^^^^^^^^^^^^^^^^^^^^^^^^^^^^^^^^^^^^^^^^^^^^^^
  > 129 |         </Grid>
        | ^^^^^^^^^^^^^^^^^^^^^^^^^^^^^^^^^^^^^^^^^^^^^^^^^^^
  > 130 |       </Grid>
        | ^^^^^^^^^^^^^^^^^^^^^^^^^^^^^^^^^^^^^^^^^^^^^^^^^^^
  > 131 |
        | ^^^^^^^^^^^^^^^^^^^^^^^^^^^^^^^^^^^^^^^^^^^^^^^^^^^
  > 132 |       <Grid container spacing={3}>
        | ^^^^^^^^^^^^^^^^^^^^^^^^^^^^^^^^^^^^^^^^^^^^^^^^^^^
  > 133 |         {/* Resource Chart */}
        | ^^^^^^^^^^^^^^^^^^^^^^^^^^^^^^^^^^^^^^^^^^^^^^^^^^^
  > 134 |         <Grid size={{ xs: 12, lg: 8 }}>
        | ^^^^^^^^^^^^^^^^^^^^^^^^^^^^^^^^^^^^^^^^^^^^^^^^^^^
  > 135 |           <Card sx={{ borderRadius: 4, mb: 3 }}>
        | ^^^^^^^^^^^^^^^^^^^^^^^^^^^^^^^^^^^^^^^^^^^^^^^^^^^
  > 136 |             <CardContent>
        | ^^^^^^^^^^^^^^^^^^^^^^^^^^^^^^^^^^^^^^^^^^^^^^^^^^^
  > 137 |               <Typography variant="h6" fontWeight="bold" gutterBottom>Resource Performance (Cluster)</Typography>
        | ^^^^^^^^^^^^^^^^^^^^^^^^^^^^^^^^^^^^^^^^^^^^^^^^^^^
  > 138 |               <Box height={350} mt={2}>
        | ^^^^^^^^^^^^^^^^^^^^^^^^^^^^^^^^^^^^^^^^^^^^^^^^^^^
  > 139 |                 <ResponsiveContainer width="100%" height="100%">
        | ^^^^^^^^^^^^^^^^^^^^^^^^^^^^^^^^^^^^^^^^^^^^^^^^^^^
  > 140 |                   <AreaChart data={metrics}>
        | ^^^^^^^^^^^^^^^^^^^^^^^^^^^^^^^^^^^^^^^^^^^^^^^^^^^
  > 141 |                     <CartesianGrid strokeDasharray="3 3" vertical={false} />
        | ^^^^^^^^^^^^^^^^^^^^^^^^^^^^^^^^^^^^^^^^^^^^^^^^^^^
  > 142 |                     <XAxis dataKey="time" hide />
        | ^^^^^^^^^^^^^^^^^^^^^^^^^^^^^^^^^^^^^^^^^^^^^^^^^^^
  > 143 |                     <YAxis axisLine={false} tickLine={false} fontSize={12} />
        | ^^^^^^^^^^^^^^^^^^^^^^^^^^^^^^^^^^^^^^^^^^^^^^^^^^^
  > 144 |                     <Tooltip />
        | ^^^^^^^^^^^^^^^^^^^^^^^^^^^^^^^^^^^^^^^^^^^^^^^^^^^
  > 145 |                     <Area type="monotone" dataKey="cpu" stroke="#135bec" fill="#135bec" fillOpacity={0.1} name="CPU %" />
        | ^^^^^^^^^^^^^^^^^^^^^^^^^^^^^^^^^^^^^^^^^^^^^^^^^^^
  > 146 |                     <Area type="monotone" dataKey="memory" stroke="#00c49f" fill="#00c49f" fillOpacity={0.1} name="Memory %" />
        | ^^^^^^^^^^^^^^^^^^^^^^^^^^^^^^^^^^^^^^^^^^^^^^^^^^^
  > 147 |                   </AreaChart>
        | ^^^^^^^^^^^^^^^^^^^^^^^^^^^^^^^^^^^^^^^^^^^^^^^^^^^
  > 148 |                 </ResponsiveContainer>
        | ^^^^^^^^^^^^^^^^^^^^^^^^^^^^^^^^^^^^^^^^^^^^^^^^^^^
  > 149 |               </Box>
        | ^^^^^^^^^^^^^^^^^^^^^^^^^^^^^^^^^^^^^^^^^^^^^^^^^^^
  > 150 |             </CardContent>
        | ^^^^^^^^^^^^^^^^^^^^^^^^^^^^^^^^^^^^^^^^^^^^^^^^^^^
  > 151 |           </Card>
        | ^^^^^^^^^^^^^^^^^^^^^^^^^^^^^^^^^^^^^^^^^^^^^^^^^^^
  > 152 |
        | ^^^^^^^^^^^^^^^^^^^^^^^^^^^^^^^^^^^^^^^^^^^^^^^^^^^
  > 153 |           {/* Service List */}
        | ^^^^^^^^^^^^^^^^^^^^^^^^^^^^^^^^^^^^^^^^^^^^^^^^^^^
  > 154 |           <Card sx={{ borderRadius: 4 }}>
        | ^^^^^^^^^^^^^^^^^^^^^^^^^^^^^^^^^^^^^^^^^^^^^^^^^^^
  > 155 |             <CardContent>
        | ^^^^^^^^^^^^^^^^^^^^^^^^^^^^^^^^^^^^^^^^^^^^^^^^^^^
  > 156 |               <Typography variant="h6" fontWeight="bold" gutterBottom>Layanan Microservices</Typography>
        | ^^^^^^^^^^^^^^^^^^^^^^^^^^^^^^^^^^^^^^^^^^^^^^^^^^^
  > 157 |               <List sx={{ mt: 1 }}>
        | ^^^^^^^^^^^^^^^^^^^^^^^^^^^^^^^^^^^^^^^^^^^^^^^^^^^
  > 158 |                 {services.map((s, i) => (
        | ^^^^^^^^^^^^^^^^^^^^^^^^^^^^^^^^^^^^^^^^^^^^^^^^^^^
  > 159 |                   <React.Fragment key={s.name}>
        | ^^^^^^^^^^^^^^^^^^^^^^^^^^^^^^^^^^^^^^^^^^^^^^^^^^^
  > 160 |                     <ListItem sx={{ py: 1.5 }}>
        | ^^^^^^^^^^^^^^^^^^^^^^^^^^^^^^^^^^^^^^^^^^^^^^^^^^^
  > 161 |                       <ListItemIcon>
        | ^^^^^^^^^^^^^^^^^^^^^^^^^^^^^^^^^^^^^^^^^^^^^^^^^^^
  > 162 |                         <CheckCircleIcon color="success" />
        | ^^^^^^^^^^^^^^^^^^^^^^^^^^^^^^^^^^^^^^^^^^^^^^^^^^^
  > 163 |                       </ListItemIcon>
        | ^^^^^^^^^^^^^^^^^^^^^^^^^^^^^^^^^^^^^^^^^^^^^^^^^^^
  > 164 |                       <ListItemText
        | ^^^^^^^^^^^^^^^^^^^^^^^^^^^^^^^^^^^^^^^^^^^^^^^^^^^
  > 165 |                         primary={s.name}
        | ^^^^^^^^^^^^^^^^^^^^^^^^^^^^^^^^^^^^^^^^^^^^^^^^^^^
  > 166 |                         secondary={\`Uptime: \${s.uptime}\`}
        | ^^^^^^^^^^^^^^^^^^^^^^^^^^^^^^^^^^^^^^^^^^^^^^^^^^^
  > 167 |                         primaryTypographyProps={{ fontWeight: 'bold' }}
        | ^^^^^^^^^^^^^^^^^^^^^^^^^^^^^^^^^^^^^^^^^^^^^^^^^^^
  > 168 |                       />
        | ^^^^^^^^^^^^^^^^^^^^^^^^^^^^^^^^^^^^^^^^^^^^^^^^^^^
  > 169 |                       <Box sx={{ minWidth: 100, textAlign: 'right' }}>
        | ^^^^^^^^^^^^^^^^^^^^^^^^^^^^^^^^^^^^^^^^^^^^^^^^^^^
  > 170 |                         <Typography variant="caption" fontWeight="bold" display="block">Load: {s.load}%</Typography>
        | ^^^^^^^^^^^^^^^^^^^^^^^^^^^^^^^^^^^^^^^^^^^^^^^^^^^
  > 171 |                         <LinearProgress variant="determinate" value={s.load} sx={{ height: 4, borderRadius: 2, mt: 0.5 }} />
        | ^^^^^^^^^^^^^^^^^^^^^^^^^^^^^^^^^^^^^^^^^^^^^^^^^^^
  > 172 |                       </Box>
        | ^^^^^^^^^^^^^^^^^^^^^^^^^^^^^^^^^^^^^^^^^^^^^^^^^^^
  > 173 |                     </ListItem>
        | ^^^^^^^^^^^^^^^^^^^^^^^^^^^^^^^^^^^^^^^^^^^^^^^^^^^
  > 174 |                     {i < services.length - 1 && <Divider />}
        | ^^^^^^^^^^^^^^^^^^^^^^^^^^^^^^^^^^^^^^^^^^^^^^^^^^^
  > 175 |                   </React.Fragment>
        | ^^^^^^^^^^^^^^^^^^^^^^^^^^^^^^^^^^^^^^^^^^^^^^^^^^^
  > 176 |                 ))}
        | ^^^^^^^^^^^^^^^^^^^^^^^^^^^^^^^^^^^^^^^^^^^^^^^^^^^
  > 177 |               </List>
        | ^^^^^^^^^^^^^^^^^^^^^^^^^^^^^^^^^^^^^^^^^^^^^^^^^^^
  > 178 |             </CardContent>
        | ^^^^^^^^^^^^^^^^^^^^^^^^^^^^^^^^^^^^^^^^^^^^^^^^^^^
  > 179 |           </Card>
        | ^^^^^^^^^^^^^^^^^^^^^^^^^^^^^^^^^^^^^^^^^^^^^^^^^^^
  > 180 |         </Grid>
        | ^^^^^^^^^^^^^^^^^^^^^^^^^^^^^^^^^^^^^^^^^^^^^^^^^^^
  > 181 |
        | ^^^^^^^^^^^^^^^^^^^^^^^^^^^^^^^^^^^^^^^^^^^^^^^^^^^
  > 182 |         {/* Incidents & Database */}
        | ^^^^^^^^^^^^^^^^^^^^^^^^^^^^^^^^^^^^^^^^^^^^^^^^^^^
  > 183 |         <Grid size={{ xs: 12, lg: 4 }}>
        | ^^^^^^^^^^^^^^^^^^^^^^^^^^^^^^^^^^^^^^^^^^^^^^^^^^^
  > 184 |           <Stack spacing={3}>
        | ^^^^^^^^^^^^^^^^^^^^^^^^^^^^^^^^^^^^^^^^^^^^^^^^^^^
  > 185 |             <Card sx={{ borderRadius: 4 }}>
        | ^^^^^^^^^^^^^^^^^^^^^^^^^^^^^^^^^^^^^^^^^^^^^^^^^^^
  > 186 |               <CardContent>
        | ^^^^^^^^^^^^^^^^^^^^^^^^^^^^^^^^^^^^^^^^^^^^^^^^^^^
  > 187 |                 <Typography variant="h6" fontWeight="bold" gutterBottom>Recent Incidents</Typography>
        | ^^^^^^^^^^^^^^^^^^^^^^^^^^^^^^^^^^^^^^^^^^^^^^^^^^^
  > 188 |                 <Stack spacing={2} mt={2}>
        | ^^^^^^^^^^^^^^^^^^^^^^^^^^^^^^^^^^^^^^^^^^^^^^^^^^^
  > 189 |                   <Box p={2} bgcolor="#fff1f0" borderRadius={3} border="1px solid #ffccc7">
        | ^^^^^^^^^^^^^^^^^^^^^^^^^^^^^^^^^^^^^^^^^^^^^^^^^^^
  > 190 |                     <Stack direction="row" spacing={1} alignItems="center" mb={1}>
        | ^^^^^^^^^^^^^^^^^^^^^^^^^^^^^^^^^^^^^^^^^^^^^^^^^^^
  > 191 |                       <WarningIcon sx={{ color: '#ff4d4f', fontSize: 20 }} />
        | ^^^^^^^^^^^^^^^^^^^^^^^^^^^^^^^^^^^^^^^^^^^^^^^^^^^
  > 192 |                       <Typography variant="subtitle2" fontWeight="bold" color="#a8071a">Model Latency Spike</Typography>
        | ^^^^^^^^^^^^^^^^^^^^^^^^^^^^^^^^^^^^^^^^^^^^^^^^^^^
  > 193 |                     </Stack>
        | ^^^^^^^^^^^^^^^^^^^^^^^^^^^^^^^^^^^^^^^^^^^^^^^^^^^
  > 194 |                     <Typography variant="caption" color="#cf1322" display="block">
        | ^^^^^^^^^^^^^^^^^^^^^^^^^^^^^^^^^^^^^^^^^^^^^^^^^^^
  > 195 |                       Detected 2.5s latency on ML Inference service. Auto-scaled compute node.
        | ^^^^^^^^^^^^^^^^^^^^^^^^^^^^^^^^^^^^^^^^^^^^^^^^^^^
  > 196 |                     </Typography>
        | ^^^^^^^^^^^^^^^^^^^^^^^^^^^^^^^^^^^^^^^^^^^^^^^^^^^
  > 197 |                     <Typography variant="caption" color="text.secondary">14:22 PM</Typography>
        | ^^^^^^^^^^^^^^^^^^^^^^^^^^^^^^^^^^^^^^^^^^^^^^^^^^^
  > 198 |                   </Box>
        | ^^^^^^^^^^^^^^^^^^^^^^^^^^^^^^^^^^^^^^^^^^^^^^^^^^^
  > 199 |                   <Box p={2} bgcolor="#f6ffed" borderRadius={3} border="1px solid #b7eb8f">
        | ^^^^^^^^^^^^^^^^^^^^^^^^^^^^^^^^^^^^^^^^^^^^^^^^^^^
  > 200 |                     <Stack direction="row" spacing={1} alignItems="center" mb={1}>
        | ^^^^^^^^^^^^^^^^^^^^^^^^^^^^^^^^^^^^^^^^^^^^^^^^^^^
  > 201 |                       <CheckCircleIcon sx={{ color: '#52c41a', fontSize: 20 }} />
        | ^^^^^^^^^^^^^^^^^^^^^^^^^^^^^^^^^^^^^^^^^^^^^^^^^^^
  > 202 |                       <Typography variant="subtitle2" fontWeight="bold" color="#237804">Daily Backup Verified</Typography>
        | ^^^^^^^^^^^^^^^^^^^^^^^^^^^^^^^^^^^^^^^^^^^^^^^^^^^
  > 203 |                     </Stack>
        | ^^^^^^^^^^^^^^^^^^^^^^^^^^^^^^^^^^^^^^^^^^^^^^^^^^^
  > 204 |                     <Typography variant="caption" color="#389e0d" display="block">
        | ^^^^^^^^^^^^^^^^^^^^^^^^^^^^^^^^^^^^^^^^^^^^^^^^^^^
  > 205 |                       Encrypted backup stored in S3 Singapore region.
        | ^^^^^^^^^^^^^^^^^^^^^^^^^^^^^^^^^^^^^^^^^^^^^^^^^^^
  > 206 |                     </Typography>
        | ^^^^^^^^^^^^^^^^^^^^^^^^^^^^^^^^^^^^^^^^^^^^^^^^^^^
  > 207 |                     <Typography variant="caption" color="text.secondary">02:00 AM</Typography>
        | ^^^^^^^^^^^^^^^^^^^^^^^^^^^^^^^^^^^^^^^^^^^^^^^^^^^
  > 208 |                   </Box>
        | ^^^^^^^^^^^^^^^^^^^^^^^^^^^^^^^^^^^^^^^^^^^^^^^^^^^
  > 209 |                 </Stack>
        | ^^^^^^^^^^^^^^^^^^^^^^^^^^^^^^^^^^^^^^^^^^^^^^^^^^^
  > 210 |               </CardContent>
        | ^^^^^^^^^^^^^^^^^^^^^^^^^^^^^^^^^^^^^^^^^^^^^^^^^^^
  > 211 |             </Card>
        | ^^^^^^^^^^^^^^^^^^^^^^^^^^^^^^^^^^^^^^^^^^^^^^^^^^^
  > 212 |
        | ^^^^^^^^^^^^^^^^^^^^^^^^^^^^^^^^^^^^^^^^^^^^^^^^^^^
  > 213 |             <Card sx={{ borderRadius: 4 }}>
        | ^^^^^^^^^^^^^^^^^^^^^^^^^^^^^^^^^^^^^^^^^^^^^^^^^^^
  > 214 |               <CardContent>
        | ^^^^^^^^^^^^^^^^^^^^^^^^^^^^^^^^^^^^^^^^^^^^^^^^^^^
  > 215 |                  <Typography variant="h6" fontWeight="bold" gutterBottom>Data API Health</Typography>
        | ^^^^^^^^^^^^^^^^^^^^^^^^^^^^^^^^^^^^^^^^^^^^^^^^^^^
  > 216 |                  <Stack spacing={2} mt={2}>
        | ^^^^^^^^^^^^^^^^^^^^^^^^^^^^^^^^^^^^^^^^^^^^^^^^^^^
  > 217 |                    <Box>
        | ^^^^^^^^^^^^^^^^^^^^^^^^^^^^^^^^^^^^^^^^^^^^^^^^^^^
  > 218 |                      <Typography variant="caption" color="text.secondary">Query Cache Hit Rate</Typography>
        | ^^^^^^^^^^^^^^^^^^^^^^^^^^^^^^^^^^^^^^^^^^^^^^^^^^^
  > 219 |                      <Typography variant="h5" fontWeight="bold">92%</Typography>
        | ^^^^^^^^^^^^^^^^^^^^^^^^^^^^^^^^^^^^^^^^^^^^^^^^^^^
  > 220 |                    </Box>
        | ^^^^^^^^^^^^^^^^^^^^^^^^^^^^^^^^^^^^^^^^^^^^^^^^^^^
  > 221 |                    <Divider />
        | ^^^^^^^^^^^^^^^^^^^^^^^^^^^^^^^^^^^^^^^^^^^^^^^^^^^
  > 222 |                    <Box>
        | ^^^^^^^^^^^^^^^^^^^^^^^^^^^^^^^^^^^^^^^^^^^^^^^^^^^
  > 223 |                      <Typography variant="caption" color="text.secondary">Active Connections</Typography>
        | ^^^^^^^^^^^^^^^^^^^^^^^^^^^^^^^^^^^^^^^^^^^^^^^^^^^
  > 224 |                      <Typography variant="h5" fontWeight="bold">12 / 100</Typography>
        | ^^^^^^^^^^^^^^^^^^^^^^^^^^^^^^^^^^^^^^^^^^^^^^^^^^^
  > 225 |                    </Box>
        | ^^^^^^^^^^^^^^^^^^^^^^^^^^^^^^^^^^^^^^^^^^^^^^^^^^^
  > 226 |                  </Stack>
        | ^^^^^^^^^^^^^^^^^^^^^^^^^^^^^^^^^^^^^^^^^^^^^^^^^^^
  > 227 |               </CardContent>
        | ^^^^^^^^^^^^^^^^^^^^^^^^^^^^^^^^^^^^^^^^^^^^^^^^^^^
  > 228 |             </Card>
        | ^^^^^^^^^^^^^^^^^^^^^^^^^^^^^^^^^^^^^^^^^^^^^^^^^^^
  > 229 |           </Stack>
        | ^^^^^^^^^^^^^^^^^^^^^^^^^^^^^^^^^^^^^^^^^^^^^^^^^^^
  > 230 |         </Grid>
        | ^^^^^^^^^^^^^^^^^^^^^^^^^^^^^^^^^^^^^^^^^^^^^^^^^^^
  > 231 |       </Grid>
        | ^^^^^^^^^^^^^^^^^^^^^^^^^^^^^^^^^^^^^^^^^^^^^^^^^^^
  > 232 |     </Box>
        | ^^^^^^^^^^^^^^^^^^^^^^^^^^^^^^^^^^^^^^^^^^^^^^^^^^^
  > 233 |   );
        | ^^^^^^^^^^^^^^^^^^^^^^^^^^^^^^^^^^^^^^^^^^^^^^^^^^^
  > 234 | };
        | ^^^^^^^^^^^^^^^^^^^^^^^^^^^^^^^^^^^^^^^^^^^^^^^^^^^
  > 235 |
        | ^^^^^^^^^^^^^^^^^^^^^^^^^^^^^^^^^^^^^^^^^^^^^^^^^^^
  > 236 | export default Monitoring;
        | ^^^^^^^^^^^^^^^^^^^^^^^^^^^^^^^^^^^^^^^^^^^^^^^^^^^
  > 237 |
        | ^

ERROR in src/pages/Patients.tsx:183:18
TS2304: Cannot find name 'MenuItem'.
    181 |                 onChange={(e) => setNewPatient({ ...newPatient, gender: e.target.value })}
    182 |               >
  > 183 |                 <MenuItem value="Male">Male</MenuItem>
        |                  ^^^^^^^^
    184 |                 <MenuItem value="Female">Female</MenuItem>
    185 |               </TextField>
    186 |             </Grid>

ERROR in src/pages/Patients.tsx:183:46
TS2304: Cannot find name 'MenuItem'.
    181 |                 onChange={(e) => setNewPatient({ ...newPatient, gender: e.target.value })}
    182 |               >
  > 183 |                 <MenuItem value="Male">Male</MenuItem>
        |                                              ^^^^^^^^
    184 |                 <MenuItem value="Female">Female</MenuItem>
    185 |               </TextField>
    186 |             </Grid>

ERROR in src/pages/Patients.tsx:184:18
TS2304: Cannot find name 'MenuItem'.
    182 |               >
    183 |                 <MenuItem value="Male">Male</MenuItem>
  > 184 |                 <MenuItem value="Female">Female</MenuItem>
        |                  ^^^^^^^^
    185 |               </TextField>
    186 |             </Grid>
    187 |           </Grid>

ERROR in src/pages/Patients.tsx:184:50
TS2304: Cannot find name 'MenuItem'.
    182 |               >
    183 |                 <MenuItem value="Male">Male</MenuItem>
  > 184 |                 <MenuItem value="Female">Female</MenuItem>
        |                                                  ^^^^^^^^
    185 |               </TextField>
    186 |             </Grid>
    187 |           </Grid>

ERROR in src/pages/Users.tsx:168:13
TS2769: No overload matches this call.
  Overload 1 of 2, '(props: { component: ElementType<any, keyof IntrinsicElements>; } & GridBaseProps & { sx?: SxProps<Theme> | undefined; } & SystemProps<...> & Omit<...>): Element | null', gave the following error.
    Property 'component' is missing in type '{ children: Element; item: true; xs: number; }' but required in type '{ component: ElementType<any, keyof IntrinsicElements>; }'.
  Overload 2 of 2, '(props: DefaultComponentProps<GridTypeMap<{}, "div">>): Element | null', gave the following error.
    Type '{ children: Element; item: true; xs: number; }' is not assignable to type 'IntrinsicAttributes & GridBaseProps & { sx?: SxProps<Theme> | undefined; } & SystemProps<Theme> & Omit<...>'.
      Property 'item' does not exist on type 'IntrinsicAttributes & GridBaseProps & { sx?: SxProps<Theme> | undefined; } & SystemProps<Theme> & Omit<...>'.
    166 |           {error && <Alert severity="error" sx={{ mb: 2 }}>{error}</Alert>}
    167 |           <Grid container spacing={2} sx={{ mt: 1 }}>
  > 168 |             <Grid item xs={12}>
        |             ^^^^^^^^^^^^^^^^^^^
    169 |               <TextField
    170 |                 fullWidth
    171 |                 label="Nama Lengkap"

ERROR in src/pages/Users.tsx:176:13
TS2769: No overload matches this call.
  Overload 1 of 2, '(props: { component: ElementType<any, keyof IntrinsicElements>; } & GridBaseProps & { sx?: SxProps<Theme> | undefined; } & SystemProps<...> & Omit<...>): Element | null', gave the following error.
    Property 'component' is missing in type '{ children: Element; item: true; xs: number; }' but required in type '{ component: ElementType<any, keyof IntrinsicElements>; }'.
  Overload 2 of 2, '(props: DefaultComponentProps<GridTypeMap<{}, "div">>): Element | null', gave the following error.
    Type '{ children: Element; item: true; xs: number; }' is not assignable to type 'IntrinsicAttributes & GridBaseProps & { sx?: SxProps<Theme> | undefined; } & SystemProps<Theme> & Omit<...>'.
      Property 'item' does not exist on type 'IntrinsicAttributes & GridBaseProps & { sx?: SxProps<Theme> | undefined; } & SystemProps<Theme> & Omit<...>'.
    174 |               />
    175 |             </Grid>
  > 176 |             <Grid item xs={12}>
        |             ^^^^^^^^^^^^^^^^^^^
    177 |               <TextField
    178 |                 fullWidth
    179 |                 label="Email"

ERROR in src/pages/Users.tsx:185:13
TS2769: No overload matches this call.
  Overload 1 of 2, '(props: { component: ElementType<any, keyof IntrinsicElements>; } & GridBaseProps & { sx?: SxProps<Theme> | undefined; } & SystemProps<...> & Omit<...>): Element | null', gave the following error.
    Property 'component' is missing in type '{ children: Element; item: true; xs: number; }' but required in type '{ component: ElementType<any, keyof IntrinsicElements>; }'.
  Overload 2 of 2, '(props: DefaultComponentProps<GridTypeMap<{}, "div">>): Element | null', gave the following error.
    Type '{ children: Element; item: true; xs: number; }' is not assignable to type 'IntrinsicAttributes & GridBaseProps & { sx?: SxProps<Theme> | undefined; } & SystemProps<Theme> & Omit<...>'.
      Property 'item' does not exist on type 'IntrinsicAttributes & GridBaseProps & { sx?: SxProps<Theme> | undefined; } & SystemProps<Theme> & Omit<...>'.
    183 |               />
    184 |             </Grid>
  > 185 |             <Grid item xs={12}>
        |             ^^^^^^^^^^^^^^^^^^^
    186 |               <TextField
    187 |                 fullWidth
    188 |                 label="Password"

ERROR in src/pages/Users.tsx:194:13
TS2769: No overload matches this call.
  Overload 1 of 2, '(props: { component: ElementType<any, keyof IntrinsicElements>; } & GridBaseProps & { sx?: SxProps<Theme> | undefined; } & SystemProps<...> & Omit<...>): Element | null', gave the following error.
    Property 'component' is missing in type '{ children: Element; item: true; xs: number; }' but required in type '{ component: ElementType<any, keyof IntrinsicElements>; }'.
  Overload 2 of 2, '(props: DefaultComponentProps<GridTypeMap<{}, "div">>): Element | null', gave the following error.
    Type '{ children: Element; item: true; xs: number; }' is not assignable to type 'IntrinsicAttributes & GridBaseProps & { sx?: SxProps<Theme> | undefined; } & SystemProps<Theme> & Omit<...>'.
      Property 'item' does not exist on type 'IntrinsicAttributes & GridBaseProps & { sx?: SxProps<Theme> | undefined; } & SystemProps<Theme> & Omit<...>'.
    192 |               />
    193 |             </Grid>
  > 194 |             <Grid item xs={12}>
        |             ^^^^^^^^^^^^^^^^^^^
    195 |               <TextField
    196 |                 fullWidth
    197 |                 select

Compiling...
Failed to compile.

[eslint]
src/pages/Patients.tsx
  Line 183:18:  'MenuItem' is not defined  react/jsx-no-undef
  Line 184:18:  'MenuItem' is not defined  react/jsx-no-undef

Search for the keywords to learn more about each error.
WARNING in [eslint]
src/components/layout/Sidebar.tsx
  Line 11:15:  'BarChartIcon' is defined but never used  @typescript-eslint/no-unused-vars

src/pages/ActivityLogs.tsx
  Line 6:24:  'AssignmentIcon' is defined but never used  @typescript-eslint/no-unused-vars

src/pages/Dashboard.tsx
  Line 4:26:   'Paper' is defined but never used                  @typescript-eslint/no-unused-vars
  Line 11:24:  'FiberManualRecordIcon' is defined but never used  @typescript-eslint/no-unused-vars
  Line 12:15:  'TimelineIcon' is defined but never used           @typescript-eslint/no-unused-vars
  Line 13:12:  'SpeedIcon' is defined but never used              @typescript-eslint/no-unused-vars
  Line 14:14:  'HistoryIcon' is defined but never used            @typescript-eslint/no-unused-vars

src/pages/MRIAnalysis.tsx
  Line 4:28:   'Chip' is defined but never used      @typescript-eslint/no-unused-vars
  Line 11:11:  'InfoIcon' is defined but never used  @typescript-eslint/no-unused-vars

src/pages/Permissions.tsx
  Line 2:22:  'Paper' is defined but never used  @typescript-eslint/no-unused-vars

src/pages/Users.tsx
  Line 22:3:  'Card' is defined but never used  @typescript-eslint/no-unused-vars

ERROR in [eslint]
src/pages/Patients.tsx
  Line 183:18:  'MenuItem' is not defined  react/jsx-no-undef
  Line 184:18:  'MenuItem' is not defined  react/jsx-no-undef

Search for the keywords to learn more about each error.

webpack compiled with 1 error and 1 warning
ERROR in src/pages/Monitoring.tsx
TS1127: Invalid character.

ERROR in src/pages/Monitoring.tsx
TS1160: Unterminated template literal.

ERROR in src/pages/Monitoring.tsx:44:19
TS2349: This expression is not callable.
  Type '{ time: any; }' has no call signatures.
    42 |       const data = [];
    43 |       for (let i = 0; i < 20; i++) {
  > 44 |         data.push({
       |                   ^
  > 45 |           time: \`12:\${i < 10 ? '0' + i : i}\`,
       | ^^^^^^^^^^^^^^^^^^
    46 |           cpu: Math.floor(Math.random() * 30) + 20,
    47 |           memory: Math.floor(Math.random() * 20) + 40,
    48 |         });

ERROR in src/pages/Monitoring.tsx:45:18
TS1136: Property assignment expected.
     43 |       for (let i = 0; i < 20; i++) {
     44 |         data.push({
  >  45 |           time: \`12:\${i < 10 ? '0' + i : i}\`,
        |                  ^^^^^^^^^^^^^^^^^^^^^^^^^^^^^^^
  >  46 |           cpu: Math.floor(Math.random() * 30) + 20,
        | ^^^^^^^^^^^^^^^^^^^^^^^^^^^^^^^^^^^^^^^^^^^^^^^^^^^
  >  47 |           memory: Math.floor(Math.random() * 20) + 40,
        | ^^^^^^^^^^^^^^^^^^^^^^^^^^^^^^^^^^^^^^^^^^^^^^^^^^^
  >  48 |         });
        | ^^^^^^^^^^^^^^^^^^^^^^^^^^^^^^^^^^^^^^^^^^^^^^^^^^^
  >  49 |       }
        | ^^^^^^^^^^^^^^^^^^^^^^^^^^^^^^^^^^^^^^^^^^^^^^^^^^^
  >  50 |       setMetrics(data);
        | ^^^^^^^^^^^^^^^^^^^^^^^^^^^^^^^^^^^^^^^^^^^^^^^^^^^
  >  51 |     };
        | ^^^^^^^^^^^^^^^^^^^^^^^^^^^^^^^^^^^^^^^^^^^^^^^^^^^
  >  52 |     generateData();
        | ^^^^^^^^^^^^^^^^^^^^^^^^^^^^^^^^^^^^^^^^^^^^^^^^^^^
  >  53 |     const interval = setInterval(() => {
        | ^^^^^^^^^^^^^^^^^^^^^^^^^^^^^^^^^^^^^^^^^^^^^^^^^^^
  >  54 |       setMetrics(prev => {
        | ^^^^^^^^^^^^^^^^^^^^^^^^^^^^^^^^^^^^^^^^^^^^^^^^^^^
  >  55 |         const newEntry = {
        | ^^^^^^^^^^^^^^^^^^^^^^^^^^^^^^^^^^^^^^^^^^^^^^^^^^^
  >  56 |           time: new Date().toLocaleTimeString([], { hour: '2-digit', minute: '2-digit', second: '2-digit' }),
        | ^^^^^^^^^^^^^^^^^^^^^^^^^^^^^^^^^^^^^^^^^^^^^^^^^^^
  >  57 |           cpu: Math.floor(Math.random() * 30) + 20,
        | ^^^^^^^^^^^^^^^^^^^^^^^^^^^^^^^^^^^^^^^^^^^^^^^^^^^
  >  58 |           memory: Math.floor(Math.random() * 20) + 40,
        | ^^^^^^^^^^^^^^^^^^^^^^^^^^^^^^^^^^^^^^^^^^^^^^^^^^^
  >  59 |         };
        | ^^^^^^^^^^^^^^^^^^^^^^^^^^^^^^^^^^^^^^^^^^^^^^^^^^^
  >  60 |         return [...prev.slice(1), newEntry];
        | ^^^^^^^^^^^^^^^^^^^^^^^^^^^^^^^^^^^^^^^^^^^^^^^^^^^
  >  61 |       });
        | ^^^^^^^^^^^^^^^^^^^^^^^^^^^^^^^^^^^^^^^^^^^^^^^^^^^
  >  62 |     }, 3000);
        | ^^^^^^^^^^^^^^^^^^^^^^^^^^^^^^^^^^^^^^^^^^^^^^^^^^^
  >  63 |     return () => clearInterval(interval);
        | ^^^^^^^^^^^^^^^^^^^^^^^^^^^^^^^^^^^^^^^^^^^^^^^^^^^
  >  64 |   }, []);
        | ^^^^^^^^^^^^^^^^^^^^^^^^^^^^^^^^^^^^^^^^^^^^^^^^^^^
  >  65 |
        | ^^^^^^^^^^^^^^^^^^^^^^^^^^^^^^^^^^^^^^^^^^^^^^^^^^^
  >  66 |   const services = [
        | ^^^^^^^^^^^^^^^^^^^^^^^^^^^^^^^^^^^^^^^^^^^^^^^^^^^
  >  67 |     { name: 'API Gateway', status: 'Healthy', uptime: '14d 2h', load: 15 },
        | ^^^^^^^^^^^^^^^^^^^^^^^^^^^^^^^^^^^^^^^^^^^^^^^^^^^
  >  68 |     { name: 'ML Inference', status: 'Healthy', uptime: '14d 2h', load: 68 },
        | ^^^^^^^^^^^^^^^^^^^^^^^^^^^^^^^^^^^^^^^^^^^^^^^^^^^
  >  69 |     { name: 'PostgreSQL', status: 'Healthy', uptime: '45d 8h', load: 8 },
        | ^^^^^^^^^^^^^^^^^^^^^^^^^^^^^^^^^^^^^^^^^^^^^^^^^^^
  >  70 |     { name: 'Redis Cache', status: 'Healthy', uptime: '120d 5h', load: 2 },
        | ^^^^^^^^^^^^^^^^^^^^^^^^^^^^^^^^^^^^^^^^^^^^^^^^^^^
  >  71 |   ];
        | ^^^^^^^^^^^^^^^^^^^^^^^^^^^^^^^^^^^^^^^^^^^^^^^^^^^
  >  72 |
        | ^^^^^^^^^^^^^^^^^^^^^^^^^^^^^^^^^^^^^^^^^^^^^^^^^^^
  >  73 |   return (
        | ^^^^^^^^^^^^^^^^^^^^^^^^^^^^^^^^^^^^^^^^^^^^^^^^^^^
  >  74 |     <Box>
        | ^^^^^^^^^^^^^^^^^^^^^^^^^^^^^^^^^^^^^^^^^^^^^^^^^^^
  >  75 |       <Box mb={4}>
        | ^^^^^^^^^^^^^^^^^^^^^^^^^^^^^^^^^^^^^^^^^^^^^^^^^^^
  >  76 |         <Typography variant="h4" fontWeight="bold">System Monitoring</Typography>
        | ^^^^^^^^^^^^^^^^^^^^^^^^^^^^^^^^^^^^^^^^^^^^^^^^^^^
  >  77 |         <Typography variant="body2" color="text.secondary">Real-time health status of Bumame AI infrastructure.</Typography>
        | ^^^^^^^^^^^^^^^^^^^^^^^^^^^^^^^^^^^^^^^^^^^^^^^^^^^
  >  78 |       </Box>
        | ^^^^^^^^^^^^^^^^^^^^^^^^^^^^^^^^^^^^^^^^^^^^^^^^^^^
  >  79 |
        | ^^^^^^^^^^^^^^^^^^^^^^^^^^^^^^^^^^^^^^^^^^^^^^^^^^^
  >  80 |       {/* Top Cards */}
        | ^^^^^^^^^^^^^^^^^^^^^^^^^^^^^^^^^^^^^^^^^^^^^^^^^^^
  >  81 |       <Grid container spacing={3} mb={4}>
        | ^^^^^^^^^^^^^^^^^^^^^^^^^^^^^^^^^^^^^^^^^^^^^^^^^^^
  >  82 |         <Grid size={{ xs: 12, sm: 6, lg: 3 }}>
        | ^^^^^^^^^^^^^^^^^^^^^^^^^^^^^^^^^^^^^^^^^^^^^^^^^^^
  >  83 |           <Card sx={{ borderRadius: 4, bgcolor: '#135bec', color: 'white' }}>
        | ^^^^^^^^^^^^^^^^^^^^^^^^^^^^^^^^^^^^^^^^^^^^^^^^^^^
  >  84 |             <CardContent>
        | ^^^^^^^^^^^^^^^^^^^^^^^^^^^^^^^^^^^^^^^^^^^^^^^^^^^
  >  85 |               <Stack direction="row" justifyContent="space-between" mb={2}>
        | ^^^^^^^^^^^^^^^^^^^^^^^^^^^^^^^^^^^^^^^^^^^^^^^^^^^
  >  86 |                 <Typography variant="subtitle2">System Uptime</Typography>
        | ^^^^^^^^^^^^^^^^^^^^^^^^^^^^^^^^^^^^^^^^^^^^^^^^^^^
  >  87 |                 <CloudDoneIcon />
        | ^^^^^^^^^^^^^^^^^^^^^^^^^^^^^^^^^^^^^^^^^^^^^^^^^^^
  >  88 |               </Stack>
        | ^^^^^^^^^^^^^^^^^^^^^^^^^^^^^^^^^^^^^^^^^^^^^^^^^^^
  >  89 |               <Typography variant="h4" fontWeight="bold">99.98%</Typography>
        | ^^^^^^^^^^^^^^^^^^^^^^^^^^^^^^^^^^^^^^^^^^^^^^^^^^^
  >  90 |               <Typography variant="caption">Active for 142 days</Typography>
        | ^^^^^^^^^^^^^^^^^^^^^^^^^^^^^^^^^^^^^^^^^^^^^^^^^^^
  >  91 |             </CardContent>
        | ^^^^^^^^^^^^^^^^^^^^^^^^^^^^^^^^^^^^^^^^^^^^^^^^^^^
  >  92 |           </Card>
        | ^^^^^^^^^^^^^^^^^^^^^^^^^^^^^^^^^^^^^^^^^^^^^^^^^^^
  >  93 |         </Grid>
        | ^^^^^^^^^^^^^^^^^^^^^^^^^^^^^^^^^^^^^^^^^^^^^^^^^^^
  >  94 |         <Grid size={{ xs: 12, sm: 6, lg: 3 }}>
        | ^^^^^^^^^^^^^^^^^^^^^^^^^^^^^^^^^^^^^^^^^^^^^^^^^^^
  >  95 |           <Card sx={{ borderRadius: 4 }}>
        | ^^^^^^^^^^^^^^^^^^^^^^^^^^^^^^^^^^^^^^^^^^^^^^^^^^^
  >  96 |             <CardContent>
        | ^^^^^^^^^^^^^^^^^^^^^^^^^^^^^^^^^^^^^^^^^^^^^^^^^^^
  >  97 |               <Stack direction="row" justifyContent="space-between" mb={2}>
        | ^^^^^^^^^^^^^^^^^^^^^^^^^^^^^^^^^^^^^^^^^^^^^^^^^^^
  >  98 |                 <Typography variant="subtitle2" color="text.secondary">Avg. Latency</Typography>
        | ^^^^^^^^^^^^^^^^^^^^^^^^^^^^^^^^^^^^^^^^^^^^^^^^^^^
  >  99 |                 <FlashOnIcon color="warning" />
        | ^^^^^^^^^^^^^^^^^^^^^^^^^^^^^^^^^^^^^^^^^^^^^^^^^^^
  > 100 |               </Stack>
        | ^^^^^^^^^^^^^^^^^^^^^^^^^^^^^^^^^^^^^^^^^^^^^^^^^^^
  > 101 |               <Typography variant="h4" fontWeight="bold">1.2s</Typography>
        | ^^^^^^^^^^^^^^^^^^^^^^^^^^^^^^^^^^^^^^^^^^^^^^^^^^^
  > 102 |               <Typography variant="caption" color="text.secondary">ML Inference delay</Typography>
        | ^^^^^^^^^^^^^^^^^^^^^^^^^^^^^^^^^^^^^^^^^^^^^^^^^^^
  > 103 |             </CardContent>
        | ^^^^^^^^^^^^^^^^^^^^^^^^^^^^^^^^^^^^^^^^^^^^^^^^^^^
  > 104 |           </Card>
        | ^^^^^^^^^^^^^^^^^^^^^^^^^^^^^^^^^^^^^^^^^^^^^^^^^^^
  > 105 |         </Grid>
        | ^^^^^^^^^^^^^^^^^^^^^^^^^^^^^^^^^^^^^^^^^^^^^^^^^^^
  > 106 |         <Grid size={{ xs: 12, sm: 6, lg: 3 }}>
        | ^^^^^^^^^^^^^^^^^^^^^^^^^^^^^^^^^^^^^^^^^^^^^^^^^^^
  > 107 |           <Card sx={{ borderRadius: 4 }}>
        | ^^^^^^^^^^^^^^^^^^^^^^^^^^^^^^^^^^^^^^^^^^^^^^^^^^^
  > 108 |             <CardContent>
        | ^^^^^^^^^^^^^^^^^^^^^^^^^^^^^^^^^^^^^^^^^^^^^^^^^^^
  > 109 |               <Stack direction="row" justifyContent="space-between" mb={2}>
        | ^^^^^^^^^^^^^^^^^^^^^^^^^^^^^^^^^^^^^^^^^^^^^^^^^^^
  > 110 |                 <Typography variant="subtitle2" color="text.secondary">CPU Usage</Typography>
        | ^^^^^^^^^^^^^^^^^^^^^^^^^^^^^^^^^^^^^^^^^^^^^^^^^^^
  > 111 |                 <MemoryIcon color="primary" />
        | ^^^^^^^^^^^^^^^^^^^^^^^^^^^^^^^^^^^^^^^^^^^^^^^^^^^
  > 112 |               </Stack>
        | ^^^^^^^^^^^^^^^^^^^^^^^^^^^^^^^^^^^^^^^^^^^^^^^^^^^
  > 113 |               <Typography variant="h4" fontWeight="bold">{metrics[metrics.length-1]?.cpu || 0}%</Typography>
        | ^^^^^^^^^^^^^^^^^^^^^^^^^^^^^^^^^^^^^^^^^^^^^^^^^^^
  > 114 |               <Typography variant="caption" color="text.secondary">Cluster average</Typography>
        | ^^^^^^^^^^^^^^^^^^^^^^^^^^^^^^^^^^^^^^^^^^^^^^^^^^^
  > 115 |             </CardContent>
        | ^^^^^^^^^^^^^^^^^^^^^^^^^^^^^^^^^^^^^^^^^^^^^^^^^^^
  > 116 |           </Card>
        | ^^^^^^^^^^^^^^^^^^^^^^^^^^^^^^^^^^^^^^^^^^^^^^^^^^^
  > 117 |         </Grid>
        | ^^^^^^^^^^^^^^^^^^^^^^^^^^^^^^^^^^^^^^^^^^^^^^^^^^^
  > 118 |         <Grid size={{ xs: 12, sm: 6, lg: 3 }}>
        | ^^^^^^^^^^^^^^^^^^^^^^^^^^^^^^^^^^^^^^^^^^^^^^^^^^^
  > 119 |           <Card sx={{ borderRadius: 4 }}>
        | ^^^^^^^^^^^^^^^^^^^^^^^^^^^^^^^^^^^^^^^^^^^^^^^^^^^
  > 120 |             <CardContent>
        | ^^^^^^^^^^^^^^^^^^^^^^^^^^^^^^^^^^^^^^^^^^^^^^^^^^^
  > 121 |               <Stack direction="row" justifyContent="space-between" mb={2}>
        | ^^^^^^^^^^^^^^^^^^^^^^^^^^^^^^^^^^^^^^^^^^^^^^^^^^^
  > 122 |                 <Typography variant="subtitle2" color="text.secondary">Disk Ops</Typography>
        | ^^^^^^^^^^^^^^^^^^^^^^^^^^^^^^^^^^^^^^^^^^^^^^^^^^^
  > 123 |                 <StorageIcon color="info" />
        | ^^^^^^^^^^^^^^^^^^^^^^^^^^^^^^^^^^^^^^^^^^^^^^^^^^^
  > 124 |               </Stack>
        | ^^^^^^^^^^^^^^^^^^^^^^^^^^^^^^^^^^^^^^^^^^^^^^^^^^^
  > 125 |               <Typography variant="h4" fontWeight="bold">42MB/s</Typography>
        | ^^^^^^^^^^^^^^^^^^^^^^^^^^^^^^^^^^^^^^^^^^^^^^^^^^^
  > 126 |               <Typography variant="caption" color="text.secondary">Object storage throughput</Typography>
        | ^^^^^^^^^^^^^^^^^^^^^^^^^^^^^^^^^^^^^^^^^^^^^^^^^^^
  > 127 |             </CardContent>
        | ^^^^^^^^^^^^^^^^^^^^^^^^^^^^^^^^^^^^^^^^^^^^^^^^^^^
  > 128 |           </Card>
        | ^^^^^^^^^^^^^^^^^^^^^^^^^^^^^^^^^^^^^^^^^^^^^^^^^^^
  > 129 |         </Grid>
        | ^^^^^^^^^^^^^^^^^^^^^^^^^^^^^^^^^^^^^^^^^^^^^^^^^^^
  > 130 |       </Grid>
        | ^^^^^^^^^^^^^^^^^^^^^^^^^^^^^^^^^^^^^^^^^^^^^^^^^^^
  > 131 |
        | ^^^^^^^^^^^^^^^^^^^^^^^^^^^^^^^^^^^^^^^^^^^^^^^^^^^
  > 132 |       <Grid container spacing={3}>
        | ^^^^^^^^^^^^^^^^^^^^^^^^^^^^^^^^^^^^^^^^^^^^^^^^^^^
  > 133 |         {/* Resource Chart */}
        | ^^^^^^^^^^^^^^^^^^^^^^^^^^^^^^^^^^^^^^^^^^^^^^^^^^^
  > 134 |         <Grid size={{ xs: 12, lg: 8 }}>
        | ^^^^^^^^^^^^^^^^^^^^^^^^^^^^^^^^^^^^^^^^^^^^^^^^^^^
  > 135 |           <Card sx={{ borderRadius: 4, mb: 3 }}>
        | ^^^^^^^^^^^^^^^^^^^^^^^^^^^^^^^^^^^^^^^^^^^^^^^^^^^
  > 136 |             <CardContent>
        | ^^^^^^^^^^^^^^^^^^^^^^^^^^^^^^^^^^^^^^^^^^^^^^^^^^^
  > 137 |               <Typography variant="h6" fontWeight="bold" gutterBottom>Resource Performance (Cluster)</Typography>
        | ^^^^^^^^^^^^^^^^^^^^^^^^^^^^^^^^^^^^^^^^^^^^^^^^^^^
  > 138 |               <Box height={350} mt={2}>
        | ^^^^^^^^^^^^^^^^^^^^^^^^^^^^^^^^^^^^^^^^^^^^^^^^^^^
  > 139 |                 <ResponsiveContainer width="100%" height="100%">
        | ^^^^^^^^^^^^^^^^^^^^^^^^^^^^^^^^^^^^^^^^^^^^^^^^^^^
  > 140 |                   <AreaChart data={metrics}>
        | ^^^^^^^^^^^^^^^^^^^^^^^^^^^^^^^^^^^^^^^^^^^^^^^^^^^
  > 141 |                     <CartesianGrid strokeDasharray="3 3" vertical={false} />
        | ^^^^^^^^^^^^^^^^^^^^^^^^^^^^^^^^^^^^^^^^^^^^^^^^^^^
  > 142 |                     <XAxis dataKey="time" hide />
        | ^^^^^^^^^^^^^^^^^^^^^^^^^^^^^^^^^^^^^^^^^^^^^^^^^^^
  > 143 |                     <YAxis axisLine={false} tickLine={false} fontSize={12} />
        | ^^^^^^^^^^^^^^^^^^^^^^^^^^^^^^^^^^^^^^^^^^^^^^^^^^^
  > 144 |                     <Tooltip />
        | ^^^^^^^^^^^^^^^^^^^^^^^^^^^^^^^^^^^^^^^^^^^^^^^^^^^
  > 145 |                     <Area type="monotone" dataKey="cpu" stroke="#135bec" fill="#135bec" fillOpacity={0.1} name="CPU %" />
        | ^^^^^^^^^^^^^^^^^^^^^^^^^^^^^^^^^^^^^^^^^^^^^^^^^^^
  > 146 |                     <Area type="monotone" dataKey="memory" stroke="#00c49f" fill="#00c49f" fillOpacity={0.1} name="Memory %" />
        | ^^^^^^^^^^^^^^^^^^^^^^^^^^^^^^^^^^^^^^^^^^^^^^^^^^^
  > 147 |                   </AreaChart>
        | ^^^^^^^^^^^^^^^^^^^^^^^^^^^^^^^^^^^^^^^^^^^^^^^^^^^
  > 148 |                 </ResponsiveContainer>
        | ^^^^^^^^^^^^^^^^^^^^^^^^^^^^^^^^^^^^^^^^^^^^^^^^^^^
  > 149 |               </Box>
        | ^^^^^^^^^^^^^^^^^^^^^^^^^^^^^^^^^^^^^^^^^^^^^^^^^^^
  > 150 |             </CardContent>
        | ^^^^^^^^^^^^^^^^^^^^^^^^^^^^^^^^^^^^^^^^^^^^^^^^^^^
  > 151 |           </Card>
        | ^^^^^^^^^^^^^^^^^^^^^^^^^^^^^^^^^^^^^^^^^^^^^^^^^^^
  > 152 |
        | ^^^^^^^^^^^^^^^^^^^^^^^^^^^^^^^^^^^^^^^^^^^^^^^^^^^
  > 153 |           {/* Service List */}
        | ^^^^^^^^^^^^^^^^^^^^^^^^^^^^^^^^^^^^^^^^^^^^^^^^^^^
  > 154 |           <Card sx={{ borderRadius: 4 }}>
        | ^^^^^^^^^^^^^^^^^^^^^^^^^^^^^^^^^^^^^^^^^^^^^^^^^^^
  > 155 |             <CardContent>
        | ^^^^^^^^^^^^^^^^^^^^^^^^^^^^^^^^^^^^^^^^^^^^^^^^^^^
  > 156 |               <Typography variant="h6" fontWeight="bold" gutterBottom>Layanan Microservices</Typography>
        | ^^^^^^^^^^^^^^^^^^^^^^^^^^^^^^^^^^^^^^^^^^^^^^^^^^^
  > 157 |               <List sx={{ mt: 1 }}>
        | ^^^^^^^^^^^^^^^^^^^^^^^^^^^^^^^^^^^^^^^^^^^^^^^^^^^
  > 158 |                 {services.map((s, i) => (
        | ^^^^^^^^^^^^^^^^^^^^^^^^^^^^^^^^^^^^^^^^^^^^^^^^^^^
  > 159 |                   <React.Fragment key={s.name}>
        | ^^^^^^^^^^^^^^^^^^^^^^^^^^^^^^^^^^^^^^^^^^^^^^^^^^^
  > 160 |                     <ListItem sx={{ py: 1.5 }}>
        | ^^^^^^^^^^^^^^^^^^^^^^^^^^^^^^^^^^^^^^^^^^^^^^^^^^^
  > 161 |                       <ListItemIcon>
        | ^^^^^^^^^^^^^^^^^^^^^^^^^^^^^^^^^^^^^^^^^^^^^^^^^^^
  > 162 |                         <CheckCircleIcon color="success" />
        | ^^^^^^^^^^^^^^^^^^^^^^^^^^^^^^^^^^^^^^^^^^^^^^^^^^^
  > 163 |                       </ListItemIcon>
        | ^^^^^^^^^^^^^^^^^^^^^^^^^^^^^^^^^^^^^^^^^^^^^^^^^^^
  > 164 |                       <ListItemText
        | ^^^^^^^^^^^^^^^^^^^^^^^^^^^^^^^^^^^^^^^^^^^^^^^^^^^
  > 165 |                         primary={s.name}
        | ^^^^^^^^^^^^^^^^^^^^^^^^^^^^^^^^^^^^^^^^^^^^^^^^^^^
  > 166 |                         secondary={\`Uptime: \${s.uptime}\`}
        | ^^^^^^^^^^^^^^^^^^^^^^^^^^^^^^^^^^^^^^^^^^^^^^^^^^^
  > 167 |                         primaryTypographyProps={{ fontWeight: 'bold' }}
        | ^^^^^^^^^^^^^^^^^^^^^^^^^^^^^^^^^^^^^^^^^^^^^^^^^^^
  > 168 |                       />
        | ^^^^^^^^^^^^^^^^^^^^^^^^^^^^^^^^^^^^^^^^^^^^^^^^^^^
  > 169 |                       <Box sx={{ minWidth: 100, textAlign: 'right' }}>
        | ^^^^^^^^^^^^^^^^^^^^^^^^^^^^^^^^^^^^^^^^^^^^^^^^^^^
  > 170 |                         <Typography variant="caption" fontWeight="bold" display="block">Load: {s.load}%</Typography>
        | ^^^^^^^^^^^^^^^^^^^^^^^^^^^^^^^^^^^^^^^^^^^^^^^^^^^
  > 171 |                         <LinearProgress variant="determinate" value={s.load} sx={{ height: 4, borderRadius: 2, mt: 0.5 }} />
        | ^^^^^^^^^^^^^^^^^^^^^^^^^^^^^^^^^^^^^^^^^^^^^^^^^^^
  > 172 |                       </Box>
        | ^^^^^^^^^^^^^^^^^^^^^^^^^^^^^^^^^^^^^^^^^^^^^^^^^^^
  > 173 |                     </ListItem>
        | ^^^^^^^^^^^^^^^^^^^^^^^^^^^^^^^^^^^^^^^^^^^^^^^^^^^
  > 174 |                     {i < services.length - 1 && <Divider />}
        | ^^^^^^^^^^^^^^^^^^^^^^^^^^^^^^^^^^^^^^^^^^^^^^^^^^^
  > 175 |                   </React.Fragment>
        | ^^^^^^^^^^^^^^^^^^^^^^^^^^^^^^^^^^^^^^^^^^^^^^^^^^^
  > 176 |                 ))}
        | ^^^^^^^^^^^^^^^^^^^^^^^^^^^^^^^^^^^^^^^^^^^^^^^^^^^
  > 177 |               </List>
        | ^^^^^^^^^^^^^^^^^^^^^^^^^^^^^^^^^^^^^^^^^^^^^^^^^^^
  > 178 |             </CardContent>
        | ^^^^^^^^^^^^^^^^^^^^^^^^^^^^^^^^^^^^^^^^^^^^^^^^^^^
  > 179 |           </Card>
        | ^^^^^^^^^^^^^^^^^^^^^^^^^^^^^^^^^^^^^^^^^^^^^^^^^^^
  > 180 |         </Grid>
        | ^^^^^^^^^^^^^^^^^^^^^^^^^^^^^^^^^^^^^^^^^^^^^^^^^^^
  > 181 |
        | ^^^^^^^^^^^^^^^^^^^^^^^^^^^^^^^^^^^^^^^^^^^^^^^^^^^
  > 182 |         {/* Incidents & Database */}
        | ^^^^^^^^^^^^^^^^^^^^^^^^^^^^^^^^^^^^^^^^^^^^^^^^^^^
  > 183 |         <Grid size={{ xs: 12, lg: 4 }}>
        | ^^^^^^^^^^^^^^^^^^^^^^^^^^^^^^^^^^^^^^^^^^^^^^^^^^^
  > 184 |           <Stack spacing={3}>
        | ^^^^^^^^^^^^^^^^^^^^^^^^^^^^^^^^^^^^^^^^^^^^^^^^^^^
  > 185 |             <Card sx={{ borderRadius: 4 }}>
        | ^^^^^^^^^^^^^^^^^^^^^^^^^^^^^^^^^^^^^^^^^^^^^^^^^^^
  > 186 |               <CardContent>
        | ^^^^^^^^^^^^^^^^^^^^^^^^^^^^^^^^^^^^^^^^^^^^^^^^^^^
  > 187 |                 <Typography variant="h6" fontWeight="bold" gutterBottom>Recent Incidents</Typography>
        | ^^^^^^^^^^^^^^^^^^^^^^^^^^^^^^^^^^^^^^^^^^^^^^^^^^^
  > 188 |                 <Stack spacing={2} mt={2}>
        | ^^^^^^^^^^^^^^^^^^^^^^^^^^^^^^^^^^^^^^^^^^^^^^^^^^^
  > 189 |                   <Box p={2} bgcolor="#fff1f0" borderRadius={3} border="1px solid #ffccc7">
        | ^^^^^^^^^^^^^^^^^^^^^^^^^^^^^^^^^^^^^^^^^^^^^^^^^^^
  > 190 |                     <Stack direction="row" spacing={1} alignItems="center" mb={1}>
        | ^^^^^^^^^^^^^^^^^^^^^^^^^^^^^^^^^^^^^^^^^^^^^^^^^^^
  > 191 |                       <WarningIcon sx={{ color: '#ff4d4f', fontSize: 20 }} />
        | ^^^^^^^^^^^^^^^^^^^^^^^^^^^^^^^^^^^^^^^^^^^^^^^^^^^
  > 192 |                       <Typography variant="subtitle2" fontWeight="bold" color="#a8071a">Model Latency Spike</Typography>
        | ^^^^^^^^^^^^^^^^^^^^^^^^^^^^^^^^^^^^^^^^^^^^^^^^^^^
  > 193 |                     </Stack>
        | ^^^^^^^^^^^^^^^^^^^^^^^^^^^^^^^^^^^^^^^^^^^^^^^^^^^
  > 194 |                     <Typography variant="caption" color="#cf1322" display="block">
        | ^^^^^^^^^^^^^^^^^^^^^^^^^^^^^^^^^^^^^^^^^^^^^^^^^^^
  > 195 |                       Detected 2.5s latency on ML Inference service. Auto-scaled compute node.
        | ^^^^^^^^^^^^^^^^^^^^^^^^^^^^^^^^^^^^^^^^^^^^^^^^^^^
  > 196 |                     </Typography>
        | ^^^^^^^^^^^^^^^^^^^^^^^^^^^^^^^^^^^^^^^^^^^^^^^^^^^
  > 197 |                     <Typography variant="caption" color="text.secondary">14:22 PM</Typography>
        | ^^^^^^^^^^^^^^^^^^^^^^^^^^^^^^^^^^^^^^^^^^^^^^^^^^^
  > 198 |                   </Box>
        | ^^^^^^^^^^^^^^^^^^^^^^^^^^^^^^^^^^^^^^^^^^^^^^^^^^^
  > 199 |                   <Box p={2} bgcolor="#f6ffed" borderRadius={3} border="1px solid #b7eb8f">
        | ^^^^^^^^^^^^^^^^^^^^^^^^^^^^^^^^^^^^^^^^^^^^^^^^^^^
  > 200 |                     <Stack direction="row" spacing={1} alignItems="center" mb={1}>
        | ^^^^^^^^^^^^^^^^^^^^^^^^^^^^^^^^^^^^^^^^^^^^^^^^^^^
  > 201 |                       <CheckCircleIcon sx={{ color: '#52c41a', fontSize: 20 }} />
        | ^^^^^^^^^^^^^^^^^^^^^^^^^^^^^^^^^^^^^^^^^^^^^^^^^^^
  > 202 |                       <Typography variant="subtitle2" fontWeight="bold" color="#237804">Daily Backup Verified</Typography>
        | ^^^^^^^^^^^^^^^^^^^^^^^^^^^^^^^^^^^^^^^^^^^^^^^^^^^
  > 203 |                     </Stack>
        | ^^^^^^^^^^^^^^^^^^^^^^^^^^^^^^^^^^^^^^^^^^^^^^^^^^^
  > 204 |                     <Typography variant="caption" color="#389e0d" display="block">
        | ^^^^^^^^^^^^^^^^^^^^^^^^^^^^^^^^^^^^^^^^^^^^^^^^^^^
  > 205 |                       Encrypted backup stored in S3 Singapore region.
        | ^^^^^^^^^^^^^^^^^^^^^^^^^^^^^^^^^^^^^^^^^^^^^^^^^^^
  > 206 |                     </Typography>
        | ^^^^^^^^^^^^^^^^^^^^^^^^^^^^^^^^^^^^^^^^^^^^^^^^^^^
  > 207 |                     <Typography variant="caption" color="text.secondary">02:00 AM</Typography>
        | ^^^^^^^^^^^^^^^^^^^^^^^^^^^^^^^^^^^^^^^^^^^^^^^^^^^
  > 208 |                   </Box>
        | ^^^^^^^^^^^^^^^^^^^^^^^^^^^^^^^^^^^^^^^^^^^^^^^^^^^
  > 209 |                 </Stack>
        | ^^^^^^^^^^^^^^^^^^^^^^^^^^^^^^^^^^^^^^^^^^^^^^^^^^^
  > 210 |               </CardContent>
        | ^^^^^^^^^^^^^^^^^^^^^^^^^^^^^^^^^^^^^^^^^^^^^^^^^^^
  > 211 |             </Card>
        | ^^^^^^^^^^^^^^^^^^^^^^^^^^^^^^^^^^^^^^^^^^^^^^^^^^^
  > 212 |
        | ^^^^^^^^^^^^^^^^^^^^^^^^^^^^^^^^^^^^^^^^^^^^^^^^^^^
  > 213 |             <Card sx={{ borderRadius: 4 }}>
        | ^^^^^^^^^^^^^^^^^^^^^^^^^^^^^^^^^^^^^^^^^^^^^^^^^^^
  > 214 |               <CardContent>
        | ^^^^^^^^^^^^^^^^^^^^^^^^^^^^^^^^^^^^^^^^^^^^^^^^^^^
  > 215 |                  <Typography variant="h6" fontWeight="bold" gutterBottom>Data API Health</Typography>
        | ^^^^^^^^^^^^^^^^^^^^^^^^^^^^^^^^^^^^^^^^^^^^^^^^^^^
  > 216 |                  <Stack spacing={2} mt={2}>
        | ^^^^^^^^^^^^^^^^^^^^^^^^^^^^^^^^^^^^^^^^^^^^^^^^^^^
  > 217 |                    <Box>
        | ^^^^^^^^^^^^^^^^^^^^^^^^^^^^^^^^^^^^^^^^^^^^^^^^^^^
  > 218 |                      <Typography variant="caption" color="text.secondary">Query Cache Hit Rate</Typography>
        | ^^^^^^^^^^^^^^^^^^^^^^^^^^^^^^^^^^^^^^^^^^^^^^^^^^^
  > 219 |                      <Typography variant="h5" fontWeight="bold">92%</Typography>
        | ^^^^^^^^^^^^^^^^^^^^^^^^^^^^^^^^^^^^^^^^^^^^^^^^^^^
  > 220 |                    </Box>
        | ^^^^^^^^^^^^^^^^^^^^^^^^^^^^^^^^^^^^^^^^^^^^^^^^^^^
  > 221 |                    <Divider />
        | ^^^^^^^^^^^^^^^^^^^^^^^^^^^^^^^^^^^^^^^^^^^^^^^^^^^
  > 222 |                    <Box>
        | ^^^^^^^^^^^^^^^^^^^^^^^^^^^^^^^^^^^^^^^^^^^^^^^^^^^
  > 223 |                      <Typography variant="caption" color="text.secondary">Active Connections</Typography>
        | ^^^^^^^^^^^^^^^^^^^^^^^^^^^^^^^^^^^^^^^^^^^^^^^^^^^
  > 224 |                      <Typography variant="h5" fontWeight="bold">12 / 100</Typography>
        | ^^^^^^^^^^^^^^^^^^^^^^^^^^^^^^^^^^^^^^^^^^^^^^^^^^^
  > 225 |                    </Box>
        | ^^^^^^^^^^^^^^^^^^^^^^^^^^^^^^^^^^^^^^^^^^^^^^^^^^^
  > 226 |                  </Stack>
        | ^^^^^^^^^^^^^^^^^^^^^^^^^^^^^^^^^^^^^^^^^^^^^^^^^^^
  > 227 |               </CardContent>
        | ^^^^^^^^^^^^^^^^^^^^^^^^^^^^^^^^^^^^^^^^^^^^^^^^^^^
  > 228 |             </Card>
        | ^^^^^^^^^^^^^^^^^^^^^^^^^^^^^^^^^^^^^^^^^^^^^^^^^^^
  > 229 |           </Stack>
        | ^^^^^^^^^^^^^^^^^^^^^^^^^^^^^^^^^^^^^^^^^^^^^^^^^^^
  > 230 |         </Grid>
        | ^^^^^^^^^^^^^^^^^^^^^^^^^^^^^^^^^^^^^^^^^^^^^^^^^^^
  > 231 |       </Grid>
        | ^^^^^^^^^^^^^^^^^^^^^^^^^^^^^^^^^^^^^^^^^^^^^^^^^^^
  > 232 |     </Box>
        | ^^^^^^^^^^^^^^^^^^^^^^^^^^^^^^^^^^^^^^^^^^^^^^^^^^^
  > 233 |   );
        | ^^^^^^^^^^^^^^^^^^^^^^^^^^^^^^^^^^^^^^^^^^^^^^^^^^^
  > 234 | };
        | ^^^^^^^^^^^^^^^^^^^^^^^^^^^^^^^^^^^^^^^^^^^^^^^^^^^
  > 235 |
        | ^^^^^^^^^^^^^^^^^^^^^^^^^^^^^^^^^^^^^^^^^^^^^^^^^^^
  > 236 | export default Monitoring;
        | ^^^^^^^^^^^^^^^^^^^^^^^^^^^^^^^^^^^^^^^^^^^^^^^^^^^
  > 237 |
        | ^

ERROR in src/pages/Patients.tsx:183:18
TS2304: Cannot find name 'MenuItem'.
    181 |                 onChange={(e) => setNewPatient({ ...newPatient, gender: e.target.value })}
    182 |               >
  > 183 |                 <MenuItem value="Male">Male</MenuItem>
        |                  ^^^^^^^^
    184 |                 <MenuItem value="Female">Female</MenuItem>
    185 |               </TextField>
    186 |             </Grid>

ERROR in src/pages/Patients.tsx:183:46
TS2304: Cannot find name 'MenuItem'.
    181 |                 onChange={(e) => setNewPatient({ ...newPatient, gender: e.target.value })}
    182 |               >
  > 183 |                 <MenuItem value="Male">Male</MenuItem>
        |                                              ^^^^^^^^
    184 |                 <MenuItem value="Female">Female</MenuItem>
    185 |               </TextField>
    186 |             </Grid>

ERROR in src/pages/Patients.tsx:184:18
TS2304: Cannot find name 'MenuItem'.
    182 |               >
    183 |                 <MenuItem value="Male">Male</MenuItem>
  > 184 |                 <MenuItem value="Female">Female</MenuItem>
        |                  ^^^^^^^^
    185 |               </TextField>
    186 |             </Grid>
    187 |           </Grid>

ERROR in src/pages/Patients.tsx:184:50
TS2304: Cannot find name 'MenuItem'.
    182 |               >
    183 |                 <MenuItem value="Male">Male</MenuItem>
  > 184 |                 <MenuItem value="Female">Female</MenuItem>
        |                                                  ^^^^^^^^
    185 |               </TextField>
    186 |             </Grid>
    187 |           </Grid>

ERROR in src/pages/Reports.tsx
TS1127: Invalid character.

ERROR in src/pages/Reports.tsx
TS1160: Unterminated template literal.

ERROR in src/pages/Users.tsx:168:13
TS2769: No overload matches this call.
  Overload 1 of 2, '(props: { component: ElementType<any, keyof IntrinsicElements>; } & GridBaseProps & { sx?: SxProps<Theme> | undefined; } & SystemProps<...> & Omit<...>): Element | null', gave the following error.
    Property 'component' is missing in type '{ children: Element; item: true; xs: number; }' but required in type '{ component: ElementType<any, keyof IntrinsicElements>; }'.
  Overload 2 of 2, '(props: DefaultComponentProps<GridTypeMap<{}, "div">>): Element | null', gave the following error.
    Type '{ children: Element; item: true; xs: number; }' is not assignable to type 'IntrinsicAttributes & GridBaseProps & { sx?: SxProps<Theme> | undefined; } & SystemProps<Theme> & Omit<...>'.
      Property 'item' does not exist on type 'IntrinsicAttributes & GridBaseProps & { sx?: SxProps<Theme> | undefined; } & SystemProps<Theme> & Omit<...>'.
    166 |           {error && <Alert severity="error" sx={{ mb: 2 }}>{error}</Alert>}
    167 |           <Grid container spacing={2} sx={{ mt: 1 }}>
  > 168 |             <Grid item xs={12}>
        |             ^^^^^^^^^^^^^^^^^^^
    169 |               <TextField
    170 |                 fullWidth
    171 |                 label="Nama Lengkap"

ERROR in src/pages/Users.tsx:176:13
TS2769: No overload matches this call.
  Overload 1 of 2, '(props: { component: ElementType<any, keyof IntrinsicElements>; } & GridBaseProps & { sx?: SxProps<Theme> | undefined; } & SystemProps<...> & Omit<...>): Element | null', gave the following error.
    Property 'component' is missing in type '{ children: Element; item: true; xs: number; }' but required in type '{ component: ElementType<any, keyof IntrinsicElements>; }'.
  Overload 2 of 2, '(props: DefaultComponentProps<GridTypeMap<{}, "div">>): Element | null', gave the following error.
    Type '{ children: Element; item: true; xs: number; }' is not assignable to type 'IntrinsicAttributes & GridBaseProps & { sx?: SxProps<Theme> | undefined; } & SystemProps<Theme> & Omit<...>'.
      Property 'item' does not exist on type 'IntrinsicAttributes & GridBaseProps & { sx?: SxProps<Theme> | undefined; } & SystemProps<Theme> & Omit<...>'.
    174 |               />
    175 |             </Grid>
  > 176 |             <Grid item xs={12}>
        |             ^^^^^^^^^^^^^^^^^^^
    177 |               <TextField
    178 |                 fullWidth
    179 |                 label="Email"

ERROR in src/pages/Users.tsx:185:13
TS2769: No overload matches this call.
  Overload 1 of 2, '(props: { component: ElementType<any, keyof IntrinsicElements>; } & GridBaseProps & { sx?: SxProps<Theme> | undefined; } & SystemProps<...> & Omit<...>): Element | null', gave the following error.
    Property 'component' is missing in type '{ children: Element; item: true; xs: number; }' but required in type '{ component: ElementType<any, keyof IntrinsicElements>; }'.
  Overload 2 of 2, '(props: DefaultComponentProps<GridTypeMap<{}, "div">>): Element | null', gave the following error.
    Type '{ children: Element; item: true; xs: number; }' is not assignable to type 'IntrinsicAttributes & GridBaseProps & { sx?: SxProps<Theme> | undefined; } & SystemProps<Theme> & Omit<...>'.
      Property 'item' does not exist on type 'IntrinsicAttributes & GridBaseProps & { sx?: SxProps<Theme> | undefined; } & SystemProps<Theme> & Omit<...>'.
    183 |               />
    184 |             </Grid>
  > 185 |             <Grid item xs={12}>
        |             ^^^^^^^^^^^^^^^^^^^
    186 |               <TextField
    187 |                 fullWidth
    188 |                 label="Password"

ERROR in src/pages/Users.tsx:194:13
TS2769: No overload matches this call.
  Overload 1 of 2, '(props: { component: ElementType<any, keyof IntrinsicElements>; } & GridBaseProps & { sx?: SxProps<Theme> | undefined; } & SystemProps<...> & Omit<...>): Element | null', gave the following error.
    Property 'component' is missing in type '{ children: Element; item: true; xs: number; }' but required in type '{ component: ElementType<any, keyof IntrinsicElements>; }'.
  Overload 2 of 2, '(props: DefaultComponentProps<GridTypeMap<{}, "div">>): Element | null', gave the following error.
    Type '{ children: Element; item: true; xs: number; }' is not assignable to type 'IntrinsicAttributes & GridBaseProps & { sx?: SxProps<Theme> | undefined; } & SystemProps<Theme> & Omit<...>'.
      Property 'item' does not exist on type 'IntrinsicAttributes & GridBaseProps & { sx?: SxProps<Theme> | undefined; } & SystemProps<Theme> & Omit<...>'.
    192 |               />
    193 |             </Grid>
  > 194 |             <Grid item xs={12}>
        |             ^^^^^^^^^^^^^^^^^^^
    195 |               <TextField
    196 |                 fullWidth
    197 |                 select

Compiling...
Compiled with warnings.

[eslint]
src/components/layout/Sidebar.tsx
  Line 11:15:  'BarChartIcon' is defined but never used  @typescript-eslint/no-unused-vars

src/pages/ActivityLogs.tsx
  Line 6:24:  'AssignmentIcon' is defined but never used  @typescript-eslint/no-unused-vars

src/pages/Dashboard.tsx
  Line 4:26:   'Paper' is defined but never used                  @typescript-eslint/no-unused-vars
  Line 11:24:  'FiberManualRecordIcon' is defined but never used  @typescript-eslint/no-unused-vars
  Line 12:15:  'TimelineIcon' is defined but never used           @typescript-eslint/no-unused-vars
  Line 13:12:  'SpeedIcon' is defined but never used              @typescript-eslint/no-unused-vars
  Line 14:14:  'HistoryIcon' is defined but never used            @typescript-eslint/no-unused-vars

src/pages/MRIAnalysis.tsx
  Line 4:28:   'Chip' is defined but never used      @typescript-eslint/no-unused-vars
  Line 11:11:  'InfoIcon' is defined but never used  @typescript-eslint/no-unused-vars

src/pages/Permissions.tsx
  Line 2:22:  'Paper' is defined but never used  @typescript-eslint/no-unused-vars

src/pages/Users.tsx
  Line 22:3:  'Card' is defined but never used  @typescript-eslint/no-unused-vars

Search for the keywords to learn more about each warning.
To ignore, add // eslint-disable-next-line to the line before.

WARNING in [eslint]
src/components/layout/Sidebar.tsx
  Line 11:15:  'BarChartIcon' is defined but never used  @typescript-eslint/no-unused-vars

src/pages/ActivityLogs.tsx
  Line 6:24:  'AssignmentIcon' is defined but never used  @typescript-eslint/no-unused-vars

src/pages/Dashboard.tsx
  Line 4:26:   'Paper' is defined but never used                  @typescript-eslint/no-unused-vars
  Line 11:24:  'FiberManualRecordIcon' is defined but never used  @typescript-eslint/no-unused-vars
  Line 12:15:  'TimelineIcon' is defined but never used           @typescript-eslint/no-unused-vars
  Line 13:12:  'SpeedIcon' is defined but never used              @typescript-eslint/no-unused-vars
  Line 14:14:  'HistoryIcon' is defined but never used            @typescript-eslint/no-unused-vars

src/pages/MRIAnalysis.tsx
  Line 4:28:   'Chip' is defined but never used      @typescript-eslint/no-unused-vars
  Line 11:11:  'InfoIcon' is defined but never used  @typescript-eslint/no-unused-vars

src/pages/Permissions.tsx
  Line 2:22:  'Paper' is defined but never used  @typescript-eslint/no-unused-vars

src/pages/Users.tsx
  Line 22:3:  'Card' is defined but never used  @typescript-eslint/no-unused-vars

webpack compiled with 1 warning
ERROR in src/pages/Monitoring.tsx
TS1127: Invalid character.

ERROR in src/pages/Monitoring.tsx
TS1160: Unterminated template literal.

ERROR in src/pages/Monitoring.tsx:44:19
TS2349: This expression is not callable.
  Type '{ time: any; }' has no call signatures.
    42 |       const data = [];
    43 |       for (let i = 0; i < 20; i++) {
  > 44 |         data.push({
       |                   ^
  > 45 |           time: \`12:\${i < 10 ? '0' + i : i}\`,
       | ^^^^^^^^^^^^^^^^^^
    46 |           cpu: Math.floor(Math.random() * 30) + 20,
    47 |           memory: Math.floor(Math.random() * 20) + 40,
    48 |         });

ERROR in src/pages/Monitoring.tsx:45:18
TS1136: Property assignment expected.
     43 |       for (let i = 0; i < 20; i++) {
     44 |         data.push({
  >  45 |           time: \`12:\${i < 10 ? '0' + i : i}\`,
        |                  ^^^^^^^^^^^^^^^^^^^^^^^^^^^^^^^
  >  46 |           cpu: Math.floor(Math.random() * 30) + 20,
        | ^^^^^^^^^^^^^^^^^^^^^^^^^^^^^^^^^^^^^^^^^^^^^^^^^^^
  >  47 |           memory: Math.floor(Math.random() * 20) + 40,
        | ^^^^^^^^^^^^^^^^^^^^^^^^^^^^^^^^^^^^^^^^^^^^^^^^^^^
  >  48 |         });
        | ^^^^^^^^^^^^^^^^^^^^^^^^^^^^^^^^^^^^^^^^^^^^^^^^^^^
  >  49 |       }
        | ^^^^^^^^^^^^^^^^^^^^^^^^^^^^^^^^^^^^^^^^^^^^^^^^^^^
  >  50 |       setMetrics(data);
        | ^^^^^^^^^^^^^^^^^^^^^^^^^^^^^^^^^^^^^^^^^^^^^^^^^^^
  >  51 |     };
        | ^^^^^^^^^^^^^^^^^^^^^^^^^^^^^^^^^^^^^^^^^^^^^^^^^^^
  >  52 |     generateData();
        | ^^^^^^^^^^^^^^^^^^^^^^^^^^^^^^^^^^^^^^^^^^^^^^^^^^^
  >  53 |     const interval = setInterval(() => {
        | ^^^^^^^^^^^^^^^^^^^^^^^^^^^^^^^^^^^^^^^^^^^^^^^^^^^
  >  54 |       setMetrics(prev => {
        | ^^^^^^^^^^^^^^^^^^^^^^^^^^^^^^^^^^^^^^^^^^^^^^^^^^^
  >  55 |         const newEntry = {
        | ^^^^^^^^^^^^^^^^^^^^^^^^^^^^^^^^^^^^^^^^^^^^^^^^^^^
  >  56 |           time: new Date().toLocaleTimeString([], { hour: '2-digit', minute: '2-digit', second: '2-digit' }),
        | ^^^^^^^^^^^^^^^^^^^^^^^^^^^^^^^^^^^^^^^^^^^^^^^^^^^
  >  57 |           cpu: Math.floor(Math.random() * 30) + 20,
        | ^^^^^^^^^^^^^^^^^^^^^^^^^^^^^^^^^^^^^^^^^^^^^^^^^^^
  >  58 |           memory: Math.floor(Math.random() * 20) + 40,
        | ^^^^^^^^^^^^^^^^^^^^^^^^^^^^^^^^^^^^^^^^^^^^^^^^^^^
  >  59 |         };
        | ^^^^^^^^^^^^^^^^^^^^^^^^^^^^^^^^^^^^^^^^^^^^^^^^^^^
  >  60 |         return [...prev.slice(1), newEntry];
        | ^^^^^^^^^^^^^^^^^^^^^^^^^^^^^^^^^^^^^^^^^^^^^^^^^^^
  >  61 |       });
        | ^^^^^^^^^^^^^^^^^^^^^^^^^^^^^^^^^^^^^^^^^^^^^^^^^^^
  >  62 |     }, 3000);
        | ^^^^^^^^^^^^^^^^^^^^^^^^^^^^^^^^^^^^^^^^^^^^^^^^^^^
  >  63 |     return () => clearInterval(interval);
        | ^^^^^^^^^^^^^^^^^^^^^^^^^^^^^^^^^^^^^^^^^^^^^^^^^^^
  >  64 |   }, []);
        | ^^^^^^^^^^^^^^^^^^^^^^^^^^^^^^^^^^^^^^^^^^^^^^^^^^^
  >  65 |
        | ^^^^^^^^^^^^^^^^^^^^^^^^^^^^^^^^^^^^^^^^^^^^^^^^^^^
  >  66 |   const services = [
        | ^^^^^^^^^^^^^^^^^^^^^^^^^^^^^^^^^^^^^^^^^^^^^^^^^^^
  >  67 |     { name: 'API Gateway', status: 'Healthy', uptime: '14d 2h', load: 15 },
        | ^^^^^^^^^^^^^^^^^^^^^^^^^^^^^^^^^^^^^^^^^^^^^^^^^^^
  >  68 |     { name: 'ML Inference', status: 'Healthy', uptime: '14d 2h', load: 68 },
        | ^^^^^^^^^^^^^^^^^^^^^^^^^^^^^^^^^^^^^^^^^^^^^^^^^^^
  >  69 |     { name: 'PostgreSQL', status: 'Healthy', uptime: '45d 8h', load: 8 },
        | ^^^^^^^^^^^^^^^^^^^^^^^^^^^^^^^^^^^^^^^^^^^^^^^^^^^
  >  70 |     { name: 'Redis Cache', status: 'Healthy', uptime: '120d 5h', load: 2 },
        | ^^^^^^^^^^^^^^^^^^^^^^^^^^^^^^^^^^^^^^^^^^^^^^^^^^^
  >  71 |   ];
        | ^^^^^^^^^^^^^^^^^^^^^^^^^^^^^^^^^^^^^^^^^^^^^^^^^^^
  >  72 |
        | ^^^^^^^^^^^^^^^^^^^^^^^^^^^^^^^^^^^^^^^^^^^^^^^^^^^
  >  73 |   return (
        | ^^^^^^^^^^^^^^^^^^^^^^^^^^^^^^^^^^^^^^^^^^^^^^^^^^^
  >  74 |     <Box>
        | ^^^^^^^^^^^^^^^^^^^^^^^^^^^^^^^^^^^^^^^^^^^^^^^^^^^
  >  75 |       <Box mb={4}>
        | ^^^^^^^^^^^^^^^^^^^^^^^^^^^^^^^^^^^^^^^^^^^^^^^^^^^
  >  76 |         <Typography variant="h4" fontWeight="bold">System Monitoring</Typography>
        | ^^^^^^^^^^^^^^^^^^^^^^^^^^^^^^^^^^^^^^^^^^^^^^^^^^^
  >  77 |         <Typography variant="body2" color="text.secondary">Real-time health status of Bumame AI infrastructure.</Typography>
        | ^^^^^^^^^^^^^^^^^^^^^^^^^^^^^^^^^^^^^^^^^^^^^^^^^^^
  >  78 |       </Box>
        | ^^^^^^^^^^^^^^^^^^^^^^^^^^^^^^^^^^^^^^^^^^^^^^^^^^^
  >  79 |
        | ^^^^^^^^^^^^^^^^^^^^^^^^^^^^^^^^^^^^^^^^^^^^^^^^^^^
  >  80 |       {/* Top Cards */}
        | ^^^^^^^^^^^^^^^^^^^^^^^^^^^^^^^^^^^^^^^^^^^^^^^^^^^
  >  81 |       <Grid container spacing={3} mb={4}>
        | ^^^^^^^^^^^^^^^^^^^^^^^^^^^^^^^^^^^^^^^^^^^^^^^^^^^
  >  82 |         <Grid size={{ xs: 12, sm: 6, lg: 3 }}>
        | ^^^^^^^^^^^^^^^^^^^^^^^^^^^^^^^^^^^^^^^^^^^^^^^^^^^
  >  83 |           <Card sx={{ borderRadius: 4, bgcolor: '#135bec', color: 'white' }}>
        | ^^^^^^^^^^^^^^^^^^^^^^^^^^^^^^^^^^^^^^^^^^^^^^^^^^^
  >  84 |             <CardContent>
        | ^^^^^^^^^^^^^^^^^^^^^^^^^^^^^^^^^^^^^^^^^^^^^^^^^^^
  >  85 |               <Stack direction="row" justifyContent="space-between" mb={2}>
        | ^^^^^^^^^^^^^^^^^^^^^^^^^^^^^^^^^^^^^^^^^^^^^^^^^^^
  >  86 |                 <Typography variant="subtitle2">System Uptime</Typography>
        | ^^^^^^^^^^^^^^^^^^^^^^^^^^^^^^^^^^^^^^^^^^^^^^^^^^^
  >  87 |                 <CloudDoneIcon />
        | ^^^^^^^^^^^^^^^^^^^^^^^^^^^^^^^^^^^^^^^^^^^^^^^^^^^
  >  88 |               </Stack>
        | ^^^^^^^^^^^^^^^^^^^^^^^^^^^^^^^^^^^^^^^^^^^^^^^^^^^
  >  89 |               <Typography variant="h4" fontWeight="bold">99.98%</Typography>
        | ^^^^^^^^^^^^^^^^^^^^^^^^^^^^^^^^^^^^^^^^^^^^^^^^^^^
  >  90 |               <Typography variant="caption">Active for 142 days</Typography>
        | ^^^^^^^^^^^^^^^^^^^^^^^^^^^^^^^^^^^^^^^^^^^^^^^^^^^
  >  91 |             </CardContent>
        | ^^^^^^^^^^^^^^^^^^^^^^^^^^^^^^^^^^^^^^^^^^^^^^^^^^^
  >  92 |           </Card>
        | ^^^^^^^^^^^^^^^^^^^^^^^^^^^^^^^^^^^^^^^^^^^^^^^^^^^
  >  93 |         </Grid>
        | ^^^^^^^^^^^^^^^^^^^^^^^^^^^^^^^^^^^^^^^^^^^^^^^^^^^
  >  94 |         <Grid size={{ xs: 12, sm: 6, lg: 3 }}>
        | ^^^^^^^^^^^^^^^^^^^^^^^^^^^^^^^^^^^^^^^^^^^^^^^^^^^
  >  95 |           <Card sx={{ borderRadius: 4 }}>
        | ^^^^^^^^^^^^^^^^^^^^^^^^^^^^^^^^^^^^^^^^^^^^^^^^^^^
  >  96 |             <CardContent>
        | ^^^^^^^^^^^^^^^^^^^^^^^^^^^^^^^^^^^^^^^^^^^^^^^^^^^
  >  97 |               <Stack direction="row" justifyContent="space-between" mb={2}>
        | ^^^^^^^^^^^^^^^^^^^^^^^^^^^^^^^^^^^^^^^^^^^^^^^^^^^
  >  98 |                 <Typography variant="subtitle2" color="text.secondary">Avg. Latency</Typography>
        | ^^^^^^^^^^^^^^^^^^^^^^^^^^^^^^^^^^^^^^^^^^^^^^^^^^^
  >  99 |                 <FlashOnIcon color="warning" />
        | ^^^^^^^^^^^^^^^^^^^^^^^^^^^^^^^^^^^^^^^^^^^^^^^^^^^
  > 100 |               </Stack>
        | ^^^^^^^^^^^^^^^^^^^^^^^^^^^^^^^^^^^^^^^^^^^^^^^^^^^
  > 101 |               <Typography variant="h4" fontWeight="bold">1.2s</Typography>
        | ^^^^^^^^^^^^^^^^^^^^^^^^^^^^^^^^^^^^^^^^^^^^^^^^^^^
  > 102 |               <Typography variant="caption" color="text.secondary">ML Inference delay</Typography>
        | ^^^^^^^^^^^^^^^^^^^^^^^^^^^^^^^^^^^^^^^^^^^^^^^^^^^
  > 103 |             </CardContent>
        | ^^^^^^^^^^^^^^^^^^^^^^^^^^^^^^^^^^^^^^^^^^^^^^^^^^^
  > 104 |           </Card>
        | ^^^^^^^^^^^^^^^^^^^^^^^^^^^^^^^^^^^^^^^^^^^^^^^^^^^
  > 105 |         </Grid>
        | ^^^^^^^^^^^^^^^^^^^^^^^^^^^^^^^^^^^^^^^^^^^^^^^^^^^
  > 106 |         <Grid size={{ xs: 12, sm: 6, lg: 3 }}>
        | ^^^^^^^^^^^^^^^^^^^^^^^^^^^^^^^^^^^^^^^^^^^^^^^^^^^
  > 107 |           <Card sx={{ borderRadius: 4 }}>
        | ^^^^^^^^^^^^^^^^^^^^^^^^^^^^^^^^^^^^^^^^^^^^^^^^^^^
  > 108 |             <CardContent>
        | ^^^^^^^^^^^^^^^^^^^^^^^^^^^^^^^^^^^^^^^^^^^^^^^^^^^
  > 109 |               <Stack direction="row" justifyContent="space-between" mb={2}>
        | ^^^^^^^^^^^^^^^^^^^^^^^^^^^^^^^^^^^^^^^^^^^^^^^^^^^
  > 110 |                 <Typography variant="subtitle2" color="text.secondary">CPU Usage</Typography>
        | ^^^^^^^^^^^^^^^^^^^^^^^^^^^^^^^^^^^^^^^^^^^^^^^^^^^
  > 111 |                 <MemoryIcon color="primary" />
        | ^^^^^^^^^^^^^^^^^^^^^^^^^^^^^^^^^^^^^^^^^^^^^^^^^^^
  > 112 |               </Stack>
        | ^^^^^^^^^^^^^^^^^^^^^^^^^^^^^^^^^^^^^^^^^^^^^^^^^^^
  > 113 |               <Typography variant="h4" fontWeight="bold">{metrics[metrics.length-1]?.cpu || 0}%</Typography>
        | ^^^^^^^^^^^^^^^^^^^^^^^^^^^^^^^^^^^^^^^^^^^^^^^^^^^
  > 114 |               <Typography variant="caption" color="text.secondary">Cluster average</Typography>
        | ^^^^^^^^^^^^^^^^^^^^^^^^^^^^^^^^^^^^^^^^^^^^^^^^^^^
  > 115 |             </CardContent>
        | ^^^^^^^^^^^^^^^^^^^^^^^^^^^^^^^^^^^^^^^^^^^^^^^^^^^
  > 116 |           </Card>
        | ^^^^^^^^^^^^^^^^^^^^^^^^^^^^^^^^^^^^^^^^^^^^^^^^^^^
  > 117 |         </Grid>
        | ^^^^^^^^^^^^^^^^^^^^^^^^^^^^^^^^^^^^^^^^^^^^^^^^^^^
  > 118 |         <Grid size={{ xs: 12, sm: 6, lg: 3 }}>
        | ^^^^^^^^^^^^^^^^^^^^^^^^^^^^^^^^^^^^^^^^^^^^^^^^^^^
  > 119 |           <Card sx={{ borderRadius: 4 }}>
        | ^^^^^^^^^^^^^^^^^^^^^^^^^^^^^^^^^^^^^^^^^^^^^^^^^^^
  > 120 |             <CardContent>
        | ^^^^^^^^^^^^^^^^^^^^^^^^^^^^^^^^^^^^^^^^^^^^^^^^^^^
  > 121 |               <Stack direction="row" justifyContent="space-between" mb={2}>
        | ^^^^^^^^^^^^^^^^^^^^^^^^^^^^^^^^^^^^^^^^^^^^^^^^^^^
  > 122 |                 <Typography variant="subtitle2" color="text.secondary">Disk Ops</Typography>
        | ^^^^^^^^^^^^^^^^^^^^^^^^^^^^^^^^^^^^^^^^^^^^^^^^^^^
  > 123 |                 <StorageIcon color="info" />
        | ^^^^^^^^^^^^^^^^^^^^^^^^^^^^^^^^^^^^^^^^^^^^^^^^^^^
  > 124 |               </Stack>
        | ^^^^^^^^^^^^^^^^^^^^^^^^^^^^^^^^^^^^^^^^^^^^^^^^^^^
  > 125 |               <Typography variant="h4" fontWeight="bold">42MB/s</Typography>
        | ^^^^^^^^^^^^^^^^^^^^^^^^^^^^^^^^^^^^^^^^^^^^^^^^^^^
  > 126 |               <Typography variant="caption" color="text.secondary">Object storage throughput</Typography>
        | ^^^^^^^^^^^^^^^^^^^^^^^^^^^^^^^^^^^^^^^^^^^^^^^^^^^
  > 127 |             </CardContent>
        | ^^^^^^^^^^^^^^^^^^^^^^^^^^^^^^^^^^^^^^^^^^^^^^^^^^^
  > 128 |           </Card>
        | ^^^^^^^^^^^^^^^^^^^^^^^^^^^^^^^^^^^^^^^^^^^^^^^^^^^
  > 129 |         </Grid>
        | ^^^^^^^^^^^^^^^^^^^^^^^^^^^^^^^^^^^^^^^^^^^^^^^^^^^
  > 130 |       </Grid>
        | ^^^^^^^^^^^^^^^^^^^^^^^^^^^^^^^^^^^^^^^^^^^^^^^^^^^
  > 131 |
        | ^^^^^^^^^^^^^^^^^^^^^^^^^^^^^^^^^^^^^^^^^^^^^^^^^^^
  > 132 |       <Grid container spacing={3}>
        | ^^^^^^^^^^^^^^^^^^^^^^^^^^^^^^^^^^^^^^^^^^^^^^^^^^^
  > 133 |         {/* Resource Chart */}
        | ^^^^^^^^^^^^^^^^^^^^^^^^^^^^^^^^^^^^^^^^^^^^^^^^^^^
  > 134 |         <Grid size={{ xs: 12, lg: 8 }}>
        | ^^^^^^^^^^^^^^^^^^^^^^^^^^^^^^^^^^^^^^^^^^^^^^^^^^^
  > 135 |           <Card sx={{ borderRadius: 4, mb: 3 }}>
        | ^^^^^^^^^^^^^^^^^^^^^^^^^^^^^^^^^^^^^^^^^^^^^^^^^^^
  > 136 |             <CardContent>
        | ^^^^^^^^^^^^^^^^^^^^^^^^^^^^^^^^^^^^^^^^^^^^^^^^^^^
  > 137 |               <Typography variant="h6" fontWeight="bold" gutterBottom>Resource Performance (Cluster)</Typography>
        | ^^^^^^^^^^^^^^^^^^^^^^^^^^^^^^^^^^^^^^^^^^^^^^^^^^^
  > 138 |               <Box height={350} mt={2}>
        | ^^^^^^^^^^^^^^^^^^^^^^^^^^^^^^^^^^^^^^^^^^^^^^^^^^^
  > 139 |                 <ResponsiveContainer width="100%" height="100%">
        | ^^^^^^^^^^^^^^^^^^^^^^^^^^^^^^^^^^^^^^^^^^^^^^^^^^^
  > 140 |                   <AreaChart data={metrics}>
        | ^^^^^^^^^^^^^^^^^^^^^^^^^^^^^^^^^^^^^^^^^^^^^^^^^^^
  > 141 |                     <CartesianGrid strokeDasharray="3 3" vertical={false} />
        | ^^^^^^^^^^^^^^^^^^^^^^^^^^^^^^^^^^^^^^^^^^^^^^^^^^^
  > 142 |                     <XAxis dataKey="time" hide />
        | ^^^^^^^^^^^^^^^^^^^^^^^^^^^^^^^^^^^^^^^^^^^^^^^^^^^
  > 143 |                     <YAxis axisLine={false} tickLine={false} fontSize={12} />
        | ^^^^^^^^^^^^^^^^^^^^^^^^^^^^^^^^^^^^^^^^^^^^^^^^^^^
  > 144 |                     <Tooltip />
        | ^^^^^^^^^^^^^^^^^^^^^^^^^^^^^^^^^^^^^^^^^^^^^^^^^^^
  > 145 |                     <Area type="monotone" dataKey="cpu" stroke="#135bec" fill="#135bec" fillOpacity={0.1} name="CPU %" />
        | ^^^^^^^^^^^^^^^^^^^^^^^^^^^^^^^^^^^^^^^^^^^^^^^^^^^
  > 146 |                     <Area type="monotone" dataKey="memory" stroke="#00c49f" fill="#00c49f" fillOpacity={0.1} name="Memory %" />
        | ^^^^^^^^^^^^^^^^^^^^^^^^^^^^^^^^^^^^^^^^^^^^^^^^^^^
  > 147 |                   </AreaChart>
        | ^^^^^^^^^^^^^^^^^^^^^^^^^^^^^^^^^^^^^^^^^^^^^^^^^^^
  > 148 |                 </ResponsiveContainer>
        | ^^^^^^^^^^^^^^^^^^^^^^^^^^^^^^^^^^^^^^^^^^^^^^^^^^^
  > 149 |               </Box>
        | ^^^^^^^^^^^^^^^^^^^^^^^^^^^^^^^^^^^^^^^^^^^^^^^^^^^
  > 150 |             </CardContent>
        | ^^^^^^^^^^^^^^^^^^^^^^^^^^^^^^^^^^^^^^^^^^^^^^^^^^^
  > 151 |           </Card>
        | ^^^^^^^^^^^^^^^^^^^^^^^^^^^^^^^^^^^^^^^^^^^^^^^^^^^
  > 152 |
        | ^^^^^^^^^^^^^^^^^^^^^^^^^^^^^^^^^^^^^^^^^^^^^^^^^^^
  > 153 |           {/* Service List */}
        | ^^^^^^^^^^^^^^^^^^^^^^^^^^^^^^^^^^^^^^^^^^^^^^^^^^^
  > 154 |           <Card sx={{ borderRadius: 4 }}>
        | ^^^^^^^^^^^^^^^^^^^^^^^^^^^^^^^^^^^^^^^^^^^^^^^^^^^
  > 155 |             <CardContent>
        | ^^^^^^^^^^^^^^^^^^^^^^^^^^^^^^^^^^^^^^^^^^^^^^^^^^^
  > 156 |               <Typography variant="h6" fontWeight="bold" gutterBottom>Layanan Microservices</Typography>
        | ^^^^^^^^^^^^^^^^^^^^^^^^^^^^^^^^^^^^^^^^^^^^^^^^^^^
  > 157 |               <List sx={{ mt: 1 }}>
        | ^^^^^^^^^^^^^^^^^^^^^^^^^^^^^^^^^^^^^^^^^^^^^^^^^^^
  > 158 |                 {services.map((s, i) => (
        | ^^^^^^^^^^^^^^^^^^^^^^^^^^^^^^^^^^^^^^^^^^^^^^^^^^^
  > 159 |                   <React.Fragment key={s.name}>
        | ^^^^^^^^^^^^^^^^^^^^^^^^^^^^^^^^^^^^^^^^^^^^^^^^^^^
  > 160 |                     <ListItem sx={{ py: 1.5 }}>
        | ^^^^^^^^^^^^^^^^^^^^^^^^^^^^^^^^^^^^^^^^^^^^^^^^^^^
  > 161 |                       <ListItemIcon>
        | ^^^^^^^^^^^^^^^^^^^^^^^^^^^^^^^^^^^^^^^^^^^^^^^^^^^
  > 162 |                         <CheckCircleIcon color="success" />
        | ^^^^^^^^^^^^^^^^^^^^^^^^^^^^^^^^^^^^^^^^^^^^^^^^^^^
  > 163 |                       </ListItemIcon>
        | ^^^^^^^^^^^^^^^^^^^^^^^^^^^^^^^^^^^^^^^^^^^^^^^^^^^
  > 164 |                       <ListItemText
        | ^^^^^^^^^^^^^^^^^^^^^^^^^^^^^^^^^^^^^^^^^^^^^^^^^^^
  > 165 |                         primary={s.name}
        | ^^^^^^^^^^^^^^^^^^^^^^^^^^^^^^^^^^^^^^^^^^^^^^^^^^^
  > 166 |                         secondary={\`Uptime: \${s.uptime}\`}
        | ^^^^^^^^^^^^^^^^^^^^^^^^^^^^^^^^^^^^^^^^^^^^^^^^^^^
  > 167 |                         primaryTypographyProps={{ fontWeight: 'bold' }}
        | ^^^^^^^^^^^^^^^^^^^^^^^^^^^^^^^^^^^^^^^^^^^^^^^^^^^
  > 168 |                       />
        | ^^^^^^^^^^^^^^^^^^^^^^^^^^^^^^^^^^^^^^^^^^^^^^^^^^^
  > 169 |                       <Box sx={{ minWidth: 100, textAlign: 'right' }}>
        | ^^^^^^^^^^^^^^^^^^^^^^^^^^^^^^^^^^^^^^^^^^^^^^^^^^^
  > 170 |                         <Typography variant="caption" fontWeight="bold" display="block">Load: {s.load}%</Typography>
        | ^^^^^^^^^^^^^^^^^^^^^^^^^^^^^^^^^^^^^^^^^^^^^^^^^^^
  > 171 |                         <LinearProgress variant="determinate" value={s.load} sx={{ height: 4, borderRadius: 2, mt: 0.5 }} />
        | ^^^^^^^^^^^^^^^^^^^^^^^^^^^^^^^^^^^^^^^^^^^^^^^^^^^
  > 172 |                       </Box>
        | ^^^^^^^^^^^^^^^^^^^^^^^^^^^^^^^^^^^^^^^^^^^^^^^^^^^
  > 173 |                     </ListItem>
        | ^^^^^^^^^^^^^^^^^^^^^^^^^^^^^^^^^^^^^^^^^^^^^^^^^^^
  > 174 |                     {i < services.length - 1 && <Divider />}
        | ^^^^^^^^^^^^^^^^^^^^^^^^^^^^^^^^^^^^^^^^^^^^^^^^^^^
  > 175 |                   </React.Fragment>
        | ^^^^^^^^^^^^^^^^^^^^^^^^^^^^^^^^^^^^^^^^^^^^^^^^^^^
  > 176 |                 ))}
        | ^^^^^^^^^^^^^^^^^^^^^^^^^^^^^^^^^^^^^^^^^^^^^^^^^^^
  > 177 |               </List>
        | ^^^^^^^^^^^^^^^^^^^^^^^^^^^^^^^^^^^^^^^^^^^^^^^^^^^
  > 178 |             </CardContent>
        | ^^^^^^^^^^^^^^^^^^^^^^^^^^^^^^^^^^^^^^^^^^^^^^^^^^^
  > 179 |           </Card>
        | ^^^^^^^^^^^^^^^^^^^^^^^^^^^^^^^^^^^^^^^^^^^^^^^^^^^
  > 180 |         </Grid>
        | ^^^^^^^^^^^^^^^^^^^^^^^^^^^^^^^^^^^^^^^^^^^^^^^^^^^
  > 181 |
        | ^^^^^^^^^^^^^^^^^^^^^^^^^^^^^^^^^^^^^^^^^^^^^^^^^^^
  > 182 |         {/* Incidents & Database */}
        | ^^^^^^^^^^^^^^^^^^^^^^^^^^^^^^^^^^^^^^^^^^^^^^^^^^^
  > 183 |         <Grid size={{ xs: 12, lg: 4 }}>
        | ^^^^^^^^^^^^^^^^^^^^^^^^^^^^^^^^^^^^^^^^^^^^^^^^^^^
  > 184 |           <Stack spacing={3}>
        | ^^^^^^^^^^^^^^^^^^^^^^^^^^^^^^^^^^^^^^^^^^^^^^^^^^^
  > 185 |             <Card sx={{ borderRadius: 4 }}>
        | ^^^^^^^^^^^^^^^^^^^^^^^^^^^^^^^^^^^^^^^^^^^^^^^^^^^
  > 186 |               <CardContent>
        | ^^^^^^^^^^^^^^^^^^^^^^^^^^^^^^^^^^^^^^^^^^^^^^^^^^^
  > 187 |                 <Typography variant="h6" fontWeight="bold" gutterBottom>Recent Incidents</Typography>
        | ^^^^^^^^^^^^^^^^^^^^^^^^^^^^^^^^^^^^^^^^^^^^^^^^^^^
  > 188 |                 <Stack spacing={2} mt={2}>
        | ^^^^^^^^^^^^^^^^^^^^^^^^^^^^^^^^^^^^^^^^^^^^^^^^^^^
  > 189 |                   <Box p={2} bgcolor="#fff1f0" borderRadius={3} border="1px solid #ffccc7">
        | ^^^^^^^^^^^^^^^^^^^^^^^^^^^^^^^^^^^^^^^^^^^^^^^^^^^
  > 190 |                     <Stack direction="row" spacing={1} alignItems="center" mb={1}>
        | ^^^^^^^^^^^^^^^^^^^^^^^^^^^^^^^^^^^^^^^^^^^^^^^^^^^
  > 191 |                       <WarningIcon sx={{ color: '#ff4d4f', fontSize: 20 }} />
        | ^^^^^^^^^^^^^^^^^^^^^^^^^^^^^^^^^^^^^^^^^^^^^^^^^^^
  > 192 |                       <Typography variant="subtitle2" fontWeight="bold" color="#a8071a">Model Latency Spike</Typography>
        | ^^^^^^^^^^^^^^^^^^^^^^^^^^^^^^^^^^^^^^^^^^^^^^^^^^^
  > 193 |                     </Stack>
        | ^^^^^^^^^^^^^^^^^^^^^^^^^^^^^^^^^^^^^^^^^^^^^^^^^^^
  > 194 |                     <Typography variant="caption" color="#cf1322" display="block">
        | ^^^^^^^^^^^^^^^^^^^^^^^^^^^^^^^^^^^^^^^^^^^^^^^^^^^
  > 195 |                       Detected 2.5s latency on ML Inference service. Auto-scaled compute node.
        | ^^^^^^^^^^^^^^^^^^^^^^^^^^^^^^^^^^^^^^^^^^^^^^^^^^^
  > 196 |                     </Typography>
        | ^^^^^^^^^^^^^^^^^^^^^^^^^^^^^^^^^^^^^^^^^^^^^^^^^^^
  > 197 |                     <Typography variant="caption" color="text.secondary">14:22 PM</Typography>
        | ^^^^^^^^^^^^^^^^^^^^^^^^^^^^^^^^^^^^^^^^^^^^^^^^^^^
  > 198 |                   </Box>
        | ^^^^^^^^^^^^^^^^^^^^^^^^^^^^^^^^^^^^^^^^^^^^^^^^^^^
  > 199 |                   <Box p={2} bgcolor="#f6ffed" borderRadius={3} border="1px solid #b7eb8f">
        | ^^^^^^^^^^^^^^^^^^^^^^^^^^^^^^^^^^^^^^^^^^^^^^^^^^^
  > 200 |                     <Stack direction="row" spacing={1} alignItems="center" mb={1}>
        | ^^^^^^^^^^^^^^^^^^^^^^^^^^^^^^^^^^^^^^^^^^^^^^^^^^^
  > 201 |                       <CheckCircleIcon sx={{ color: '#52c41a', fontSize: 20 }} />
        | ^^^^^^^^^^^^^^^^^^^^^^^^^^^^^^^^^^^^^^^^^^^^^^^^^^^
  > 202 |                       <Typography variant="subtitle2" fontWeight="bold" color="#237804">Daily Backup Verified</Typography>
        | ^^^^^^^^^^^^^^^^^^^^^^^^^^^^^^^^^^^^^^^^^^^^^^^^^^^
  > 203 |                     </Stack>
        | ^^^^^^^^^^^^^^^^^^^^^^^^^^^^^^^^^^^^^^^^^^^^^^^^^^^
  > 204 |                     <Typography variant="caption" color="#389e0d" display="block">
        | ^^^^^^^^^^^^^^^^^^^^^^^^^^^^^^^^^^^^^^^^^^^^^^^^^^^
  > 205 |                       Encrypted backup stored in S3 Singapore region.
        | ^^^^^^^^^^^^^^^^^^^^^^^^^^^^^^^^^^^^^^^^^^^^^^^^^^^
  > 206 |                     </Typography>
        | ^^^^^^^^^^^^^^^^^^^^^^^^^^^^^^^^^^^^^^^^^^^^^^^^^^^
  > 207 |                     <Typography variant="caption" color="text.secondary">02:00 AM</Typography>
        | ^^^^^^^^^^^^^^^^^^^^^^^^^^^^^^^^^^^^^^^^^^^^^^^^^^^
  > 208 |                   </Box>
        | ^^^^^^^^^^^^^^^^^^^^^^^^^^^^^^^^^^^^^^^^^^^^^^^^^^^
  > 209 |                 </Stack>
        | ^^^^^^^^^^^^^^^^^^^^^^^^^^^^^^^^^^^^^^^^^^^^^^^^^^^
  > 210 |               </CardContent>
        | ^^^^^^^^^^^^^^^^^^^^^^^^^^^^^^^^^^^^^^^^^^^^^^^^^^^
  > 211 |             </Card>
        | ^^^^^^^^^^^^^^^^^^^^^^^^^^^^^^^^^^^^^^^^^^^^^^^^^^^
  > 212 |
        | ^^^^^^^^^^^^^^^^^^^^^^^^^^^^^^^^^^^^^^^^^^^^^^^^^^^
  > 213 |             <Card sx={{ borderRadius: 4 }}>
        | ^^^^^^^^^^^^^^^^^^^^^^^^^^^^^^^^^^^^^^^^^^^^^^^^^^^
  > 214 |               <CardContent>
        | ^^^^^^^^^^^^^^^^^^^^^^^^^^^^^^^^^^^^^^^^^^^^^^^^^^^
  > 215 |                  <Typography variant="h6" fontWeight="bold" gutterBottom>Data API Health</Typography>
        | ^^^^^^^^^^^^^^^^^^^^^^^^^^^^^^^^^^^^^^^^^^^^^^^^^^^
  > 216 |                  <Stack spacing={2} mt={2}>
        | ^^^^^^^^^^^^^^^^^^^^^^^^^^^^^^^^^^^^^^^^^^^^^^^^^^^
  > 217 |                    <Box>
        | ^^^^^^^^^^^^^^^^^^^^^^^^^^^^^^^^^^^^^^^^^^^^^^^^^^^
  > 218 |                      <Typography variant="caption" color="text.secondary">Query Cache Hit Rate</Typography>
        | ^^^^^^^^^^^^^^^^^^^^^^^^^^^^^^^^^^^^^^^^^^^^^^^^^^^
  > 219 |                      <Typography variant="h5" fontWeight="bold">92%</Typography>
        | ^^^^^^^^^^^^^^^^^^^^^^^^^^^^^^^^^^^^^^^^^^^^^^^^^^^
  > 220 |                    </Box>
        | ^^^^^^^^^^^^^^^^^^^^^^^^^^^^^^^^^^^^^^^^^^^^^^^^^^^
  > 221 |                    <Divider />
        | ^^^^^^^^^^^^^^^^^^^^^^^^^^^^^^^^^^^^^^^^^^^^^^^^^^^
  > 222 |                    <Box>
        | ^^^^^^^^^^^^^^^^^^^^^^^^^^^^^^^^^^^^^^^^^^^^^^^^^^^
  > 223 |                      <Typography variant="caption" color="text.secondary">Active Connections</Typography>
        | ^^^^^^^^^^^^^^^^^^^^^^^^^^^^^^^^^^^^^^^^^^^^^^^^^^^
  > 224 |                      <Typography variant="h5" fontWeight="bold">12 / 100</Typography>
        | ^^^^^^^^^^^^^^^^^^^^^^^^^^^^^^^^^^^^^^^^^^^^^^^^^^^
  > 225 |                    </Box>
        | ^^^^^^^^^^^^^^^^^^^^^^^^^^^^^^^^^^^^^^^^^^^^^^^^^^^
  > 226 |                  </Stack>
        | ^^^^^^^^^^^^^^^^^^^^^^^^^^^^^^^^^^^^^^^^^^^^^^^^^^^
  > 227 |               </CardContent>
        | ^^^^^^^^^^^^^^^^^^^^^^^^^^^^^^^^^^^^^^^^^^^^^^^^^^^
  > 228 |             </Card>
        | ^^^^^^^^^^^^^^^^^^^^^^^^^^^^^^^^^^^^^^^^^^^^^^^^^^^
  > 229 |           </Stack>
        | ^^^^^^^^^^^^^^^^^^^^^^^^^^^^^^^^^^^^^^^^^^^^^^^^^^^
  > 230 |         </Grid>
        | ^^^^^^^^^^^^^^^^^^^^^^^^^^^^^^^^^^^^^^^^^^^^^^^^^^^
  > 231 |       </Grid>
        | ^^^^^^^^^^^^^^^^^^^^^^^^^^^^^^^^^^^^^^^^^^^^^^^^^^^
  > 232 |     </Box>
        | ^^^^^^^^^^^^^^^^^^^^^^^^^^^^^^^^^^^^^^^^^^^^^^^^^^^
  > 233 |   );
        | ^^^^^^^^^^^^^^^^^^^^^^^^^^^^^^^^^^^^^^^^^^^^^^^^^^^
  > 234 | };
        | ^^^^^^^^^^^^^^^^^^^^^^^^^^^^^^^^^^^^^^^^^^^^^^^^^^^
  > 235 |
        | ^^^^^^^^^^^^^^^^^^^^^^^^^^^^^^^^^^^^^^^^^^^^^^^^^^^
  > 236 | export default Monitoring;
        | ^^^^^^^^^^^^^^^^^^^^^^^^^^^^^^^^^^^^^^^^^^^^^^^^^^^
  > 237 |
        | ^

ERROR in src/pages/Reports.tsx
TS1127: Invalid character.

ERROR in src/pages/Reports.tsx
TS1160: Unterminated template literal.

ERROR in src/pages/Users.tsx:168:13
TS2769: No overload matches this call.
  Overload 1 of 2, '(props: { component: ElementType<any, keyof IntrinsicElements>; } & GridBaseProps & { sx?: SxProps<Theme> | undefined; } & SystemProps<...> & Omit<...>): Element | null', gave the following error.
    Property 'component' is missing in type '{ children: Element; item: true; xs: number; }' but required in type '{ component: ElementType<any, keyof IntrinsicElements>; }'.
  Overload 2 of 2, '(props: DefaultComponentProps<GridTypeMap<{}, "div">>): Element | null', gave the following error.
    Type '{ children: Element; item: true; xs: number; }' is not assignable to type 'IntrinsicAttributes & GridBaseProps & { sx?: SxProps<Theme> | undefined; } & SystemProps<Theme> & Omit<...>'.
      Property 'item' does not exist on type 'IntrinsicAttributes & GridBaseProps & { sx?: SxProps<Theme> | undefined; } & SystemProps<Theme> & Omit<...>'.
    166 |           {error && <Alert severity="error" sx={{ mb: 2 }}>{error}</Alert>}
    167 |           <Grid container spacing={2} sx={{ mt: 1 }}>
  > 168 |             <Grid item xs={12}>
        |             ^^^^^^^^^^^^^^^^^^^
    169 |               <TextField
    170 |                 fullWidth
    171 |                 label="Nama Lengkap"

ERROR in src/pages/Users.tsx:176:13
TS2769: No overload matches this call.
  Overload 1 of 2, '(props: { component: ElementType<any, keyof IntrinsicElements>; } & GridBaseProps & { sx?: SxProps<Theme> | undefined; } & SystemProps<...> & Omit<...>): Element | null', gave the following error.
    Property 'component' is missing in type '{ children: Element; item: true; xs: number; }' but required in type '{ component: ElementType<any, keyof IntrinsicElements>; }'.
  Overload 2 of 2, '(props: DefaultComponentProps<GridTypeMap<{}, "div">>): Element | null', gave the following error.
    Type '{ children: Element; item: true; xs: number; }' is not assignable to type 'IntrinsicAttributes & GridBaseProps & { sx?: SxProps<Theme> | undefined; } & SystemProps<Theme> & Omit<...>'.
      Property 'item' does not exist on type 'IntrinsicAttributes & GridBaseProps & { sx?: SxProps<Theme> | undefined; } & SystemProps<Theme> & Omit<...>'.
    174 |               />
    175 |             </Grid>
  > 176 |             <Grid item xs={12}>
        |             ^^^^^^^^^^^^^^^^^^^
    177 |               <TextField
    178 |                 fullWidth
    179 |                 label="Email"

ERROR in src/pages/Users.tsx:185:13
TS2769: No overload matches this call.
  Overload 1 of 2, '(props: { component: ElementType<any, keyof IntrinsicElements>; } & GridBaseProps & { sx?: SxProps<Theme> | undefined; } & SystemProps<...> & Omit<...>): Element | null', gave the following error.
    Property 'component' is missing in type '{ children: Element; item: true; xs: number; }' but required in type '{ component: ElementType<any, keyof IntrinsicElements>; }'.
  Overload 2 of 2, '(props: DefaultComponentProps<GridTypeMap<{}, "div">>): Element | null', gave the following error.
    Type '{ children: Element; item: true; xs: number; }' is not assignable to type 'IntrinsicAttributes & GridBaseProps & { sx?: SxProps<Theme> | undefined; } & SystemProps<Theme> & Omit<...>'.
      Property 'item' does not exist on type 'IntrinsicAttributes & GridBaseProps & { sx?: SxProps<Theme> | undefined; } & SystemProps<Theme> & Omit<...>'.
    183 |               />
    184 |             </Grid>
  > 185 |             <Grid item xs={12}>
        |             ^^^^^^^^^^^^^^^^^^^
    186 |               <TextField
    187 |                 fullWidth
    188 |                 label="Password"

ERROR in src/pages/Users.tsx:194:13
TS2769: No overload matches this call.
  Overload 1 of 2, '(props: { component: ElementType<any, keyof IntrinsicElements>; } & GridBaseProps & { sx?: SxProps<Theme> | undefined; } & SystemProps<...> & Omit<...>): Element | null', gave the following error.
    Property 'component' is missing in type '{ children: Element; item: true; xs: number; }' but required in type '{ component: ElementType<any, keyof IntrinsicElements>; }'.
  Overload 2 of 2, '(props: DefaultComponentProps<GridTypeMap<{}, "div">>): Element | null', gave the following error.
    Type '{ children: Element; item: true; xs: number; }' is not assignable to type 'IntrinsicAttributes & GridBaseProps & { sx?: SxProps<Theme> | undefined; } & SystemProps<Theme> & Omit<...>'.
      Property 'item' does not exist on type 'IntrinsicAttributes & GridBaseProps & { sx?: SxProps<Theme> | undefined; } & SystemProps<Theme> & Omit<...>'.
    192 |               />
    193 |             </Grid>
  > 194 |             <Grid item xs={12}>
        |             ^^^^^^^^^^^^^^^^^^^
    195 |               <TextField
    196 |                 fullWidth
    197 |                 select

Compiling...
Compiled with warnings.

[eslint]
src/components/layout/Sidebar.tsx
  Line 11:15:  'BarChartIcon' is defined but never used  @typescript-eslint/no-unused-vars

src/pages/ActivityLogs.tsx
  Line 6:24:  'AssignmentIcon' is defined but never used  @typescript-eslint/no-unused-vars

src/pages/Dashboard.tsx
  Line 4:26:   'Paper' is defined but never used                  @typescript-eslint/no-unused-vars
  Line 11:24:  'FiberManualRecordIcon' is defined but never used  @typescript-eslint/no-unused-vars
  Line 12:15:  'TimelineIcon' is defined but never used           @typescript-eslint/no-unused-vars
  Line 13:12:  'SpeedIcon' is defined but never used              @typescript-eslint/no-unused-vars
  Line 14:14:  'HistoryIcon' is defined but never used            @typescript-eslint/no-unused-vars

src/pages/MRIAnalysis.tsx
  Line 4:28:   'Chip' is defined but never used      @typescript-eslint/no-unused-vars
  Line 11:11:  'InfoIcon' is defined but never used  @typescript-eslint/no-unused-vars

src/pages/Permissions.tsx
  Line 2:22:  'Paper' is defined but never used  @typescript-eslint/no-unused-vars

src/pages/Users.tsx
  Line 22:3:  'Card' is defined but never used  @typescript-eslint/no-unused-vars

Search for the keywords to learn more about each warning.
To ignore, add // eslint-disable-next-line to the line before.

WARNING in [eslint]
src/components/layout/Sidebar.tsx
  Line 11:15:  'BarChartIcon' is defined but never used  @typescript-eslint/no-unused-vars

src/pages/ActivityLogs.tsx
  Line 6:24:  'AssignmentIcon' is defined but never used  @typescript-eslint/no-unused-vars

src/pages/Dashboard.tsx
  Line 4:26:   'Paper' is defined but never used                  @typescript-eslint/no-unused-vars
  Line 11:24:  'FiberManualRecordIcon' is defined but never used  @typescript-eslint/no-unused-vars
  Line 12:15:  'TimelineIcon' is defined but never used           @typescript-eslint/no-unused-vars
  Line 13:12:  'SpeedIcon' is defined but never used              @typescript-eslint/no-unused-vars
  Line 14:14:  'HistoryIcon' is defined but never used            @typescript-eslint/no-unused-vars

src/pages/MRIAnalysis.tsx
  Line 4:28:   'Chip' is defined but never used      @typescript-eslint/no-unused-vars
  Line 11:11:  'InfoIcon' is defined but never used  @typescript-eslint/no-unused-vars

src/pages/Permissions.tsx
  Line 2:22:  'Paper' is defined but never used  @typescript-eslint/no-unused-vars

src/pages/Users.tsx
  Line 22:3:  'Card' is defined but never used  @typescript-eslint/no-unused-vars

webpack compiled with 1 warning
ERROR in src/pages/Reports.tsx
TS1127: Invalid character.

ERROR in src/pages/Reports.tsx
TS1160: Unterminated template literal.

ERROR in src/pages/Users.tsx:168:13
TS2769: No overload matches this call.
  Overload 1 of 2, '(props: { component: ElementType<any, keyof IntrinsicElements>; } & GridBaseProps & { sx?: SxProps<Theme> | undefined; } & SystemProps<...> & Omit<...>): Element | null', gave the following error.
    Property 'component' is missing in type '{ children: Element; item: true; xs: number; }' but required in type '{ component: ElementType<any, keyof IntrinsicElements>; }'.
  Overload 2 of 2, '(props: DefaultComponentProps<GridTypeMap<{}, "div">>): Element | null', gave the following error.
    Type '{ children: Element; item: true; xs: number; }' is not assignable to type 'IntrinsicAttributes & GridBaseProps & { sx?: SxProps<Theme> | undefined; } & SystemProps<Theme> & Omit<...>'.
      Property 'item' does not exist on type 'IntrinsicAttributes & GridBaseProps & { sx?: SxProps<Theme> | undefined; } & SystemProps<Theme> & Omit<...>'.
    166 |           {error && <Alert severity="error" sx={{ mb: 2 }}>{error}</Alert>}
    167 |           <Grid container spacing={2} sx={{ mt: 1 }}>
  > 168 |             <Grid item xs={12}>
        |             ^^^^^^^^^^^^^^^^^^^
    169 |               <TextField
    170 |                 fullWidth
    171 |                 label="Nama Lengkap"

ERROR in src/pages/Users.tsx:176:13
TS2769: No overload matches this call.
  Overload 1 of 2, '(props: { component: ElementType<any, keyof IntrinsicElements>; } & GridBaseProps & { sx?: SxProps<Theme> | undefined; } & SystemProps<...> & Omit<...>): Element | null', gave the following error.
    Property 'component' is missing in type '{ children: Element; item: true; xs: number; }' but required in type '{ component: ElementType<any, keyof IntrinsicElements>; }'.
  Overload 2 of 2, '(props: DefaultComponentProps<GridTypeMap<{}, "div">>): Element | null', gave the following error.
    Type '{ children: Element; item: true; xs: number; }' is not assignable to type 'IntrinsicAttributes & GridBaseProps & { sx?: SxProps<Theme> | undefined; } & SystemProps<Theme> & Omit<...>'.
      Property 'item' does not exist on type 'IntrinsicAttributes & GridBaseProps & { sx?: SxProps<Theme> | undefined; } & SystemProps<Theme> & Omit<...>'.
    174 |               />
    175 |             </Grid>
  > 176 |             <Grid item xs={12}>
        |             ^^^^^^^^^^^^^^^^^^^
    177 |               <TextField
    178 |                 fullWidth
    179 |                 label="Email"

ERROR in src/pages/Users.tsx:185:13
TS2769: No overload matches this call.
  Overload 1 of 2, '(props: { component: ElementType<any, keyof IntrinsicElements>; } & GridBaseProps & { sx?: SxProps<Theme> | undefined; } & SystemProps<...> & Omit<...>): Element | null', gave the following error.
    Property 'component' is missing in type '{ children: Element; item: true; xs: number; }' but required in type '{ component: ElementType<any, keyof IntrinsicElements>; }'.
  Overload 2 of 2, '(props: DefaultComponentProps<GridTypeMap<{}, "div">>): Element | null', gave the following error.
    Type '{ children: Element; item: true; xs: number; }' is not assignable to type 'IntrinsicAttributes & GridBaseProps & { sx?: SxProps<Theme> | undefined; } & SystemProps<Theme> & Omit<...>'.
      Property 'item' does not exist on type 'IntrinsicAttributes & GridBaseProps & { sx?: SxProps<Theme> | undefined; } & SystemProps<Theme> & Omit<...>'.
    183 |               />
    184 |             </Grid>
  > 185 |             <Grid item xs={12}>
        |             ^^^^^^^^^^^^^^^^^^^
    186 |               <TextField
    187 |                 fullWidth
    188 |                 label="Password"

ERROR in src/pages/Users.tsx:194:13
TS2769: No overload matches this call.
  Overload 1 of 2, '(props: { component: ElementType<any, keyof IntrinsicElements>; } & GridBaseProps & { sx?: SxProps<Theme> | undefined; } & SystemProps<...> & Omit<...>): Element | null', gave the following error.
    Property 'component' is missing in type '{ children: Element; item: true; xs: number; }' but required in type '{ component: ElementType<any, keyof IntrinsicElements>; }'.
  Overload 2 of 2, '(props: DefaultComponentProps<GridTypeMap<{}, "div">>): Element | null', gave the following error.
    Type '{ children: Element; item: true; xs: number; }' is not assignable to type 'IntrinsicAttributes & GridBaseProps & { sx?: SxProps<Theme> | undefined; } & SystemProps<Theme> & Omit<...>'.
      Property 'item' does not exist on type 'IntrinsicAttributes & GridBaseProps & { sx?: SxProps<Theme> | undefined; } & SystemProps<Theme> & Omit<...>'.
    192 |               />
    193 |             </Grid>
  > 194 |             <Grid item xs={12}>
        |             ^^^^^^^^^^^^^^^^^^^
    195 |               <TextField
    196 |                 fullWidth
    197 |                 select

Compiling...
Compiled with warnings.

[eslint]
src/components/layout/Sidebar.tsx
  Line 11:15:  'BarChartIcon' is defined but never used  @typescript-eslint/no-unused-vars

src/pages/ActivityLogs.tsx
  Line 6:24:  'AssignmentIcon' is defined but never used  @typescript-eslint/no-unused-vars

src/pages/Dashboard.tsx
  Line 4:26:   'Paper' is defined but never used                  @typescript-eslint/no-unused-vars
  Line 11:24:  'FiberManualRecordIcon' is defined but never used  @typescript-eslint/no-unused-vars
  Line 12:15:  'TimelineIcon' is defined but never used           @typescript-eslint/no-unused-vars
  Line 13:12:  'SpeedIcon' is defined but never used              @typescript-eslint/no-unused-vars
  Line 14:14:  'HistoryIcon' is defined but never used            @typescript-eslint/no-unused-vars

src/pages/MRIAnalysis.tsx
  Line 4:28:   'Chip' is defined but never used      @typescript-eslint/no-unused-vars
  Line 11:11:  'InfoIcon' is defined but never used  @typescript-eslint/no-unused-vars

src/pages/Permissions.tsx
  Line 2:22:  'Paper' is defined but never used  @typescript-eslint/no-unused-vars

src/pages/Users.tsx
  Line 22:3:  'Card' is defined but never used  @typescript-eslint/no-unused-vars

Search for the keywords to learn more about each warning.
To ignore, add // eslint-disable-next-line to the line before.

WARNING in [eslint]
src/components/layout/Sidebar.tsx
  Line 11:15:  'BarChartIcon' is defined but never used  @typescript-eslint/no-unused-vars

src/pages/ActivityLogs.tsx
  Line 6:24:  'AssignmentIcon' is defined but never used  @typescript-eslint/no-unused-vars

src/pages/Dashboard.tsx
  Line 4:26:   'Paper' is defined but never used                  @typescript-eslint/no-unused-vars
  Line 11:24:  'FiberManualRecordIcon' is defined but never used  @typescript-eslint/no-unused-vars
  Line 12:15:  'TimelineIcon' is defined but never used           @typescript-eslint/no-unused-vars
  Line 13:12:  'SpeedIcon' is defined but never used              @typescript-eslint/no-unused-vars
  Line 14:14:  'HistoryIcon' is defined but never used            @typescript-eslint/no-unused-vars

src/pages/MRIAnalysis.tsx
  Line 4:28:   'Chip' is defined but never used      @typescript-eslint/no-unused-vars
  Line 11:11:  'InfoIcon' is defined but never used  @typescript-eslint/no-unused-vars

src/pages/Permissions.tsx
  Line 2:22:  'Paper' is defined but never used  @typescript-eslint/no-unused-vars

src/pages/Users.tsx
  Line 22:3:  'Card' is defined but never used  @typescript-eslint/no-unused-vars

webpack compiled with 1 warning
ERROR in src/pages/Users.tsx:168:13
TS2769: No overload matches this call.
  Overload 1 of 2, '(props: { component: ElementType<any, keyof IntrinsicElements>; } & GridBaseProps & { sx?: SxProps<Theme> | undefined; } & SystemProps<...> & Omit<...>): Element | null', gave the following error.
    Property 'component' is missing in type '{ children: Element; item: true; xs: number; }' but required in type '{ component: ElementType<any, keyof IntrinsicElements>; }'.
  Overload 2 of 2, '(props: DefaultComponentProps<GridTypeMap<{}, "div">>): Element | null', gave the following error.
    Type '{ children: Element; item: true; xs: number; }' is not assignable to type 'IntrinsicAttributes & GridBaseProps & { sx?: SxProps<Theme> | undefined; } & SystemProps<Theme> & Omit<...>'.
      Property 'item' does not exist on type 'IntrinsicAttributes & GridBaseProps & { sx?: SxProps<Theme> | undefined; } & SystemProps<Theme> & Omit<...>'.
    166 |           {error && <Alert severity="error" sx={{ mb: 2 }}>{error}</Alert>}
    167 |           <Grid container spacing={2} sx={{ mt: 1 }}>
  > 168 |             <Grid item xs={12}>
        |             ^^^^^^^^^^^^^^^^^^^
    169 |               <TextField
    170 |                 fullWidth
    171 |                 label="Nama Lengkap"

ERROR in src/pages/Users.tsx:176:13
TS2769: No overload matches this call.
  Overload 1 of 2, '(props: { component: ElementType<any, keyof IntrinsicElements>; } & GridBaseProps & { sx?: SxProps<Theme> | undefined; } & SystemProps<...> & Omit<...>): Element | null', gave the following error.
    Property 'component' is missing in type '{ children: Element; item: true; xs: number; }' but required in type '{ component: ElementType<any, keyof IntrinsicElements>; }'.
  Overload 2 of 2, '(props: DefaultComponentProps<GridTypeMap<{}, "div">>): Element | null', gave the following error.
    Type '{ children: Element; item: true; xs: number; }' is not assignable to type 'IntrinsicAttributes & GridBaseProps & { sx?: SxProps<Theme> | undefined; } & SystemProps<Theme> & Omit<...>'.
      Property 'item' does not exist on type 'IntrinsicAttributes & GridBaseProps & { sx?: SxProps<Theme> | undefined; } & SystemProps<Theme> & Omit<...>'.
    174 |               />
    175 |             </Grid>
  > 176 |             <Grid item xs={12}>
        |             ^^^^^^^^^^^^^^^^^^^
    177 |               <TextField
    178 |                 fullWidth
    179 |                 label="Email"

ERROR in src/pages/Users.tsx:185:13
TS2769: No overload matches this call.
  Overload 1 of 2, '(props: { component: ElementType<any, keyof IntrinsicElements>; } & GridBaseProps & { sx?: SxProps<Theme> | undefined; } & SystemProps<...> & Omit<...>): Element | null', gave the following error.
    Property 'component' is missing in type '{ children: Element; item: true; xs: number; }' but required in type '{ component: ElementType<any, keyof IntrinsicElements>; }'.
  Overload 2 of 2, '(props: DefaultComponentProps<GridTypeMap<{}, "div">>): Element | null', gave the following error.
    Type '{ children: Element; item: true; xs: number; }' is not assignable to type 'IntrinsicAttributes & GridBaseProps & { sx?: SxProps<Theme> | undefined; } & SystemProps<Theme> & Omit<...>'.
      Property 'item' does not exist on type 'IntrinsicAttributes & GridBaseProps & { sx?: SxProps<Theme> | undefined; } & SystemProps<Theme> & Omit<...>'.
    183 |               />
    184 |             </Grid>
  > 185 |             <Grid item xs={12}>
        |             ^^^^^^^^^^^^^^^^^^^
    186 |               <TextField
    187 |                 fullWidth
    188 |                 label="Password"

ERROR in src/pages/Users.tsx:194:13
TS2769: No overload matches this call.
  Overload 1 of 2, '(props: { component: ElementType<any, keyof IntrinsicElements>; } & GridBaseProps & { sx?: SxProps<Theme> | undefined; } & SystemProps<...> & Omit<...>): Element | null', gave the following error.
    Property 'component' is missing in type '{ children: Element; item: true; xs: number; }' but required in type '{ component: ElementType<any, keyof IntrinsicElements>; }'.
  Overload 2 of 2, '(props: DefaultComponentProps<GridTypeMap<{}, "div">>): Element | null', gave the following error.
    Type '{ children: Element; item: true; xs: number; }' is not assignable to type 'IntrinsicAttributes & GridBaseProps & { sx?: SxProps<Theme> | undefined; } & SystemProps<Theme> & Omit<...>'.
      Property 'item' does not exist on type 'IntrinsicAttributes & GridBaseProps & { sx?: SxProps<Theme> | undefined; } & SystemProps<Theme> & Omit<...>'.
    192 |               />
    193 |             </Grid>
  > 194 |             <Grid item xs={12}>
        |             ^^^^^^^^^^^^^^^^^^^
    195 |               <TextField
    196 |                 fullWidth
    197 |                 select

Compiling...
Compiled with warnings.

[eslint]
src/components/layout/Sidebar.tsx
  Line 11:15:  'BarChartIcon' is defined but never used  @typescript-eslint/no-unused-vars

src/pages/ActivityLogs.tsx
  Line 6:24:  'AssignmentIcon' is defined but never used  @typescript-eslint/no-unused-vars

src/pages/Dashboard.tsx
  Line 4:26:   'Paper' is defined but never used                  @typescript-eslint/no-unused-vars
  Line 11:24:  'FiberManualRecordIcon' is defined but never used  @typescript-eslint/no-unused-vars
  Line 12:15:  'TimelineIcon' is defined but never used           @typescript-eslint/no-unused-vars
  Line 13:12:  'SpeedIcon' is defined but never used              @typescript-eslint/no-unused-vars
  Line 14:14:  'HistoryIcon' is defined but never used            @typescript-eslint/no-unused-vars

src/pages/MRIAnalysis.tsx
  Line 4:28:   'Chip' is defined but never used      @typescript-eslint/no-unused-vars
  Line 11:11:  'InfoIcon' is defined but never used  @typescript-eslint/no-unused-vars

src/pages/Permissions.tsx
  Line 2:22:  'Paper' is defined but never used  @typescript-eslint/no-unused-vars

Search for the keywords to learn more about each warning.
To ignore, add // eslint-disable-next-line to the line before.

WARNING in [eslint]
src/components/layout/Sidebar.tsx
  Line 11:15:  'BarChartIcon' is defined but never used  @typescript-eslint/no-unused-vars

src/pages/ActivityLogs.tsx
  Line 6:24:  'AssignmentIcon' is defined but never used  @typescript-eslint/no-unused-vars

src/pages/Dashboard.tsx
  Line 4:26:   'Paper' is defined but never used                  @typescript-eslint/no-unused-vars
  Line 11:24:  'FiberManualRecordIcon' is defined but never used  @typescript-eslint/no-unused-vars
  Line 12:15:  'TimelineIcon' is defined but never used           @typescript-eslint/no-unused-vars
  Line 13:12:  'SpeedIcon' is defined but never used              @typescript-eslint/no-unused-vars
  Line 14:14:  'HistoryIcon' is defined but never used            @typescript-eslint/no-unused-vars

src/pages/MRIAnalysis.tsx
  Line 4:28:   'Chip' is defined but never used      @typescript-eslint/no-unused-vars
  Line 11:11:  'InfoIcon' is defined but never used  @typescript-eslint/no-unused-vars

src/pages/Permissions.tsx
  Line 2:22:  'Paper' is defined but never used  @typescript-eslint/no-unused-vars

webpack compiled with 1 warning
No issues found.
